01d32d633c65e3e471789b5e59506175e3f87d1e6aeb46652625ca662620c6dc 1
b42d115a4342a47ec1bd30479096df3b21eaf6dd5ee994b0f7645e9855692c3f 0
0b52da094079a9a798b4bbb7c4bb872726265d852dfc75279581685f5dbf6a19 1
787c4a5bf7046c1f890856b3aa93c689609e682b11106ab2cd497902b4e9545a 1
11719774ef1eb8a4c35c60e0c8503d872591a3de5baf1c1d266053de11c8f3f6 0
08d0de94f6e53afad1f088539577280c0b8b316c51d5816ec7e98539d7d9b4ef 0
587a58327354d5f0a8a7633707f01c76a531137df7c9bf475135c3a41fa4e7af 0
df0f0812b0fd0ad11f9e4d996524011df35678d6acc08de6950b58ba5f5d9d6f 0
51ae29318193f8870e0628599cf2c164ed62838f912189a79fa80c722bee9456 0
88ce8b9da89fadadbf2b352a398bf656bdf9f501b3e2a9e52b278fc57bec5a50 1
c075abb971fa449c1cfc6ba3011d2e26b0d5f53e5beae17943a10cd938018af0 0
398aa56f60726213edfa54ca737d4155faf650eecb2b83761875653b07b7c389 0
3b53c58bd76ed5f1907ad7fdf1482b067df38a0f49c7dc1d6a3aa4a05e5e6913 0
780f72776a3651494173d5a1639b0b24c04903ea33ec85261c56f55cae69d4a2 1
3891b29bde99ab17a4fed7d0a41ea73c8afa3d5357abf7212f1692bb3c05daea 0
2fcd388d53e24b2e3b3dab303f3d05bbbea0e3a53d7fb87e1240e0a1bd8ac867 0
87ef68c2d901a5e66b130b095a37053ead101d75ab0448390043b0430ca5413a 1
be2640de1b9b3f966936dfc13cc0925e3a7d7c2aa44cf7031ea7bc7849714bfe 0
fa84fd93c7e9599e23f409b57c756cee307080e5b640af87a830476f9e395b58 0
3fc5dbdd9e970a9226a00bbd234a9406d493da312130f2adffa376d81bbee69a 1
90924696715c4d52874bc6e9ae0723445c5335b76c9487b73753ddd7735712b2 0
14e6e2c6808021ab6f74bf842024283f2c6375a9f68855eeec9916446a9f6042 1
1d31e2b665ab5dfd7156c19639614270ca39c7182528eb6ec1dbd2df1bbe8884 0
0f5a1523ccae0f9ed87268cf12ac0c00bfdacdb347a8a1565befcdab3fd56c9a 0
e57fe91164eb9d0866306fb18a6b6da1958f70bc2ad04e87f5708438e7cb33c5 1
bb24613e0d03472ab6c5632edf063a444bfdb7df7626d8814a9ba40ae17cd4a8 0
8893fe0aad524fa94de790845727bf3cf8c30b323f01bc321ee1707bc3134652 0
385f740f0b94f5741c0efc3b217e487bc80a2ea86b2845152af809e026f46023 1
25ab9c400a281ba57a1ab6ca8cc9234066afb294adf155f31fa87f63442252bf 0
03877ea2cfd3cc324fc84c847173dababc1abd86fb0a65b2c7d4308004e92697 0
cb0f5de05b93dbc2de3ab49cddb8355b1c896bbe48621e751f3cecc015df2bf5 1
551a392c47945dee7132373a161bf75974f87c37cccaf74a465f68c6c2a7b1f0 1
17d28ac492b155f4fbb78f25793a44130142ae66e19e30bde6c9b27d4a112ede 0
dced245032ce676ee4b6e7d33438bdf658edbf83579054200cb4c8b666e12ad9 0
0893ac8a5f171520d53be424f855f3aaa28f5fd11a3e683ecaba3502f8218e20 0
c4653a948711fa339aec396b1f6f71c41ccaad823dbd7c93e5bfd4ec26c44cff 0
73093ad5ecccd67787f106051acf51532a3f8b6083e5fd330a76521696c8fb63 1
07fa811b5beb62997a5f57ed4d2a8fefd8b8b0987053a55931eada405a1562f3 0
da8b1df8d6a8182c91dc1adb80c9ebbcfe91d36f73a43c7e382c58618dfe083e 0
15b61ddaae0a0a1754651f486b1fc719f01a09e365086918a659e30e88e10852 0
ed6ca768827d3fe89315f145f3eca50f6144a15e05c981f30b3b96a91073adb7 0
018d8cebe3b67b524ef5a3ef679141a65caa7747b9ad6f616210cde21afd5d9b 1
f119ce79acd9f2b44d1e353949668f0c165027402000d3af1b38862e9467782e 0
eec5433b693c9919f10118d2b1402e4766b55f66a27604569ece1c4f5be6bd42 1
8988d7938347f610278c15e7173d79c8bcdd77e7103ad7d79b2b2a30c1f8a4d4 0
ad931d116705576289365f7459e32e94c34cdb276600e22e9883c4a87f30d0da 0
a966ac3b2a131e796730dd49d85f82465380ce428ff35aae225e7eea28f0de2a 0
548d6c434c15d8a8804567afb0bed036fd23a5ec55f30e12c91ccd7ab75ec3a0 1
52acd7ae183b5c15c43cca837cc2dd923d334df3ca142a336653cc9818c042b2 0
d692a3c73e1544fe2689980c7306deb90d04a385554d566098b19523fe912299 0
67f71201bb4a53bd5839edf810cbb03e0c4daf708b4dfd4aea7ad293b4f2fce8 1
7bbb896e18856a68ea6b5803b5ae8405e52391407c485bf8ff55019fead46ecb 0
a1419c19062c651fc5a0f7d6fd3d7a5c34851b0e67c877092770b4fc008246ab 0
0304ca694ede791a90fe5c607dc8d187ae784cf51343e8eb0287ba325f82c4a7 1
051ac6afe5c55df644e2928b7f1e1d914e1ef1ff2c0b22a4caec05343b3a5f6d 0
cc35381b52c239285a0017cad446764f14d0429e44779d0b40316a97345e4626 0
d373f0da42bd9d1998b8ff8a04576a243a4790f8f747a28b42400931977eccbe 1
c19afc708cf0251bce679340aa0609b86ffac2209579242c3d9b312efe4e4068 0
5b3bbe68843af1ed6573a807079a7849747d9a09bdc8b29becacd4fe7139b2ec 0
4382393854c32328932f5866fe151f65fd0ec1744ffcd2eb2f1c717472d9bc82 1
62a26641d193c2f07441d91f6c73e62b300ae2aa456040a93b887959bdb01cce 0
f953b7fde308af9b39252cc3d8e4f378ba05ed620128a0d6799663ac5393c6bc 1
b636fbba1121819dfbfb2beb88dd875fb14c3ae1b89d4d70a2fa40c4d66f033d 0
6a91e6d9d893ce2bc29809ceca7b1acc1b890838ddd26f6f67f4d34b01537ac7 1
39821e5263af7c60172fbf4c206194c230f15d85b87cf88d19ec0e77e129ffc6 0
b7a2f6979d173b643dfd177eda5bff8d9f1f4433bc6708d1f6b0fa5afe5ed35e 0
ff3beaf4c8494e22dd78612f2bf08a2d2a69831a5679369c4d1f0a1f092d59e6 0
091eec1fd49f79126e453bb5a1409a08d239ed4237b89b3f865c9678a2163aa4 0
2e9f9233b3b9f9837fd79e05b22f9ba2251f000079d01bc9d2041120273af871 1
e2e98df083085dfa4833ed34c3a6f30e6180b9414fd47c766a80c72ea6433b53 0
c773ba217c5d0fa12a0c774a88535416e77de00cc553d3610c7939bd112320b9 0
e4840c2ef1fb0264850c1b848ec1b87407eee26f495d68e70996ca9845c266b2 0
e1cbc4308f771c34e285c27aecdd85cb406baee2e9b28d3510242ca08b1faf9b 1
37b2b523cc83a4548957aeb6e2a55a80928b4517a60bf5accf45e9b8de330c23 0
683106cc2469a11555c83fecee5083fd0e633394388f09cd42e0c10693109a87 0
9fb9c263d779bb0133d12b69f0cf6a9b072bc34ffc909306eb5b6cfeee022a24 1
915190db717451215cde0e34766708561429b7f4d48e6c1a5717bff854d93cae 1
486648c78d97f57c35dcf23a306dd038d77991c6b1b55ce503d4f9d757393c80 0
26423ad64f7a25a5b83b345e52467d841e6e9eb8af40137ca9d2a3a28db19717 0
0464b34b765fd446e890988f6fd1275fd1a553c36975ebbe40db8697a07932ed 1
a4be69f3ff4e50986e26f434ab0021229f960fa029bfe319b7308eb8a4663408 1
c16721bb791b3d243db37bf2ab41849b472224d12578714918b0131181c6a845 0
e72685024cd80c4351d92cef96313fbd1734cabe4c1ef6a9b7cc4d6463888207 1
3b790e3105dbdbbce6e537f9e47394e419e3688dff09b367b0238fafc19424f4 0
435a4cfe04bd7b741bf096a1ecf32245e938e5ad91ee709cd4bf89f98e7e84ec 0
7513c084e4f09d72db4f28a33a918872c3d01bf004d69244d0d62d7f6850a9bc 1
8f2a848e380a67125d4417ca0695730bcd3f7023f3da8dca6b981cca3c606123 0
001d52deac664eaa9141a0a4036f16e0c0f2a592ef9f3c9c639265adf0524c3d 1
b8aa3738bb6664c323e5a20d6a5c15e1d6712003648352dc77980c53c7130b26 0
fd47971e7ae17aa26c54d4deb4134fe6764f0f9d2521ebc20b392a927b58a4eb 0
c637edec2755dba53d49827cb62b02e51e22b34e5c8bb628484314ebe6ec2cfc 1
ec31578769ce2d6d268294ea682a98d3c043e83df857336efe5bc7562b5fa16e 0
3b07ea66f657c17fc97f8f78c20480f57c3871d1d5b35e5a6089b3abf3df04d4 0
fc6a625c3fb2ce5a7d9fba5dcb125e61539e0a4b5f7995d0336f0ed11097e9af 0
9ec29bbe3b49eef4cdeda0988766c54b8f8a2f3500b39ade86d0fe92295e6537 1
d8a00459aa9fcbf6bc394a9a5844258f5276c12611660fc0e731e2750241099d 0
58ff5f8ecc140818ff83619c338d1a11e5848704e8b9f6728c3296acffb02691 0
d62dc8e1507face6a1d7d6d12b57db9d7445f78f100db5796bd126ac4720e6cd 0
3f66546fd78a5f3e1e4c1aa0ab7b8ad24291d473d5169287d105a4e1a3dd846c 1
1f471ffad716579e388a0b946057ae46c63649c6a0862f7a398bde95922af3bc 0
7977d506525cb2090ecc3ca4c76ed65edd6d3ed26ac12944765ad452e7038739 0
4f6030c2e88b575876f6169b0b5a6a0e18bceae7a57820611e18638b40dce813 0
40c80b91a7def11bc8d6ecdec7e8866b55954c5458b0d9c0a7db8602c04fca14 0
1efc97612e048b11ab55002a19c0c9fe4f4eef18485a33de37286108dc43cfff 0
f170a1e56b5ac440835ca6ea7fd8d9d8fae403a1ce2f9a2f4a938b8e2d29ad02 0
b4889350a52ed097180898b8137e6132de82abd1f0da98a9b534bfc88bc5880a 1
d2d71acd43f9c93d728b0781b9b67c10a49ec2fc9dc150b8d27c8148ee89403e 0
8962868787f621d2c631b2146ba21d60a38e63cb0c81300142388e2e12b872d4 0
aca791ff670b7e1a3b9456d2c249ac951d193e0487edc41b1c8d2f76a7bfd984 0
4957e4c85c6390463cafca16dbbc22e215d60678ece1d538ebf98feb338274e5 0
e352ba0fea5f4ea98f79d6ade3ca93ede98d8716d0b0c0df6aa13f95df0fb49a 0
6e3748c76dfe8f6a09de8aa79b6837d77b80084edf39f7334cc74b7661208b9f 0
6267515056fb2384e04dc6045ec82dc68f34c1f36fe8a0875e592d923bad2546 1
73ce3ed97fce72407a57c976434a79a559db18568bd46dfb6ab856575ec1e97d 0
75397ff16aa170049890dabe0f10729b7bc2e32fb1075a8cf716f6229706f170 0
4307e7492f975f38fec1f5e210b95a7eceb11216c4ca2e541f3e6a6fc5c1d9ca 1
d85f4a9e99a92bce79deb2201eebd7b63441322d54353a00719c4fcd7ec62457 0
a5b1dc356f66a658953c7c239736153fc10f022d10e0bd8a146fe604e7f63214 0
63b0c5affe35f061684346e0a748a3dbb83ef921788ae25ffcfd58e3db3aa0ac 1
8a14e61dcc18d22927cbdba665454c06d45ec05bfc671ddf5c8b11e24987f9ea 1
1afcfddeb25cda28c4898f00769bb8aff3cad12dffdb9f307e7992093f8c8d78 0
0221163205e016a548963490e40fc3255645b4d30c0ddf0d6a2bcfcd16c08643 1
5c5cb0e5db087d016265d66a11a9042a2a8c4d24b13247ec3884dda27b26a8fd 0
15e2d246265149ee5acfd13e01519549a56ebc5118dfe9541e46b1d351f4d95c 1
9ea15cb629e0374706402d85b269443d16f195ba08d2c5187b834a0fa0ba5b01 0
d3969a3d859a6df61be24eeb7a7dbf7093cd286a2c7925caf07157bcde4fa7d6 0
bbc2c27b540999c14c9870dfb27cb32ebcd00da23fd87f475d1e086b4364a3ae 0
ed632aafe996cf147e98e40d5e9078dbf796e5afc872205b317c1721eb6d53d3 0
3650c5babacac48a02baa1811817826a68fe1489a2bc3bc3f08ef091dc014c25 1
2c744fb1e8d222cb4ee814b7a78eac55d452c117c10708e967059fc1f185fde9 0
e78297d40eb318869331ac193245666641e54befc63d945823633c228519ea51 0
37d170880e29c8c72a79c6053ed284840f36f19acdfc08c276802634711143d1 0
80ac0657e4516ecc1db49ad9e6c3029508e4d445b857bc4b571333dba749d472 0
6d03749e8a715c33d39f55941fa66c86a396a652913ad07b5a9baa6fe62a7854 1
2f1a761cbefbb14357e23567658cbbc14efbb426c8d5bbbc6be2fbf51aa7f6e9 0
f5ccdb5f5fa9d94682d0be3fa6c5f731468c3d788fec0b902fdf7bcd9bf28d6c 1
cc49d94e8e747bd931574990631c91c8ddec9bcaca766e357741f9a207ce12c7 0
4cf427f41fcec52703f8c0670c78718926bb63940e1918e12a6a66db9082dc44 1
eead35358da25ef1023dbf0c3fea7c83448bd3bc34451d26f85f75da8b289eef 0
fe65bd4502862d95511a0c6f60f2772a7f4ad70615f2b8546ad7408759854d15 0
0b52da094079a9a798b4bbb7c4bb872726265d852dfc75279581685f5dbf6a19 1
bbbaf19118cfc4713dc61f6a5cc3e76cd3d71f80a496300c39e01c4d91cbd292 1
a60a7ebbb65de401e8edbd885e451c9c4c08ad8d387a9a21e10f7e83d0427293 0
70698195f20663c5f88343271368f3e9059a93bb349a99ed9d05ca46565c7938 1
c47229d3cc13f29e58d9db13be8169cf9824ed2c0c0fa67f58e36f39d593d177 0
616d9920528c6e47a1d84bb2cecadbb268d4ad8ca434845b645bb3150f8466f9 0
2fa0588223e0b28d30c625cae3c293b056071a6d4015c9e30d36d9305d9c1971 1
886de2d0b4191e6f7e4883e02a34215378c89ae5fd6dde63ff10d630d022c117 0
36cac75ff8d7d14c890e7700c6bb470fa07e4cca24ec556bd0664872db7d27bb 0
6035fa69e0cc05fdc442300e582cd88418dde9edd71eadddb9a985fbf9050b79 0
2072adbd7de849a6303ba91178deb93622d53ad41e975f60dd9827f1f619caef 1
f7c25dedf2130a4895139716fddbdaef9ca7ddcc013e629cd4069f3fbfc6b343 0
41bbb44facdccd2d28a804ec533c97fb0d859999a0365acea798289d939a744e 0
e988ca9018c34eac812f811da1d225b16a7d46f6ce59bbef9845964892d4b2cb 1
9458214b5bdbab118eef082ecc6a156a7fd2fd83e2a0a306b09b3a3329042d56 0
07f8e86bac848b74f1b80c54946db8f0aaba6b735be4d64c6afbab27b7700fb3 0
d3ef10d86c44be2cf906efa83e067d834fb5bca4c73e92380e7ebff85383891d 0
e1b0323a1a842c2c23a84126950ad7e1bfce34c4d4ac879ced4ed1c0209f92d0 0
68b375a973e57d3cd343e3fcad42b8b153689d4c44d4d0433292090d9c1bd627 0
4c8f9e38c4f980fc97404b1a921d1f1cfac2e44afa7fcab5e521842f23ca9a52 1
2f428fcbfdcafadfb5caf6a5923294ae8c9e4f5b3d4b6386194d37c3fa4affe4 0
dcdf1278f6671b3e80340a04c959ca2ab9b0f3f4ec53ee5f0fcec9dd7bffe5e1 0
e7be9f769bdb8906204de0f5ffe9ea299673823a32e4e02d5d7258b82d959ef6 0
ee69bc4f37893a92ab562883e141a3e3d8af1f1cce6462e13f0fa24604add9b7 0
ddc07573370acf3939f20bd83299fe702524a35a7e97182fa0d92a6330fed885 0
7c8086dbd07396d203ed8d841c3bab826641034a3fc09266fcdc249947764468 0
3f68764a6743506710904c0821acc645f50b0dc3b36acd13a8db1eac904ace3c 1
779c2e3d81fc27100de15d80fb5c8e196250ca74637c906d4f7cf85037840920 1
870325c3fc4d8a952cc3785e06cef3cece6b9f582e588bcac0c8bb75723dfb6e 0
e1ce23ec50fbee1dcbac56b06461999e60ceac7388aaac6d0143ed3a297ea9f0 1
289246e680233d426029b42e5c9dead7a1cf7911c1d746102278c16af94c1aaf 0
184c29fb518ddc66f13c3e170370a913a245b15605b37aacedecc16b8bfe0f76 0
72a0d5198172538d662337ffd75414f7b3be62fa7fc6db082c5d341dd5cc29cd 0
d9fb60acb1a7658fc3ef69978f8da707c4425b315614b55281f5bc714137bdb7 1
04efd3e8ddc70bec4f8299c8a972a62bad1d96489d3e768e46789d312fdad5cd 0
6e5882aa2123947fb93effaab8859bfd54f9a9d9495c949359836d5cb1c31a26 0
9f2060dd7b1e69ca2f297dcb64f166298780bb8498cb47195ce25179db8810c5 0
e1fc1082f430af9bd893b095759047dc8bc9018c56d9ed5ee18646253b9009a7 1
6a06cf4ed431c3efdae17bcff63299a050044b7c925e250c22048c70ba89b796 1
5534a48e3ce7253266ae8931eb4da3cfedece0c166839a234d1e732162630764 1
726d7d64b61fdc61656f5c6945df2cd444d75c0bf45e8fb668ab007dfba0dd92 1
514d3025c473145b52e2d4deaabfc0c97d8b629d457a22e45ec4cbf8961a68d9 0
0c0d9195968fdf4222f3479975b27d7e049706f45c404a132c2123413de0df33 0
61e5f1b563c88f70b62fd460bff05be03cf26cfedab8c1a8cf420337313162db 1
b5bb95b8de57b3fe9370bcd5a06fffd29946449129070e8bc8860be6b765e366 0
2585f2cc46e80470b931124f5ca069ce47c6d54bc4a382a2667173fb32040e71 0
9d42d696d8e325a832bf5f5e7a60aaf40b6f5e4a7cbc426c7ee0b8e386ec8fac 0
e992d1d7f2f83a9e17d68f157d1c8b4a03e2f14595089c69d066a3fa62eefa8d 0
542303e8802d14f210b382d2fda3fed0e140cd1b1b0ea809534ab5cc82e1b73c 0
794cd64b49317c0d7a3ba8284c6978773136b2f8cf7b6d4ef9ae9be4e4ed7884 1
289ff2fc0e6d88cf20cde21cbd4dbe3907401750d1e46face3e8e9dcb03ef776 0
199fabd42e65ab9a4a25e1630bdbd5f5ffed9fa89b2ab22e0f9462f765ee6c02 0
f07deb3aa66aa72ebf3e3a049c50eab1f56fac6ad439f19f0064dea9758bd794 0
70b3e1c0a85b0825cc031616810bd9e2e8df26ecf94d0525731c66bbc57b6b44 0
955ab4db02f72f1ff12998ec4f4d6ceb081b2ca6c6788a12dad163fb9cebd981 1
2562f7c9bfb13ddadb6e693640c431c5f48d664bbc21f15d177757c306c2c9e5 0
dc4d859ab5d795886c0593e30edda9096b8e6fa7f9acbd2c89adb2b0740171d8 0
7ec0050cecae38c5b19c74ad74b5c79b6acd718307c8b272b8ce1324576bdba9 1
0b2c3b154db374c8510e2607d2c356699852c1ff95dedc5d3cb60f6c22372cd3 1
e5b52cb6a16c809d1d5c9188806b5c2fb2e70f444f8e5d83538ca89d920632dc 0
7965fcce66dc52e1f37c6e53975715edef1e7dd9f6149b8c68e592567911d505 1
e1ec2beb2652028a293a6e8c9092d6843144a4d50a8a83f03d0c6826b14a8670 0
4ea36008b78ed083c238b4c686c619805024ce7d3a345aba0c0708a3a500d5d4 0
85bf7f90383e9eeb431bdd9cf66237a090450ef50ebcf7a1408fc9615d5af68a 0
e13c4a80468dcebfabc1c7f2e81c640689743745db6cdb127a6abcd53ba668e8 0
5b5925d6369b21950a8ee09af99cc7097517d64ca0428224255a8b6caec61415 0
989a9079fafbf686a9cc33ef7a7dc42baf631b2de68528f2803e6a6e8dcfa4e6 0
977410409789a56a6a5f575da369656f7bb2413c9204b102d8e644167b3d5913 1
0d65f692c347a8fb079c21c0609f5b7714e01e7f5e3893f94781db556bf0f6d3 0
994ed11104d6dc8f4a9e7711739855e8f00f38b2d7b736b6dbd7c6e14150e580 0
56c0c5654889b41aae3c632861e3c31134ddc1dd76982f37fb5c0489bfaf9e6d 0
596abbb56d599905593f0de1810ec4a0d16949ece22b5fccb2fa347b8827d9a2 0
352aae8d6a79f8eba1966f4d054641c8c75b2169b14fa9c544be43463867d452 1
38a5a2361dc535a0474c5f339af59108bc9be24ad948f9c9d93e8aeb7e612cbb 0
fb15dc5fc29842a5d2427542c1a201c3033e5250781ea1ea2068ddab9f812614 0
bb5db57c9022681d6029fcc47919a588c84ee6efce66e39a1bec5d0ddf1c0306 1
24b7bd8e719941b298bf969f5e494e05374dc2213687f9d6a4979289b95e43d7 0
58e04bef26197864f1c09cc836e17553157dfcb756fe128290a0ce5257065270 0
d39a9f985a4320b0924a91df99073d4c1fb5c4734de9ded7a6135bd9cf981fa0 0
e786163bfc0e4fa0de69f89a38c5bd5ac19c3bb0e9bc31053de108a7c14410d5 0
a5ee3172734c6825578e8733b46181a69cec540f9531547d1eae0ace2e42b64e 0
651f82530e1132ef5594f8c46d32532406f668c3aa712977e38d1c2e46f24bf1 1
bfca9e00c86dbd93f0a4036a9abb4caeb48c512955be95014a5f72559763f6ca 0
2f87827c73d7248451157ad10e38f7ba0899b433ac7fc9e213dfff39b3fe4fc4 0
a003f6e26914c49020df02be9a39d4ac7c97b5c50af87a08fb1c49a0852a9b22 0
b1d5747dd4987723550e0e0bd4399160b7bba4ae175a1957c158ef64a5e40ba2 1
914e4c34724805cadb9a8a3d00634351bb1ec13ef045b1871ea462b6bb5b8fe5 0
cd0d11147fd1d2bf5ed2e7e4c5f318fa13b12b6050322763c7435b730b3f3260 0
71ebca6cdca00332c4e8651a838a2a528105abca595ad7e03e977d7485b99e1c 0
a97a9fc9ad79f48c0af2f8ad4ba205888f1502dfad241635e7b6afce78d43691 0
54738a6b0b1f819fbc1a0a90fb2243d45e7e2441222d1a7c01ce4c76feba62e1 0
8daace073b3277aa0a35e3fbec1350bef244d9d6d5626edf8019726015e10392 0
7016f018a7121ad901d397156f8a7a02f1a8429fc19377a2f99645eb7ae7c4b6 0
9d1dfb95b2928296fa0e91fd1c733de87040102e99fb3bc9e63470b3343b6ce5 0
4535fd2880c8cb078f2c95b5e49f892c2474f7f8542b302998d8d75b599f737d 0
f8cd2e3cb6c24337d4901d4a83b3c0f0bcc6ee6aa635763f572b6d8ac4784daf 1
ed97e68eb81134d503164497613686df9d392034e5fa31ca784ea3f38f9b4273 0
05e1c66c308c85376f8aad46ecca1437ae7caf72b601ccae0ad70623c6b98ea6 0
02f5c4d1354af94dfcfb79158ff5ef6cc30e13d673db8dd1c305e15506189f36 0
1f8c1c70f91fd3d221f1d756bde6eb926d78a5c95b9d3575f911e83885990f7b 0
c64f06f87d0b7fb9d71c3d629664ca37009edfc7f57ba28a98661ace69e7f251 0
7f1c190f24b343c7a201a1a2f124cbb3001bb3b4fbf20ef2340640f25264840b 0
194bde5b473d934b2c81c83b2401ebcd285e3bdddc7af32e892239b25f4a3720 0
4724ac0a771302b10c00a6e96015d4c222100f73e35e33840b6ad8eb64d043ed 1
33f5e4dfed199fb0e9b058cac72de775b24912bc0afd3d1c24f74aedd2c31227 1
8b86d8a72edf02554bfb4905eb4feb68403fbab24b238bfb8f948737483e69e3 0
7931c06994390a57f665037bc58ef46256fe14de16159f2ab6429c8c9a78cc73 0
e20cfbf23ddbeabbfe978777b6459d0075018e8f9ea7c935f2027bd793acea6a 1
eeb698d528de259ad905675e1bd9ef703839ff8126de9070d2069eb43aa4c5f9 0
83daaaca683d99b51aa5d93a4177748e71e58ac94911abdf13112c7545cfdf13 0
951342f0b72499d0934a3fe088d32f0e0b9e45d15e9794910757341d3b4306bb 1
6d09e0708f0a8de24cbe73e02b6e32ff550401f6a5e40e9d33b31fdaeef98ed8 0
4f4facf5593c4b3ef150ca978ba106550e2062c94bd0b84dfcfe888e3d31656d 1
e733e85c9d9ecc9d3eb7ef4368e5c75083c129acc9142eed4a0e987fac8cd382 0
43f9960e56dcfb6eeca017b6849d2cd4989951cfcbf6104a5f8ff2f75da63a09 0
52dee89ddd89174f1aae11f7b9565ebae24f85f8f4750c8487b0e2f071a0a22b 0
bbc34824c91447bc640e26612e8411384d9c1e8c755da39416b77834fbdd6c04 0
1e97819ae7febae315360a4bbcd091f6184ea40b63b1aa15753798acb72d7b65 0
3a8f37aade2255c0ad601a5753a610ea1c3bebf37eb7e646c8b25377b180fa88 1
9ef12c3a785897d5808121b42dbfbe68e78cdfb98f4b8b4bf5c4dc66e70436b4 0
28b5c8358b9b8e2fa3b97d4f1894baef5ff74d51f8317021a549480f95c1e31a 0
42c775bfc2273a720c7ecfddbd2d3cedcce5dca9f44bbaeec502f4fcb5bd6812 0
e4d4c99a61d8fe9eacd1a68f6af7f71c0700bc2a8d3d17dc184f666bb062c33e 0
ee84e43d50ac26586726d2c1f31e41ec849ae24fe22948cb53dd2ca8730d9b38 0
b77e1d395f81336908de55e7a16f546104c88e14dd8bdbb92df653fd51e83834 0
201c85f7feb5f54579d546ea73f8d52c07799a493d84f1dc516410578bea7cc3 0
d4b9eff8de1dac7372e49fb60f132107f5963d7702e1e289de7c595961961f64 0
0f8f45dd51160e499f5dd2f7070cd6d873437990c64f8029d58e9ff3c87a3b3b 0
428cd3090a4552bb52ce0d9c7daf25da6fa5b4654cc55d20b89e60495e3197d7 0
f40a52a95e066a5fdfdd0c4f4e0eae590e20f8484328631703df7bea6b5222d2 1
66597a62bcaf888f7a1739e70e95c852fea7514163833f6e59c6f626172f5825 0
2833444b5755ccf28c32f520179f4599cf4ed5a6c042a7dcbea5cfa6b61b0dc9 0
baf17fbf489a363f43d3ad87afe88521fb30570b6d4080cfe943445eec7cf19b 0
ac0c80723ce9f5a942ee9ed6cb7882f692b75d52ac94d0e531e888d142746f47 0
f1159d0f7c4b01de74033468d8b0fa404dde982788b0a61572c28e07242462dc 1
c14bb848ac2022b43193a32a86331a0c1180259ce619c111ccddb0988ad78708 0
10ddc86970968670961c71700f3db7e4d4fe6d132fec4a3f3124d27809ad29ad 0
82e7f4d03d0b57210f511b519c8a0befa31dbcee2eb96b5870c24f8b51840356 1
95d6aa9945ee2d29f3c1de2ac041652e1ce220f5f3b5cb2a5f4641114047bf56 0
4c9a0ea276f3e71c4a3f99dd4aa1449c6921e2ce71c0559fcf40ff81eb52452f 1
aec2e7aa6562732f1691b2e07a2e187b4b81702b2480e8f44cac72b644154c91 0
3f619c8bc95412a48449305330c4247fff13c3f3f49ef2c460678d615ff2271a 1
d2975e1fa555e1b9c87dce64677123101fc40cb15a9da88f0ae2390821d3d152 0
fb0a394674bab3f8d74980c39057a730e5418144fee1f7759b79f7a060f4f776 0
3a40fae6b94619321ff863b29239e0c4ed80659e8f90936d18b7c82cfadffcc0 1
91558f0630c25a88c12f6c1ce48e70b3c43c91909217a072244bf4d72d3e1c54 0
b82cd2fe174c65ce8d733e4cf6044def25454914d80d13e8bf728e10889f7668 0
e0e26196d0152f5feac5c0e488635f00857d5dcd8eede11c38def85e3b6620e5 1
a1610a58ca50af8fddb29fb6e6d757f63ecabd4c339541e1bc846fe04bb0ef26 1
7bb5f00fc6abc73c9981074080f3de89204bc796fcedf5ba7c4092aaa7fea1ac 0
50b7b750c96cb0cf8a836ebdbcb77a536daf7dca2f4c31f893f986cd463d6484 1
95ccd5fcbed8cfc3a77879300c0cc8190846b3e39f83b83de2d3c8c5f4ba3842 0
ea6b0c9c30cb6531b16cd001ad2fd584a58bf66e0527d8e8d233db2f75a8b114 0
ba288242977cac4ff9209d168bc8259a01884a0311868248d272b97ed510a3cd 0
28512d61cbe103cefce37ef8d4f0e31c85afe6c17ea7219a1af1f9ddc233e449 1
ae515dfea37de3d4f795c63cab684838fd4eaa987e63fe7b7e8bfa97ea45d247 1
2ef19374877a82d9c6dd6de6cb99bbc023f53e76e47247061b995271f69658c3 0
50e8f2211ccc2abb9250751cfba0332d3da628cd75143eed15925d498d5c59da 0
4021d9e2cad1ea1edb54680a1837fb1b6cab478751a98e2032fbd9fc636a9de4 1
840370cfeaaf3a831b9a882587d8837362520eb55b813223b61b202099c97984 0
0835c85924323463c5334cd6860cad5bd016c6d90db49960649e7085d043a0b2 0
8d0d0fdb4eaccf96a5139562a31abc9af2b18d8ba38ca4097fc2d8da57647493 0
aae8acfdeb5cee98ed665a1c2793a18db5a09d2b09a8ecb9f133b5d8ce9954a9 1
04c79a630b960f31c70f97a82c984d947f7269d4dae6b4d3ce12867133a11d08 0
2527e6e2b5e71ec7074b8cf9ba5e2638bf0d7cb57d2d2babd70fc1b72aa0d749 0
83e2a01c130e2cdcd9b8f838a5fcd7a3b37b3daa17008b3531bc11f43cd58a6d 0
d27af36c52654285885c7a0038e1e0006ddd275ed2283fdeb5588f7af8fb5610 0
e0ad7ef82349bb23f2806f987d517e15f7fb2bddc79cbceb732e2e1bbb3a2583 0
259a63fee1959a1e896563a1d01d6c609d14136fe15b619bc18b0677fb2a1ac8 1
0e8ad28e7201c15aa5a05914f174c86273692de904317944d08e9b2cbc5e0116 0
f397b63d2ba97dd383c1317224d2babf085d58b84a3736c1bfc65be25f40e6df 0
d1acb1b5a6374cefbf79599616c89ef417450b84235d562a7b2b79ee43cc3d0f 1
92364690cdf581a4b330a453f263e7ba062700e6fc5f2c78b730d2141b35d375 0
1ace0c1bf806e57b15fa05132cbc16cb7a0a6792c9b9e568dd5d413f32eb4599 1
c6a437aeb18ba57ae0c465f2a270c5b8ae761cd184dfc685faaa71132ddb0475 1
7983135a0aecc7b62461a05619a2a35debf4781912db52f66a119ddc58b8a316 0
442111804678fbac0076e9beee614799c1fa90f2bb84be9d641c3b75cf410eea 1
def76463289f66b433b3ae53af3a12116651d2897cda6f9e9c497ce61bdb670e 1
f80bc5aec8525b1838fdd6009598ecf4a361b5211060e218a8a246b6bf0823c1 1
eef0463b92c8e654e7d3d40c816da2d37dd1e1b610c8ee439bc1754e34707f11 0
abaefe49e63084e45c561d50a933b5404d2e450a785985b4b251b335f74c63d1 0
9ad8799c55e290e2bd4dda054d7856ef0950a5a2f31d3f3d72299373380a1e5f 0
8e6c2369beb0b39010df26fd7b60413c9ebd4b5001f866bd05990630b3b1fddb 1
89c526784ccdc890e0208f740b8612f36fe613529fd638932f46c499b06aa361 0
bc52258942b92527355fedde06319e65d144daee7628d0c5f778ac2d729c8576 0
31d6a816f1a2bb2ffcb8da8d03323aa5ce4a95f56a904eee004a48634f9b40fe 0
54c84fd85135617759c8de453948f25f46cb59417a506f16262c29cad9063277 0
2736c25fba137459d7745a2fed67ec808a8b7d481f99cf4ab0716297ff07d0dd 1
b4b3da34d1c1cbd36cc4fd025e0c878b1e5fe83331e17d339a81ed9249efdca3 0
f5ea3326223b506d4c426323fe93c2643d61c4ba5dc2a616f0ef8333dd888026 0
ed467bd73a1317fe5cb36d4d491b582792b5d5ebb03918e33899f5bfd1faf8b8 1
e573a990211626c41b98c0dadeceb512945b4219f252f4f07c152097ccfca3ca 0
3df131cb1639133f2b6cd537486346dd2df11a57d82b54e505efca0e1fc0dd9e 0
7cafe795f046e363aae7d8949c7b44aa831c3f0113cb8c1a5bc15a86e3c9e96c 1
03c824fb74570681640e053e257663afd1b92de58e099a6fc31df27d1d214c8c 0
7addf49e1dec4fa71ba05f34bbd9dde744aaa577a820920609d52a9f832aed39 0
bdb656292caddf24f4ea2710cb5bcdda8327ea0849ca991f700257ea0ab5fc13 1
aa543f7683bb24bc2d110027a5270ed40f1fa747624a7f543e0859e26e27fb0b 0
348ba64bbff6546a65b34cf295c0466d1beb5f3df1a5a38dfd91d58672afc391 0
b90ae9602f7ebcd394cb78f121c6ca353e5ca6a375af97a075cd0fd5698e1b03 1
b10801b732762edabb1e37fe2a3615092fd774c5c070f7513ef23cf4d246e1dd 0
08959aa1100e9c35c870b2b36af01187ec484f57c23580a6337c3380ec510980 1
b71b453d42cebe669e789467dc10000bd7d2e8d9c22a91cdbe6bd39384e77201 0
2ac021ffd715ed0e8e01a32b2a74754ba4cfedd4acc78f74878273a84f08f308 1
546dcd452fa16d987a8c9464a7c08d050d6b2b7eddea4a107fcd118dab8ce783 0
16c0ba2a924fcca600b37a893c3365cab0f6a87b982a2baa25abec4dba9a4b54 0
321612035640280fa1da23a23b414d1e824272e36f6e4c1ece5442cebbf002ad 0
5327f15322c200da0a0914c4cbfc885db8d8c6748b7519c561fc002fac07e92f 1
7c06686076e5ab721854226b3893a80758859490ed83f11f81849f274483ebe0 0
ac486ccba17f0da24ec6fabf807b1520ad32ddeba165d87fde643801f40accd8 0
047147db35bbbfa8949210102051456ae8b5dbe670f658d52d789f36d96c4d63 0
39bf21550e2569e205132e9173971ab845d00e170d8a84518f79349a07e7428f 0
2606133b2074a3c73502cb0999179694150384203586f9d5fe60509d432b1551 0
654f0b4571228d07fdafc5c722821fc183e6d6c1578ff3eaf60c709a58df0f7c 0
d3923a0135d114ef7d259cfc35431fd1b75795a5f8d7feb054416bd41db51784 1
8527f805029e5c9dece40eaa96ddb47f521f1c51e193d6c4e3deae69644b4028 0
301e66e9ad610c2e2f8aa85d5d0ed661e3381fbd9a505a31afb3571b20efb7f1 0
ac4ae44f12092c2a57368b0c806db4e78a924ed4e35e732e5e57cf76ad424baa 0
144ca0628a5441ecfc1a47e1c5d7995aec01cbd37a555fbf0ab21058d6bf4d91 0
7a39311e51eec4f8a557a4e254af724f27b54c57394992184083716862a979df 0
3ae64618ffee6c21f993faae03f6fe937cc1e50ba236378318ea243991857c8f 1
66732ea334d04c4a6d340453d54c7aba4fc5a250ba464ad1edb74b4768e7f6eb 0
3cc795a35db183b5313067ab35d5cec8356dd95101309475d025c6c60a1034ae 0
12546f7630a0eef5e7d969ed403d7c25a45cf4fb4110baff8caabd4a59a27db4 0
9c4d291d5fd2598941bd69f4a339128414e653de75117c6f4582e073139d749b 1
2634f11a998ef0ea5eaaf4835cb2c47dbbf429aed2c42fdcf1189d2f7051e1c6 0
466267f72eef787dfa508c521bf8f3cd07e040bab3addaab282d2c1ca57d977c 0
408a9848ab004d8725c874aa6a1347acfb4bd0f009b7ee25d98cd9181377f86f 0
7a9cecf92d071f59d153c6ec13870bfe830ff85cdd2459882fbc3278a912d069 1
d845f385f3a3549390d19c565b4a7ca2bf031b209af08329c2b0389e89f867d6 0
f6c6b3db18ca37ce6522cba5db580a0078304edceb72f9062aa5e6aa19336b8b 0
3e92f075fbb7f21802fa03da428fbb85d9bcc2031234c1ef135caf10cb06e4d1 1
11a10a5571c554508cfb737ce492058f4999bbeab6a2f478bf557ff1447fd464 0
2f159776f5357c957327c1ab6965622f0e8772398a15234aee61d2ba74ab68b3 0
05d134e22a126e805ba5fd357ea96c750c6b94d0f0ebfba4c840c2f88bc9119c 1
ddda50b97b3dc07d641ced3643f1aa495c1a6871f1466675566f1705b610c96e 0
3cd1bba14d773f1f1db4279d5342769794e5364dc7e68cd864ad81beac313835 0
7d771838208f55e07136cf96ea8b22f4ef70dd9b5e29c931081b6a0bb59be3a5 0
4e8d47793f720d20c1dc46e9833fc709b6aabc996070726df5ded4ff075ef0cf 0
e3de4efc08ce4d4beb5fdd849c327d81770c574bd71320313356920591a4783b 0
2633742cfc35c6f746bd7aacc6ce3717575cb0919eb49e36173103e1ea04991c 0
ae1f35967d2833fb99a51ef4b084f4da81c5d4c363dc4c23fd5111c28a3d1ad4 1
4c0ef57595db6cb98f90b76d80591fbdd881816329b4d6da9bef601aa608a9b7 0
9a7cc2793a59f29e3cb014b9718852a2aa125aeedab0616e6d6ba625354a2895 0
7e54ff73b028629aa004815619878f9e966fbd9ef9e998713152091b1599bbdc 0
e14f355b1ca4ad85bb530c856421ff3418ba1132ccc2df12266f650aae429963 0
da9aa26bd6855cb0942121218848f402e9782cd7f8570451c05f9580b98cc372 1
ddcf706b7c853785869b8abaeff21571866fe1a525154963b232f7c395842b00 1
9736b56b1ca67bd5bba9128851c9973e426469de41737c8f6cdc585b7b7f653e 1
8c2c5cbd488aa304b73ac412669dd964d1f5c31d901bd21c1d6a5597b7d293ec 1
f5ba4f4da77c583f1f66aae0a1bdb5cf0a213b9ae0263fbbbc5ae37f56cbd8f2 0
1ee0304defba445370e962e574ed75d2a28c9215d836de6464f2b488b0ef0486 0
51e472301f18c787ec1cadb017feec9572bf5c1e9e1ac3f281eee34276a4a479 0
4fb7a88c53ced1ad449932692509fd7c43d4411a5b2140f386a5e70de0615050 1
c4555acbbc4fdac0c73e6e8649904393b3070b100cfb56bf9ef89017beb00ba6 0
818ab027c5166272563aef4824e97b6a20664ab08e427c506df28dc119c71dca 0
38a4a15e39acc07038b1afdedd1c63905866fcfdce9193d913d6586b5da71d11 0
cc0770afb7c6ef7036564c26bdb0e65eab71a2c446284c0833d61ddb8c22c033 0
ae00649bb1cca4aba557e785eabc777d18bfa4bc012f5397ed7440a3090e7a04 1
428d74cdfb69bed5cffd2da5155ff3fbb583020f2e8522f92360ec6891209444 0
e63e4c04be13f80a533efcc96a27e16da1f65463315e8c3e4493b7faa58d83fe 1
052c3ee1f0e24dd224c7d627543c83caf08c86c94620c7cf267f05f62c472f48 0
299fb09caffaeb67f1bb8776681935dd22c7661168408dfa46788b5eeb41c019 0
7a8144efcceadef8461a27317e04b453ec82cdebed556e36b7523f9e6033e6cf 1
74b136e13cb9bef341d2e000a08c4a1ba74df2a98c71e360096a6934a2b6252e 0
83027366d1981802d4c7878628c70b0675b2a130f76fec1136e7c3af9cbe75a3 0
f7f79a7de339361222084141af75c8a0787288d7ebc09381cdb559116b329b5f 0
d312fbbc0fd732478836ebec19bc463456b2184a224374b22ab64d4b40255769 1
52d0392c6c497f81afa123a598f917b09ad9da584443c1228d46ae6e96afe8a8 0
898fde0980337f16fa8bdcff35eff0e642f6290d8d4278fa703e831340675cf7 1
a1a107e3051573d6a615f9075f2e5c9a9853cc9d90d3ff6604496681c56f979a 0
a4ad9c2d8bdefa735866b859ce2f3ae6e3a7d2e2e2432844026ed1f8f2379f40 1
89baa9ad4cea53216bc399229fc9842aeea2882b6014116a0f2a403afcbc10aa 0
7208331ce2459ee42f0e1377c2c56925241761c5c3ff2d2ff918360b5e3e8736 0
e084520e2f56dbeae8fcc7d8c3a9b6af61a3980d40cdda3b5bcae4d5c1705edc 1
a466af0e922d8ee6f5fa601ceefed3c022102bd0fd182e490e8afdd32b730df5 0
8f01613bcea61a7e44b335df630b5aabeebe724c274a96ed675b36f81290954e 0
14ce447b388313088413287bb337e09c1b896bcccd54b5aff77b2c8f76defe96 0
a63fa332b74ec4798a47066637f0c4553dd3ecef6e4c1343bbb7e9628c40fd5d 0
e1bf5ccd2cc9b5562b8cba46160f609b435cc1636b2ee983bf20b50244507a9e 0
dd54b89bb94ad58f188a1c2208e4e198d72836e292669128ad55700496d8acad 1
c0440bc5ba7fa0c58b67534a956bc48f23876fc672a5bde8728623f951f16805 0
7f2fa43783ca7a7fa93ebc62dadcf7f4a742fcf4158ef19dd7b94250c78eb18d 0
d721ff2c48cc129e8691f29c7153a47bd2c00d25d1583090155be21d2d3e83a1 0
0e18c0690e5240a6bbad13e19e921c5c7ee11591e3ee7f5c3c26f6b42703438a 0
c93cd790e421b46cde894c52be5468ad623be9244967c01c95826cb2d9063845 1
47573b4efe6bea0a36903ba27ae4b88732278026e1a06434dc5ea96efc0ee2ed 0
f2b3a723d14c10707312b1820f86a50812c03b0dfa49690960ce369ce600ac18 1
d56a37beef4020721a99fb3701bebc6769515b8e15dd881936719f4f7abb6195 0
6217c5f62a8514f7f64ded4e18cb15c651d9c7f05b24865e3a66764e50c606a8 0
47b72e22891f79aac77b8fc88f1a67a48b9cff37cce29ee1e785ba221cf67925 0
a241ba3e79163defcf89b9b438082b8aadd3bdeacef42e3a443676e20022a583 0
11ed5843885aefbd5bf8ac0ce2f2cee5ec4384bd3845ca146002eb025c727831 0
dd5cbf3035582d056d0f7a4573c2f530e25b6d27908a783795f45782a73160ab 1
4c707db37a4a555ac1deae8883bd50cfaa28fbee313acc77af092981f9f8ffd2 0
2cb58a688746ea747b29465422bf387724c71d7ac05b76468b8740e4ef77b10f 0
aceae38f6d406bae88536461df501994c71e5303c610111baeef73a54a117f17 0
6ec14ec89fc1c7c27034569529f516d26a71a95a723163b79bb959f99a2f9894 1
634d01987970433c26fd3ef8e544f745ec57098d1f0c4bf397f1d3014f918345 0
780c137378fd0edb38f2015a4c60da30d496e39992e7191539766b336778540c 0
4cf0b039aae9c0dde01d213b667113f4c6071db96707bc9b1b47369aee4bf8f7 1
8600b6d7f834bcb7aea2062f0ac4bf2b4dafc1fdfcc1e8bec65a5181504c762a 0
6995b3f60638db2854a9d1b7b1b341cb0bd51be9657765e7b6f725e79353396d 0
017ac5b8820cf2b1c64bc31f880afa5b5e8ac4627dc3f774aaa3561e043670ac 1
cf1ceb96efa71f93a9164ee66bbeac2ec3a8fec56687877dfc25b3b63da363d2 0
f3e77932feecb10adc945801c1ee4a6a67c29d0a143d6be85abedd999d7968e3 1
b69f3bd61e7791d829ec2becae4155a8c0c24492c9712d205fb08f18ef1bdb1c 0
742b128f396605ca4c3c29e4fad7365a16d4368a87691b0b5ae57c7ceb7f6117 0
c8ffaad89c64c3b7f10b0760f2dac2914a83406a8cd8452291903ca2bc69a370 1
5b8e0fd468480c64778c3f9d245eb192e40aac35b759279285d808a4ddd7efe9 0
e1378ada851291ac7a6b2adce3968a8e1331095ada664f6ff4909eb2ce87294a 1
0da89c0f02dab8639c9a6669863f4f7a1ac3ae5772af034996768ea2e061e95b 0
74a1c8e175368890241de088e1eccc52e108f825072f4b0161147b71ce7e802c 1
be042627117fcf9a498fbcfb637520169b240811713986c632b0d9d897b518e5 0
9c653c793c65c889ede9ea48d814b002c6f4265d042ee40491799c67869a0a44 1
5474cd9d612843f9c1266a8df4d49550c373aee032d13715a68f62ba8da300e2 1
5eedb50ff3ba0d07b9737104abc4d9f89a6aa85a2efe90980ad36d3041b4c891 0
e2b5366a7be5fd634e107b68d14a3ca3e8b4d3025eb70eb2a360a3c64081e41c 0
604c6a94e4106ffb4b2662ee654cfd8ea8e9e8bb05f4dc15b2a3e1708eecbf82 1
752c6322a16a22cf36fbc515dd1b746972be1007a28d91c44f8de3d986fe7cf6 0
c7f2fbe743c6486eb1eca9455d08b6bbc3ee5fc2fc368aca7fb152d54adb60a3 0
94bfa7f54057690ff135b0a92168055ce29999982620f788e83177fd5f4b38a1 0
ddf424e56431c63e60ee58c811ea1a50e396cce109b28296fde5ca96433c5b60 1
d4800553103dc9228582a9c94866abe2110128e770bcae2ebe30394dc17a8535 0
b94c7ce9e093eb9f1d451d416c5cfaa03c41f8275cf42b6318fce5e1000fafd2 0
98ff07a999b57b05be0250f64a221b10124fd568c989316d224fbd06cb479843 1
be42d0edbdbfa5db10390dd888f741fef02e87dd1caeea6edc98bfe7bc660535 0
057f98d09dd3850435b49ef352be45314647c66073945cc55ff5f63d0a2e628c 0
83d42e46f52be957c883af6077a559659288ada87e222be018d03f3fd391d267 1
51ec52a0aa9c73404d519cc804c3c603b32d8d31c4260a13ee1debc5eb9c59bb 0
ff8a223ac43a2c52b39a8d754a876bdafae62636309d8aac90cdfedbddbdac6c 0
93165d78f585a608d6fadc53a6a210ef6a605dd0c96d1e806447f8bfbaada97d 0
4ca464d4131b27fb992cf01791e18d02108526041efc236c5dd7b905ad9e1140 1
427c2484d3d68cdf7af75b849c9ab189171fd5be7364df38ede71f98174008c2 1
d4d77b23ee75617df162e5657442ab884a53778db24146146dce7e323c0c614c 0
cde4b7aec50e037bcc5680d36275df11f0c84a3e291d587823bbcf74adb0d43c 0
c206b28d00b807cceb8b88e440af37aa4ec1a1c880af9986ad122b0b27426bef 1
06cb8ebfd8fc587e9aa9db68df964586f423d383e8a51defa50674cf25200ae5 0
03c1e46051e17d82cfd2c8ac7172ad3841cabca7dd933597081d4869cda97843 0
ad85b3f1503fca5f9b1a5e59769236608900e29f29e2a9e6089ca88cd5023f31 0
752ff7212fe12cf70b2810e62cf04b22dfdefab1facb3fc94489cc50b3281416 0
f32ce64cb3d7411252af97b3826ed225fa4609c0ab82c8b41771af1734409537 0
54b7828ba2e9488fefe8e45b1a3c322a9b10857f4e0578ea8b008d782482a616 1
01107fddb86962be485eca30781ffbb689fff0c144152df79ca479149290ecbb 0
0d40223141ea69545c4e803a3d7683246a6b1e631d8f2c5333a75bbad839d5ac 0
c5afba83235cf050e11fe0deeae4228480074364e8b426ce48fb1778990a8184 0
1f1cbb71e8d017171c633b4a603a6f8d6b111417c1f2f27e1881b2e7bb945920 1
284ca6264d527bb53673b99a615707e1df671c942532105f550d94908c4bae6a 0
70e1cd1a93d509ac1912a8137a34fc0f05749182d7fa9276a3a8c339ecc77955 0
e0597717bed99cb23872e4fb23f5d579e6ca479ade6a4f63ce2538990f6e889a 0
0bf076327f0a3bf34a6b2df1b2a9c38dd78abaa5ed50d742814af7be9701021e 1
3f80342f82fc7d37e9156f1b4f43b737db63c1eca47dc2665262eea2a34d28aa 0
afa7d0779ec790895b02b469296cdc1455daa24ad6573dcc3c679736cd2a41a1 0
e06051aef358f275910c60bee5266cf721d8f849f5f021977efd06666bba6ccc 0
c335cddc7700a26e36304b7b21c5da50c21a1a001233d9be03766e3516c3640c 0
4595bc5101fc6e02c7f0b75523d94e824141f751b04fd0943d56c6c6550a4cfa 1
586114638b748a7883dfa63ff35dd5ea6b2534f53804bfc344ca1fd72ac4e68f 0
2bf6c6c2f8e668ba840b646f2b2e0209fcdde0ef8267f43fdc06ebcbdf9c4c9c 0
36fc414a1fb643b6701e7b61281e76730ce661b5c0d970125b26c61eacbf4ee7 0
72ca1fcbbb5d0f730a2a48470d9356f28edb229f45bb6b7ea1b339f764a891e0 1
a42410ed4662d4f52009261bec6777c96f03eecf956bc16a458df893ff230b52 0
a52a0b3f1309b15406c55c77cdee55eff5098fec37eaf7c33f86f33a16889b2f 0
1c52a7a7dfbe69eda9db6f5e41ca621453726459afdf9a3e415571ff5ae19ff0 1
e6623147722cea4b344aaada46193aecc5bc89a0ca6831a02b4f61000f8d86ad 0
d98d16a028ed2be5fc8fe61b0bb00ccde4eeea65bcfa07dd2058de648215f723 0
4e57b112fa9301cab58d72804288179eadd06cf4636263267ab604cf5b463296 1
0bdf23c417c1fea6b78c7b1fcb19871faf9ae8ab71a9877cc8596f3ef1fe09a3 0
5cbafc574ff77b0ab5d43efa771c797184e54efebf75f756c9ae437b62b2883d 0
0ee965481688031254c90b9eeec2d3978bb35c9e57cc198f2a9d9f2e1e9a8168 0
d095c6926374bd4bebb9d1637f8186c6145ab770dc29af37ea1ba7dd710a090f 0
9f827d6ba57ba8ca59916e1331ad12d63299483c47fc7e412f09696768bf40f3 1
3513ca5ac10fd9aca69246ef738f1b0fda20b9a4e3f0d98a7b6ed96b86a300f2 0
e9c030076f0401b2261eccfb6c7cec7658a99fe67c11cd01f527125041ae281c 0
1486cc1a4299f4c916c95547ff5a86f5011cbc8f95c63d684a74c2a610669415 0
54ac293de5573655258be80fda2a57b143be8aa5b39df1cba06ac26467403334 0
5d0b293fc20d76edb618ddefaae3081574bd86165b79a36ae1af94c73f4457bf 1
1ea3414b280d45e1cac869fee3cda84bcdfbd4b7be329e4b64348d7a1ca77a7e 0
0dd8c8ab8f129fe4a943dba85b1365ea8778dfc2679e1757a14be24c2d26d789 0
63a09ebd3e3de1f571e9a2dd88f4b7e703f5dd2473e37b3bdcd78db6cb7da811 0
46f4afa52f1b36cd27b904455538a0ce2c893325d3f9edb1d39fbf98ba3fb670 1
a3e69e8ade77456c7a027e06af021441290f057d2fc769e1a4813fdbf8a83834 0
5d2fc5364fbca1e6e870073a22fcc508e265ad402f06d7ad450cc4b31012861f 1
bd66b1ffcb937cc93e6f07e7567c5eb262124154b71108d86471e44b3992e509 0
54021fe4b30028a5ced9861ee817c9c4ba852e5f79189a586caad2cd6f1d9f63 0
fab444162169073e014e23ac0945fda41fcef999e20eb5128d3d356f01fddd83 1
8c64bd52f70e9fc10a2e938948fc37f0b69b7808f2365738d0d60572a8809101 1
275e1e35ddd72a1cf8de97938b0e23e36d1c5d62b7c05937db7c4e799895b87a 0
1060a5eabaff1a1fb4b00973f64baef71b080adbf8f09068c0a759a1f9d09bc2 1
7c344a3f6f768821b28452dab4cc596a868f927d4358050734458d70a86bfd47 0
498f6bce35ca5f35eccf1cc9979fc0b67845b3cbe09d7a41b35e4ef05690a1e9 1
8788ead4823af66f42b6c225dbc92197dc18fc60075a424452cef4fe3d12ed2d 0
6a577d489722e7bb14d4616d8f4c09f400ce00ac87a42d750f7268afe66ac000 1
683a7b257d83c1618655c5c694c18291f9472af5c8df6fb3e8bcabdefda21b8d 0
48e5b526e2c0eab596007beb6a2b40c121bb7add555735d5de5792f467bd74af 1
dcaabad66eaa92946c5fbf546a8b1b25b4b32fe2c0051b3f8e92fa801079c0f3 1
f65512390edf8345c2c40b1475ef3caf8b5a03d3168e15c31968e9fd8f33f14d 1
3b73d0e76c6105d58b5be140826ead7883331e8cec69ca335af757748df7d24c 1
dfb27dfd001be19977d836c3d2b9d32d0a5ad99aa8f78e6b456a262c5189ae65 0
e97729d797d86b9563854660cf9e57cfa3bdc73435b082bba6745cf94b61c2bd 1
666c09f958b5a6314a2d663dd340da80aaef48c4a73c14af171d311a5c0760f1 0
6f8a40692ef6a17af843bb421e1094ba8a0d59f6b2ee7882eb59f7f9b593cd4c 1
d551b28a9374c68ba3cecd7009a350806bd15909489a52b55261f44f3ed155a8 0
586f29caacb15041bcc21694a9b66bdf00daae6cd566a20cfd5c36a780c33d6a 1
ef51e7a95f8a4708e2c92179f3186c598793e4fe9fa320a7bbbf8410da9354c4 0
848e0668c1fd77861e2c40d282eae1270b54187695c072b041b87d61a820b43c 0
2ffc2483f227ddeca642cbe2fb68120dde16ceeee147402c347dc8dd4491f1d9 0
bcc40cd72f0539dd78f040664a54750a391d061461b68fd730cd5cec6c97cb3c 0
899773013a6fbc046239dad7b8b69006c46807553b905c86b68929f12a049270 0
8d0143eb15e59ff8afb7d9a73363313c5e5fce582c1b494c35180635a7b85b43 0
3ec1aa985f072e132bea404787a6da67cd1d6309f9159571ec54b0d9d3a58db9 1
266a300d726ff2d8ffeed8efbc1aca4c5403ee0a35b132f06542eecd9c192d95 0
401dc48ef55930cb55cd24727cdf21208aceefe1787ea4e3e559c785f9d06a8f 0
5999071c1f8fe9ca4d4cb8c53923643169dd6a464b75076bf5a31c777d466ef8 0
c010de98ec0d782b4c94587e5f2354948981d4df42dc642204dd8419d2a670ee 0
9b4d8e34cdfe8d1c8beb32092a5339a7a6ae5050c9c1e5dc22f96461043e68df 0
ba611469773ce3c42ffe95b08f3007892f66b851c01a67e122a187c1abc5ca1b 1
b7290c6c28f9ba55f791e954c2e8ecbc532de27f35278a68451ab1ad95371794 1
fd42df0fb4033d2d1d3c0aa579b6e87de7cf2fe5f368f44fc16611d3e177a096 0
4c3dea99e22ef8d4863ca3237bde662a1c3573a1e14b16d1662d6b77ce2287da 0
d5cad05767ace6945fa45a99c62c958cf0837dd16f5d65e7a3bd2f47706f731e 0
050f0a84006bd782c76217f3405f688a75d3f01d35b56df679034118b42bde78 1
3881f38f8bb916c8d2e43ba4161cb921493c4a8a947592abd41e5293d2cdb46f 0
4585e2e75b86d88a45688b871d5af22d01f3b1b93718e94574ba4f51c8f33c1b 0
8fcf576034bb0d45f459dc307d557b1f552b4567535dd9e2fd0511eeab632d01 0
d86e2340318a10c1b85bc71c43f72fabb1c143e65df6f59939f98c2014b59d67 0
62408aeaa1afddf2e4635115b43e49cc3357bac15640a849665b65e0e8194222 0
eb10adf92f383d04ec168ae6a4e6706829d7a19c617f8113263de3e3a88979a8 1
1c12a1f95975c84d694879bed497ad6ff27ee70b108f8f619ef48cfd7908ae3e 0
ca43c979a4fdee832f5b4663b941be00b9b353332f5138b16d8014f91ad27c0f 0
95e351e2b49470c33268943fd72d54aaaf3dc589f7b28088411a5bc2dc070d6e 0
8b736d1b286195cd9e4256383826f879b9061cf58e517bb1826d64e1a5dd6d02 0
f523e15ced771218470b6edbfb9993b47541f01aacd91a844f3a90551842bb65 0
44cd85adfce1e1dcf157b3847885e538c91b63c1a7683559fe509203ab612010 1
a40283df8d735dbcf0639ee181dbbca83ac5121073f73b89e2fe6c6121b1f756 0
9fce525e9e2f03e80c5649e28ae0d1a4bb53876d12d1a4650cb1bfcb5d609430 0
cb4976f25f62352eca8930bf73700398069e5538fd10194bafbba6820fa49ecd 0
13408be798001fdb9efe232c68a20741a2d4008ee8e54be6ae0cedd89f903200 0
bcbfde708449d2126df23207e7e92cc458402674e6c3822f83daf3d613efac93 1
d5812b7348aac3254b3132dd627d3a9dc293e1ef230fd35b89a0984a24da247a 0
c688326298015af51ab73eca7bcc6153bcde0769de97259bfe1dc00615294278 0
fc9b6a09c9a75dd6736f32fd4b9c31a95a4837670e6981cc441b84d1cb62fda8 0
374882574f5524e51742a5aeefad2fb93227c5792df03853c0f3f3037f7cfcf7 0
4fa963dc2c0edc0b620a28c5973319bc2f0162e6f88a314b7ae1482bbac56745 0
8c764436598575c2442adb67064fb88c734e649946244163eba947f768946626 1
f56238caad0303bedc42d55c80e07ed997e112c133477eb27be3a214d81ecfce 0
c3c25b300c98056e154701b2dbb305a4ed7bb9b0ef67d987c9470bea5e1910cc 0
d26971a3ecd308ba3da02744fda8d53494245086931965fabf7d423e7b96c44a 1
9bb335544e5d44c46e5f9db684e5943c31df7eb30d130685824f2fed9dced255 0
919640812e709ffe5dcf25e47351d07b7218376829fd0a1f6fbb9973553b0de2 1
afc6090aac2daec0a8f5aa1009d91922f8bfaee862de97adc7618bb4fbb3ac43 1
cba1f40a1deaa736d530b7b378fd925dd91839b127b5d16155926b9208dad03b 0
d20e3a3c0adb5fd0ba0293bdd88f46fd7be98d4411af14cfabb62017c698eaab 0
b8ed9d62a2227a6ec9f71a57b19756e3bed9f19e5376d2659dad54d7c2f10bca 0
199944c80eb6479501c625bc89596fc3602ea0865aafb655ca5c85e71b99dd82 1
77443d8a36c8bb8912017232f9fd9e7c50ddc47dd4f520cc41534daa2d88e43c 0
664d33ff888f9104972c245d210966246c08ef6275170ea818ac254a50ebffde 0
ed1bc61b66ee3888c79e2a456f68a5ff569528743210cbc9ee9ee7ae5c5e8d10 0
90328db78c84ce4e57e03a0fca052ca99dc01da8c2ac601525139b77b47308c2 0
9d3db68aa416d1ff0619fa8f37584477fcb5bcfd897b58c85e46a2f1c0442389 1
4a71ca0b9d6b774aff3be765ebf26349be8f2ee8be9be1410a90eb5a73f1993b 0
4aaf2d15c893ced175da27e04c26cda2134ca57dfe6de86cbc9ff7970375a23b 0
49039272f72c5a88fd5713cb6bcf1275af1361294f9c728abd6f49982aac1509 0
b995cacfc43d4f205e8703a23d8808945b313bcac48e6112b086818d77d3ebd9 0
42dedcac796f74bc758acd83728d14c540d6a7cbcb8bd8cdef7cbab56d5b9cbe 0
5904764a0caea875d0db6990e8a62e6395b7fb02b3c30b6bd75553cd26d5c624 0
6b1768828026f185a04cca010745b2d1e885ea6e8c55aea6a8a704f4aa0dfc24 1
ae62009e2265e86bbae25815856d897fd30291e16ceb52836b1931357ca0f9a5 0
b91aa2f4fb77c3ae2dbd517cd727584fa86f012d9eedc3eaa56d5dda928b4d41 0
4363b7defebbf23fb8a5f9c9247aa0a38ab55b558f53f91e9aea31b81c8d8ad8 0
75b17cef548839e19da1274c860561bd83652f932c7b44f2314509360e8f6a8e 0
2d1819fcae9518a3d84aebfe03965d385fc0772d71989d0ddde5952f67f01184 0
68ad539defa1cd4202015680104a9e7431361142c2d6e7f81aefc7a0a4dceb34 0
842ef587960b466b96bf86ee7f24809a3b43499db70c8d8642963b2faf7af8a8 1
63fda7c444e073a65076975ecae6c00e3d574fdae26e4e3e509174e164092d33 0
acad027ba6d38926d7c2a802c7151ded3e3297413c0508966039bf1cf19ca5de 0
66d01b0cf8796477ab7c12464afbd18b247cb970839adc9d8a824acef63b9b6f 0
2c01ae6906280fa2df207de03cee3dc7f88e3183eb6d726462df5b18ccb3b78d 1
da490b894f22f0d033e5f971fa2ca6cbe659946824e21c0afc9b0bf02dd6c28a 0
97ea0196b5f04695f6362fd2cb7600e5326de97eb618d11b14310cd0c3b19319 1
1b08197fc08438ad274b5bc48c19cef17b4345f66c97b0c2a3400e2ce28d9c0b 0
cd515e0cdf866612fde3cf29afa07833206cb93bd8551a011b7148819afd252a 0
442379393d177e220f7bd5272401c07dec12db55719fd2ca9dcf448760aa3861 1
432a43fb49a12f07ddd856d5caf297a3ddfee0d96620a21040b9d52955906643 0
31a0ef3cd6c5632a19da2c658c2f46e73b856cc9dc206dc5fa5937a93fb833c8 1
bd041fecc6bc65e55b4bb4b2e71c96867dab55aa7d08b2402e4573bd0c7af1ed 0
30a0858efdbfbc6760f939a0775a49d46dec02d4199f8102ea10d451723941cd 0
d94f1a923757a477e460370f44539ac9c5422e698c5e125dc2fc0c4f4edd40e1 1
3f9a45279a3bae0fd849060e898570dcf72dd8511d791f21745882dedd915585 0
d613eb79952b2cd7701ecae5ee8e88411a7b99b0132a4c83e63071ff43c2010d 0
0efafd003b3483a1c3086bc965fe2de8624c76580b8588422ab266ad9bef2f56 1
c02ad6d6157793b7ac033e9c2db642a714d16503419d81ca953218b464256dc4 0
eefc9078db8d0a0667845999d6836ed4da92c7987ed6826674b91b7082130403 0
d7cf773b37d60f095a4a2a1e1a2b5f70558ec539207b5d23f22baba221c75573 0
c69c4f21141fdc0f94aada930afe5a98815af1f60068cb82d31e641bb51b4cfc 1
d53cdbc8f33fb1995d2abf6e1871ccaeff7a251f57492712ed2126f3250830d4 0
a604b7f365edb005332dbc5590fa286ec7ef1e0ad7b16bdb59f591d79e05dc46 0
8fefa8739aea5308db430be655bb9c42c661e93149dd953a85c64ec4f32c4a75 1
dc907557dcf1fa881bbbfb36f8dbfdce5b2f5f94b3e8acf5cff67117741f3947 1
eadd354cdf30fd8bae4edea422e90519954cb94b52d4edc25c25d31ab25fe1a2 0
d15692d58d53846998171c2aa911b9d7d8ddc40e90e5164f573dcb7e17e3aa82 0
af0aec4aec3d5f0fbee02b636bec1c01d7b6760572b120e14234c1c29ae5b203 0
78eff0eaf0f8d45e3ee6f07e02a57cad98502ea7f35c91bd4ee0aeedcb1626ea 1
f245311eeba2488eba87c66da4083f66ffe6689a404cb93f0e09a60e9d403933 0
9f85bf13d8df350e62dd5293794daaf0a61b776e0d82b1c87973cd599a230e70 0
b29a8b540fe8af7f5e7d2b338e8aba6012aee906d3b32a0c7f2b8452f6acabab 1
cd3b253cd54386a7e27fd418b0870d16f5b3861e71706a66fa32b04148e9e218 1
81d423c173d97356e4e939640e1ad2983f74bd07b970871fe8d63a603fc75d93 0
d8ee034db054e0cf44ff410f38ce30efd47d4b02daf8e515af14f82c2d9ae628 0
6cc76efeea4f166b5e4e7f1b77eb62d3f0cca6c470c0e702924ebdc80b17d677 0
fa186f951a690366335f9e3c201a5dfda7e1b1460a736b19d7cac84bd1a625a0 0
1ab9fb9e79aa52cfb1b94c2b7d4c1bbf792f8deaf09489fc4e139538bb6624e1 0
1cf3d74c3941fe237d9bf0940982c09309e40b642cfbcb78d280ef5bce13993d 1
87554750d36a027d9a2df1f71e91d57bf883310252a9222d0243dfe338985b49 0
8092976d997cdbd59935b5b239e2d0a7140e3c48fb019b2f640c187c298ab860 0
6eea915adde518391b55edca2b1e9df77dbe48630e3a4841c6640abc969ae66b 0
5a2d5ab20ff418759b1ffedb88d4bed9697e857b03e4102b30894502799e5e2f 0
da921414c6bd0087d03e6dc7caf7bfa26889fb5ff16866ac554281d017f9c70d 1
c04518bbeb68ce861d9301fc3f0d0215c1ed6a18af6a05f30efda31cc4d2c863 1
c8c91e10472add98787f55d5ef755a62d703adc3ff74c888fa4e17391d233012 1
62bac18d8574ce50f99af7352bcdc64c7912f5afd59d7bcd949975f6ca614c29 0
8557c7feffd8fec5e1c2951c86d1d50ac297523f32edf29433ae6a225a3e1d0c 1
74f7644ea7aad704543a6d5c3819acb0400ab80e0d2aabf2a6d64618fbfafe99 0
fa3865522aba00aa01e97dd95948d295f2c78219745ccc2fd24922589b884d6c 1
8e99d5757b9d3c70a4d96554bd62b00d021388b6f75b97a6ddb2f54eed40bc39 0
99cb03b60c1247c186c61cda6ab51f4944bb80589db6114dbcba4e646a7a7138 0
ec32b39e6f3cc26866362fa50a2b7c7475e8c903b16bd754be304e0aa4a79ba8 1
b79eb2d5914a7ae01e73bfa53230afa98bc2f82f63548cbd88fc3f3e40b7632e 0
b8be588d31573a372ad31aa1c2a1bc08e754dd484552d2adf0c04847421adf26 0
836993aa2d09965bad8fa12ff7dc7533e04ab5aba54367587652916f25996533 1
f93ea0864c37157bd366ac290f78dd315454e524a86ee7c39d13cd755cc27ccd 0
dee02c5581ab5dd9ba1c21c1746f7666db1990fec95e3a2bb453391f0e5e5d8c 0
8463f01653bf51b2330af55807180d7a034e123ce672c0e326ccdeedde1db748 0
c9771ddb53a43e364f884a8854ac1028b13c73b7e6252a01f859245512a845de 0
d01603c0da9f7aa4fedd0abf99e33ff0733f4ecdd9018d47a34f1778070755b3 0
c852d8837cf639561e78043cf389ca2dca5333fd707ff6c0605af5bef52b6341 0
bb257004d0c76504b71b75eca0f62ac8ffa13e55ac2e4091bd1f594483e1d4da 0
34bed35fb2753a3f263f819f8b44333d7c2451589bb9780eb866fc35b0037eba 1
a4be61f13aee2f3fe27a35b7e2ea73bd27951e5d45edd49b60aeffd431767264 0
b674bfb4ceed576752610b6fed07e6f27079e0425daf8ced1cf0a5117b833aa2 0
f67ee0b9192be96fadff92b2ffb4ba45d8eac0d58e11a5cc1fdb0045abc0f1d7 0
cfba7d8042a1b9f806a32c64a8cc27c29b91b34b82574e65cf7bbacc4e88bfce 0
bd2ecbefdb844783a2f771d2d1ada0db07161a3fca48765359f345d6e74d7e8d 0
67be43b5416d132209de0dc84dae6c13c7a174c6421e67c6c66b93bca96b87cf 0
8db86252181381f616214aaeddb9ad54b7c33d422b4079ce462f978b7e1b9544 0
db376a65e5800d131e123c9fed3b70c66733826f160dd10f39b1afe8eb9c02a0 0
024a3410309f453c0b645ddcc51231d163cc1e6d45de318b50c3aa72fe9d8b4a 0
899cc08b7ee1ceaef8584a2c9a0a2612c5ebe1a15eef6bf0b30a5349752ec210 1
7a756d069a4681d6e275ac1ae79ff6b73a488ef9e47f7f8763ce2b0f56f43eac 0
d78570fc80276ba2adef84dc0969f5b7bd01e1d0ce9a27c20f44e058f222d4cb 0
93b31c4b04e2a8a30e7fc5f250a253b70151e0993b75f8f0ff05f6484bce3818 0
03c4f232425a37e8a0c74ec9bdbc64f4237ccce17dc8f09e55d6b9c10b2df4e8 0
665a472fb0e01048631d4260816f1da14fcacd68efb0559b9666d3f50ffb7b20 1
e80109df5bb3b2bfe664a4c80661b6dd9613def1bfecaecd3bfe73d96393fd7a 0
43c0b71a8456534eaa5f9e3cd06675c9d41f7dc8a4ddc2201f125bbea31b3976 0
d246788352a10b08cedd0184a22cf5ad22592bf999feb49babe33cc481a7da7e 1
eea6c3a6a6a877f023b5f0ebfd53493cb55573c951425b185d30a5684a122c00 0
97e8b4c7830314e7ad32f545d8eb4fcaa1856f06f10bf163c2fe7e27f71678da 0
1ddbca8b06be545174322cc40f404c22ccbc73ba290699f292da6f7a8eeaa043 0
7829f1c95eb665a965eae54a350150ecc6df759db3c786db22570bc917803e26 0
2dfa0795cdf469f0e892f04b75de0c3f4506048588b82bfa6e6c5dd2752098f7 0
60dafe4c5840aab28c8e5d58bace63d05a8338552dc4a7e407afd053fe78eab3 0
d146828491ac5d534a235b22edfe7909dc0b6f6172b46c0631ee1ca2e723ee79 1
d84f071a66ae5fb72c6ad6fbf655a7f471842eb2529b5b4de8d7a8d3f2ae5e19 0
0c0b8d3baae6a3cac0c71b5adb1cbb1d50d9d54451455c723f20b7fb265e3cbf 0
54f63bfa73402dcd8f42b91a8177935be9cfea8f8c2eb14eee9b1628dc8b2628 0
8b3a40f4f121501f356782cfc222c05897567310e8edc0a89d7b6ee7b846f369 0
a97e675f331815570b88c13e09fff9dcc2ad41fcb5e761c7f66e79ce8a0ae536 0
cd289e822faf863020781354ca20656cdb9af3f8dfa87b9d7f00817929632f8e 1
e86a2d5ecfa547ce22c8a7c5a42c2b5409d57d82beae690ee9ecfd4a381f75f2 1
ae6f581af06624be52c5df8c9c6c45c1e3d5877a76ef4a1749a22a1078b58b9d 0
f814619685e986596623262247dfaa9f45f6d05d17f9704e650bde9fcfbe9626 1
d52f546beaa2f5845f9c2f8fdfd0dd7d8f7ea17a103650259673f4b1ca5d9904 0
9199bb2f5b5a5c8058e6aea9eb024ecd3d645f5c54b1b230aba4fffdc104feeb 0
45ade834fdf2de939e63723301d21a148e900518ae2e0f862e22ca9645f176fe 0
29476d9b448c732fccda3f9cf9634811b1ed3d7ce5928dadcbd6b423de005363 1
ca8b8a020cfdd9e705817d4531c74684e952008738cd3d48cdd3ecd8812af981 0
ca0b48337ac431703969a467af9230a6aa740f26def7f57fd6085c962be7a775 0
c0f12492523dabe783ae8ae4fdfbf3db066d10dcf727dab36acf5ee1fe55a963 0
df0ad752701663e514e8035839f4a38aa4a1755dba6e8290d86b8f859a6a378a 1
a9271fc8308f6d9788cf0353e6f38f0f0b2501b88271b0a35756df9704630573 0
7fecdda7278751b38fcb737041650b15ebaf747eabacad5f7724869a4ca51454 0
8c0de35f386b685645e1b749ba73f09f7cf963916ec4acdd9c9a3ad79a083952 0
61c2aa7bd386f7a746400cd22a4b820fee25dfc66f3b9308fce73a9e827aeebf 1
effa1d247ae2dbe829de252df0ebd4807296a87c169968f34b2444764eb9fa1e 0
e132aea7ecdc2bbfb0bba98c499ef51b478cff5a37df15bdb9f3fa6fa546fd98 0
90eac9e6cb2cf1a7a1424b0092275d37e0d0e6505c776ae333287dd3f233f546 1
2712603f97821e4eb91e3d49ac884b7065584362170e7aeadad7b0f17d92a85f 0
771547609419160dca7f6fb3fb17122aba3a7da8ebac9873d82165af2afc8041 0
5fc8fd9bd4b8ac33cacc5272be49d6127686e2fe17c8e0d15fb24f1b56ba6cff 0
e90579dc7076875948ca1fe4e53b0fcc2336ea1cd07c64ebba411be208365b69 0
7583137499297ceeb10c6ee5d62aab79cd5b372630645759caa4a49fe4cd4339 0
d95d59ed4e214c4b55cc7ebe4c67e8fb5abbe4a50996edd90ba31d2811cd2a98 0
150713aaefbb9a6375a8850465773944f80fd0d66d1eb830d65527c5f8034031 0
0e1d1fd43e5f1d552fce1d0e05f50197111b43e2cab0fa421a3367bb8d9611b4 0
a6ae17ea83618a4d3e86159a3729d20b8c655f53f36284b59853256174412b7b 0
dc1c8d81a55b681cf1ec8890b0d7684644214b512999b7281861b039d4c05b63 1
1e5ea946ee5c3b0a1a0221ea5278457f784ef757a24656c549bb5700b49dc2cc 0
74b34fcd912530464a99e226f97fe6f9d5c7a8ef2609df052a667bc42bf9bee4 0
aafe3b0303d1a1e5a1a745d0e2e572dbef0d913adfb43f2d9c230ded57a9bddb 0
bf1e7a814232cc7ae3e94cfe730a4b19125e8d485ec6c12426167828a29f799b 0
3a6c2bab0727432097c0db9d2b150a42c2a26e95ba63ab2547c4c8cb350e7e4d 0
08443c3d9e03681455d665100ce5f2c3a25c63dce15498bef0b0fe618100e023 0
b9044625d2f9c35f84bd813c5108b17ef7ae8ce454682773908d9136efa61e79 0
7804e60067295ed4f73ac19d31fbf31edb2c1c261026e85cf41bf420132cf1e4 1
24f96c256f16939c2de2aaf40b45d31f9cca985ecfd629811cd7ec69a54a32b9 0
392746329329a3f338002a6b1f07c2ae8431570ab8cbaf279527639507581f3f 0
3d789c1b55bd07be5f7e04a30ef2f0866d5df4c1e1186b55ed79952fe56b0ede 0
84fd611e88d2ceaa39ab9c82a025801cf90eb6db2e76761198b38a584fd5f896 1
c33d850e4230454727644936e922e0fe2e729f850fd1fe558603d2bd53ace01b 1
0f420f423ef094bf9855c9cce689722715bb9091f2e9a2a598675c7d39570860 1
ec9ab05955b745fc921f80b3536cf16a705cdcab62fec1d8bd12b3ec7a5c092b 0
1d1b076af874e8a1f5e1b7dfd7b66a351869a816f79933ef7b63a6abbd46d7ce 1
a8c42384e499936d9064d687d597695930fca8f98bc4eb36d203bf9b434af063 0
f3d2cbe80757b1c370e195228cff54e38809465bfea682562635d47ad38807f0 0
4bd9f25aa6854b8a31818601b0aacf90a809a2c077d11a3f306b0eb938cceafa 1
30344c516c01818968cb8e664ce72c03f077289fc7e4e59fcafb7b1d88be56e9 0
dd88f9d7639adbfac3bf21d8c4ffe1ca13b28c546854b6511581ed0126f2cf3c 0
95a2fcdb2ac8e190a27caa224566b1403a194a20c4af9c804e019c2abf9c08f7 0
1fa2f89f2cc43011f8118e3a6ba7c17896ffbc063f3eb6d27a2b04f0d6fa59fc 0
21423c45e5b33e7e9ade65edcd791291b3c71c7672383df9baffa1db0439028d 1
5b12b3b0d58bbbaa9a791382486cdb0090be53cce15d1d61c5099fe9c53a8ae3 0
9fc7f878caf4f742016438425a0b169e51cfdbf967ccdc8c968b77bef3baa018 0
0f4ed2a04b8dec7fd4f4b8762c067dc751170738e3fcc916708e13a48bd4eb23 0
4ca464d4131b27fb992cf01791e18d02108526041efc236c5dd7b905ad9e1140 1
c5313848a447ab8065307bcbacf5cb6ff433e82969befa8c135f0d1ace029976 0
6eba8c3bbec7f25c31dcf3a180225be614e6c960842b241a6fd9718c1d2d48cc 1
29648e0209624d1823a840d6565693e6e34a830c3ffbb5972b820f42f20888ef 0
a988a68a4975ee066c10988775f003320e6d4db13b8a01d603709c0a5f30ee31 0
5673c8cb90d59d64df415573c9a0e89ebad684400745da7f5fab7c7e2e854036 0
ab12af5bb05b8f9b457d5f78a244049b8d9cc8b775d36a3fd45bd33da9402c6a 0
5a7d72048b7dc24bc70678cd6ffabe0d3ccaddde565dda18b55cf1acf91b60f1 0
036ddc2c10ff253caa61c5b9609ffa0fe7d9d0e3bb3c3166eba07a6bb57c06a9 0
28eca9e9534b26aa1675a45f635aeba9c445b5692da7789780f4dc22cbe7c474 1
6faec0b86520d06be62c4687ccb8af4d020251192705a1b63f9bc77248acd578 0
c87a92e634a51e7d12478afedb9b36ba56f12710f120254997c06de889285a8c 0
2dfc942059618624e46410bc0511b963649bbac38da592de7b0ace25afa3fcf1 0
d6ece20ed88987809f6f104d3f25c7df6dcfc4d444c90a595273973688fb80b2 0
dbf23177142a676ff95a766dd4199a2af1da4a39be8279d366cf0194158be65f 0
887622d11fc345eb253cc5467fc947a3b595877c497584dc68349d14d58128e7 0
902c3b014edc6e18fc8171264344a76f9d04e85b3a676983f2c3d4dff1ab7fc2 1
8148371c6f3a80b3d0a0732e51c5c801d5cda57040ae86c6e3cb9c224e4c9680 0
b61103e877da7b8336d85653acc7cc9247be75204b1e19e7a01d043467a5030c 0
bde218b01b176a1963c8499aeea098918683e1b281a9d46e2d40f752ca18c6cd 1
59e5df997f7d63313c5a3181075845ec2a9e3f85561d910fde4c573bd2816632 0
8f20fd6cae479a53b10cc9c55cb6fb1f6f6d9fac768af517c6884e20fcc1d726 0
0e266719dd3bb656ff53683bba55f760fa452315ae64e47805f9e13a4e453679 1
2e34c5a2179334488c67351eeba8c1023628a9cd38ab5cb97cdac400491e8f92 0
d11d107a1123b7730a144a54566e9d38119a0466eb852823c440ef841906ee56 0
2deb350b532aa865faaeb0e1c810480b0785764c71164f568aff960d7c595b5a 1
99c9f36c4d8e0b0ea1401d66c23f8b583bddb6a4d1cc483a3ca74a840e196560 0
4e46b546b2375ce36493d3a3ab55db0078c39cd0da1f124453ec303ff1765f0b 1
0b70a901ebac8a7fb9f6147f32ca36b48aab0c23c96903ab4f711828bbe6002f 1
89bcd962110372fb68018fdf7a23c8e6668a913c974bc5bd1fa6ab32abf13ba2 1
624a7afb15b598945dffff6352cebf61dc278d662cacd6408330a27f6ecd146d 0
0bdf4b107b1ae7631476caff8617c4bb112f7cf70e1b325932f938836b4d84d8 1
7722e077b4a04b88ddcb9b96a4ded4b82cf59602c07e812ce6fff88e2ea65ab4 0
3c49da9cc8534bdcf47448d5cd2d6350cf0e24f2ef9c5dca01d5f3f7d707a2c4 1
f244989230fd6ccea930b0305cb8d70d1f45da2188a5ec9650c51d59c43ad5b6 0
db8631ac7d3f258742768441515b33a03ec62aa91559844f66225846b9a838f2 0
f3de42435eda9d9230ae650103c2e75a41e2c8fa73b9d50603cb94f4afe036b1 0
cc4e96fd97a49b89004f575c588775fba6d71c03c0e251d595152ade98cd869e 1
e1d732ec96e35156f9cb6197d9010513d275d1b88e328ec11515ae439e6df995 0
0e5c95720d3ec2a805ea6832a82eef69a5707891a55b8c363080602d72cfd7ee 0
c0af570059b9e24d792e990ba63346744f202f071cc8f39937466615c5fec13c 1
3c0bcfebfb86eaf3a2762a556f3fc34e3a2624ee1ca2e68e8725867b3c1d47e9 1
19c484cf71bdca260f4ae7f259d0a449d028671ae82ba922750f3a982e49f185 1
02d51eb55e245997b393b5724f6d7470f5bc5e0d628e0192e27726ea077e9381 1
fff386092db74b46929f51a8e890c7d230f24fa3d023a08a76423c85a7dd1342 1
fe0b511d34041e4f4ad70b7d585732e95a2e184c844a455deae5c1e3706718bf 0
49dd9512ee1179c1f4292381aa2bc1e6f037c22dfe23a8280ab054b0c4d68fd9 1
905c6e3c83cf3fcfca43635c96a2b9583d5c15b7cfcbd1b6373b4a92e36fa22a 0
ea4ca3717f48f93c77f85d046794bd187324281b6cf0a37e33134dc86bda6d28 1
1e2c42e0898a4e33fff4a8216b04af6dfd5d925bf1cf128c11401ebe2e86e2f7 1
2099489eb018254f25ed0fb7d09bfab719f6011c41fe4e1d982e30eba438d42f 0
9c4c6738bf9576185baaa77cb6b05f3e3da35344feabcc1475927c947d8ae6ac 0
9a000e7337f8ea048475185f60d9642b7f3fc990bc4d57deffca3f27a2295e28 0
451f9eb8d0c7c362cd4bb95232713fef6a884f0b287001ce965d90e473b2f45c 0
be65f225b09af4128b76353dad24eb3559650ba0a7dafea03da502c3868f4598 0
c7f3a992dac0a95e12bb65622df4cce7f1c487461dcb484492e6d3a2cfb07e78 1
3847d6249e4b9fa28189b21c4b79cd44240b19bc2d39b1138c1bc9cab118cc32 0
ff5d33f3d273dc29ec3396ecfeb075d59b63f672b82d8b02965fc9ad6da0d4bd 0
f5d708cdb267e974023bafd2e6df857d1ed4872161ae21801956ebe5bddea89a 0
c877259f1ba9920fd821723494a26771f4cf543623b8583cc333d07c82ef16c7 0
113d9ad3709054c96c5b0373e6cdf3b34284fabd1f07e3508cf3c5ee644303ce 0
695526d981b972a04e8ce61089ccef12e00e319c122f57420e71b6d1708802e5 1
0a9c565c2adcd4f08e7457e95b2ed23c0a30fbd4baac962bc8bbbe60f90802d0 0
fb90a2a3c5c34a23d722259cd42c07936cebc51cb3be90b1e4e57d152256418c 1
5b6fae3c9ebe21f5ddab368d7aed9c5673fb97af480cb66bcbd3fac41c62f608 0
a7bdf81e7eabad41d53131f92b11085b2a474055ec18fcd40342b05384322a5c 1
4117ff3589c5ff0ef1fd54f67089f7107d30b2508159bbe925bd47da157032b1 0
5fa42cb23674850c130c6ed194899c99b833893b1c59fa7e764caae0e47d34e1 1
f84caf4095e731a1427076fbb4e3e102fe2b092cb09c4cfa6d581e338f2cea21 1
68de7ca1166cd9afeeedecf1b7d9267dc4304f5fad0619cd6a0b89968269dadf 0
48425d2f77f2279a8e96f8812eec561dae1a75d1dd3df69e1b6dad984833c9a7 0
8f1399caf63e210d135fb6570354b086e0bd6118b16d54d88d20a4f38de4418a 0
ace970b9442a1767bd30b084078ac66eb2f1f72dc3c01bd1668372476eb6e899 1
fc62221c6f33898a82882970f938aded1e27ae1ce3009c2d2aba0162f6f5a9f5 0
4ed33c1ef3abd36bb67a14cce65e9b1c968f3642dfdeba1f4e498018c8a91df8 0
281889090f18933ee682b0409c3e048d378ea54f1a16f8ff165d6670cda84493 0
12bfdc0f3cb0179ef68f64ae18ecb10471af49765abe0fed836e1da1e4bf86ab 1
9b469f946860662d229af7ebe02e86be6ebc9f7836166b20cd53e5b7ea52dc4d 1
1c34f4ec21381035c11cb1b1afea168b8414f1b186ffdd39ebf7a97b79afc7dd 0
2b7940db2e52bd012973309d84552332a4a9bee3487b4cfc5829917935046c4b 0
00470e323b1f9933522d78e12012a0b6a5d9692bcdb6b02a38ce0e94538f9bb2 1
bea6454e95b15216ecd193f76fcb08191ffd13afc8e6fa41131216289d894d5b 0
0464b34b765fd446e890988f6fd1275fd1a553c36975ebbe40db8697a07932ed 1
cfebd19c2baa2a6cc0b1669518def51a0126399b169d096cb69e5fc36aa7a949 1
a7d1eaa6c91a23d70e9d895c8f25b9591fc89a54e9d1f67eaff407d28e172786 0
62f4cef65baa97d1d944a72038512b247d1c1eb75aa4c327f6a2b1964b143ba3 1
49f6191f74f8cf092e702a6cc78e30f0f527196a815bd3ba001835387a1ae037 0
352aae8d6a79f8eba1966f4d054641c8c75b2169b14fa9c544be43463867d452 1
36aab69885d6a832443aa2cec1900a0fb3832ecdb0331f000b761ee89ef6ff38 0
102dce2b3c77defe525835815fe02cffa4fe3d2b4da7f0923793cf3056fd84bd 0
49b0579df0d723a98c7cbde61ded6a47b14fa5c041c17b1658ae942df629f3dd 0
5a26e75f3ced8a6eaa1cc9feb802e143859ba04f55e8fdd43a6af78052e71afd 0
79c13bda9806361460f0f5e0ba6337a7d21e5f679e35c837e9e303fd6844198c 0
828c6b65e4d6175e9bdf6bb9b1714f07f9f0827e4e5ddd55b70be9bcac9d6b7c 0
6f137abbc1854bc0b75717652f7617ab1ce75613da0132ec2343d3f2475b31a6 1
7b296a9ed46e3063e9f99e58531eb6937a7438ef2e9dc2b0e0c9c399c40aca7a 0
5352c46c145ca85f654654883058cb26bfe9b68e14ef9136e6ada7539d8657bd 0
71cae6fa7c838a183b92b7bcb4cdef5ad2d3b5798a2e98cac11502e9de6da271 0
9041c39d773445d346d14eedc5f79e60892e99ba0e7dd36fb6bd652d8693fc22 0
a3a13284c78d0b70c30c49713085b2391e530ddba674d727e6d9e93361a96162 0
052d8b778cc8fb9f8ee0fac7d782c16f9ee1e1565d8ac813fcc8acaa46e259e7 1
7bdc32464813368c641ff931c868361519ac7284215b214001375a7b2c94f035 0
74ebfd32e3835beb7e168016e314ab502ab32a8d758d9588c56b1640a4f7f292 0
5eafa94e3058ec160b77145434fd75596b29004dad3c6da20f1ccade09a638e7 0
e92970f2887a086e9a5914d7f314ac88e34cb7813a497a2e8f85dc5056e54ba8 0
59e3cf2eba73fa25257775770a91b60a3c05f39364a2954746d0328c5f436365 0
ddb79bbbf2a9b610b2a29bb470bd2b471808d490b0c380033e56405ec2754188 0
057f8a4767c42812989c97523aa9085a608e1b64b707dd34d4015fc06bfa9529 0
e5e938152e5c3b0369f8827f0e5cef7a439f690e7f7c1c3890bc153c318582b7 0
3fc373a2b32735e01dc8e54029368ca3035a07c20b49048c035472ffafd0b4a4 0
9d4786b6b1d658b7dd203143cb9ba9f8d9f135470b23f6ad8ba4f0ab927c5742 1
c9a79a63d55106d14f5c7edd9380a6ee0c731c886b2d68ee7dc3fa3a8f9dcb6f 0
2c0f366c6a352f2b8e4ab4386cc530b9babe4d4bc0d117580dc2819084dfc8e4 0
ec5e6e2515f023243de424bd7bc03fe98890264392e69754820c3d9fbc602296 0
7874ebebc097773b91038d6248e227c38d47a766cd960749c0f38aaa0e6f3337 0
7931b0a60e1527697694acf938cffdf2439e7d4a1f0d61a5eb307189fbab4165 0
a4fc7f79754e4bc5c8812f2c1ac2993b2d26250b87e7915960c84437a7b26325 1
ed059f504f18e4b032e42d5c85e77738dfd6ffcd657b6fe8b0a882c689cfd35b 0
45cb9a5368c8c7842935c0b0b1a5878f84d5f6f2d81c097130b155b1c1a4a027 1
ce6dc75c0dead829f81ec8d038b6426d0a51ef5fee0ead8a361a43019d026cfe 1
882f763b70c5c4ff5593c8cd39367e2a71089914197dfe511a374f9f5021f678 0
b2ce6fbc96068c7d5da57d459bd947f5175de2e48b16b50eeb016910d336499d 1
ca86a52be5fb57a5daf6bcb32d076702498a8be0f0d3adbd6228ca03df28d2b7 0
32492dcdfad02e1b8756d3483c76e14976daeeb6152d04886920c7ff9cbbf7f9 0
4c52567a8f5a6adfc3b6611b817029e1940e83b9ae4deecadb41dd841f41479f 1
6951572ddbdf34d294bccd9eefcba4d6485985c6cc2c631ca06b390b2e04afa2 1
4660401e955cfd24e7ab9a9b54a6e990d411a5849bfab279a39493c86882b01f 0
8dd40751a4815168b94491b46576b8b54381f4320eae8a14a2e7bbbd196963d6 0
651b11165ff44a326cfdca5e7fb3654666025eb4b54f0129eb62f542194a5d8f 1
d98170c10bee51070e2968d5d4d86f2b992e6d62d20d1d362ede87a3f566d917 0
694d1414efa00a676150e3621ea5d14cb9145da1140c6f8c78321fa6fabf8c2e 0
b5c8a15af3d8b1d9a85a706a3ae250231c40f45f0364b7155dffe77a63af602c 0
ea585611e2123bfa3b48596e0a21397d7a14c76b028b5c7bd62260e0728ba611 1
ee735bdacbb310b632593f4917f41d000869c9e620eea7cafddefd8e6255d545 0
d2d30452a935827962aee7abf4bf092a4f956f8b95927ba1d10266e8b2fca1e8 1
e94793b477709e5697a60a8e24dfdb06c1a78641c38d1cee94483a49210b1d03 0
334f4a3634b184f1b6e055094bbc15d409da08285b4c44cbcdb7082666ce526b 1
b5fc5f8b9eacb5420dd64694e62ee485cdd446fc903eb27b146e5d82e308f117 0
3e94eeb9902f1e3c9dc1fa2c1531146f1957e73721e894c21c5816498d59c422 0
d77c633b9714024f925c482b65b98d146d1a8e9c7bc00c6e8f0a00cc336f97fd 1
758668f39b6419dcca7fd4b6921b286f994772357fbb7b60a41159518ce1f74d 0
162ddc817b61cfe5ac96820aaaee8b088264ba301bfa8da586112f5638687f26 0
02d9f1c16bf9bac4f1b81961a3e48a655a10e651296f32210ca93ebb16561802 1
5d5fa987c6d39f7ec0820f18e88061c8906f2c696ec16b57eccbf69511a88f8a 0
8a68f5da4e9916cbc83a57ee5745339c62328b307a692590cbcf1757a9717d7c 0
0858a7834db3375cc2d2fa76ff978c24742b3ea20c1f653c8a64dfdfffc886d1 0
678c47427db342f8cbe081155c95688ffd377f642817522561cac0ddddf62984 1
7e562304b347121c90d77be0cfbcae609ea968152912b23157193bd64a1e3b3b 0
eae6b57d642b2071099cb1e05561efe27d74887fcc0f39341b7304eb8057af59 0
3406580dee78fb20bffb1a789023296a0b9e7b2f7599b2db3f6656d31e38b487 0
6e859272372922e8537c81592c9c82859a93a53f7a38b76778868771af354e4d 0
e6f878d5be56b0e506cb47b431421a558c5f4364f6700ad7e83cac58671886a2 0
ff4b907cc7d919be79694795b31e29957ae0f248100daf6c8a5ee810d1da7282 0
087ffe6562104dbfe9fe429dc85c1edda6356dc652a2df111df1cedaf92cdf03 0
1c58ce613bbae5775aca3ec8b2a184c78b4863f5ea42d2ba154caaf6cfc41d01 1
bc9cec20e592bad4f2ef83572fb07ab7e98cff8e6048dc2632666f36190a83b2 0
8d2db3cb058168cc3a8fbd370cb76182b82c6cd7ffde7f3b5dec40c7dc750f28 0
5b09501b25023bd5ef2c69f840bb0a47705843f975e5ca9fe96dba6f73fffae8 0
fea2114e48dca4a162801d3ff5915d968b708894f3f8badea5142fca8898a670 0
fe0e5a7538ceae8d467b8e79c232b5fdef9614e07ceb2feb89ae52fbcbb97704 1
26a3a70da06f47dff8e6c084ae83f59e736e579f96387a9b1f8cee11bfb58ff1 0
e626508579c1b316c3699dd7aa3e15fdc0369c154d8cb1da3e5d2e9091a30a1f 0
69934f9271c0d414e568c8148411f7501d066b941ec7ff0a26142ece49d67d05 0
1f45b0d3bbcf461360b8ee5819539b51836851d4a4aa050c0c7d96623e3a4556 1
c351a419938d420c99b4585692b97dbe9f7a6735e638a5a767ae6baee6fea830 0
952b5bad0dd99f1c1792b303778d035b32b47de48c8fa9bd6da9b51b735772e5 1
837cf00d1bad01fd549b5956d7ea15c3f607baf8a74c24350e6c9f43d98e38f9 0
c4299f86886d31db426e95ec03118f815a89c7406cb5162a61d72f80161da52f 1
b3162acd705f7c77fe84f3b673c3c6a507e4334c034d84b4508541f428b15545 0
e277bf50292a49933b1b327f38ea22dbddb74cdd7c63e96614865f56fa74437a 1
901b26e140ec526ad1c8d16aeb7d8fd69034cf69c6e8cf7771f36e4cc5815350 0
b4f85f33c267274a7379e0c9967d0c6ccbd85c5fe477c800f79ec94fabc647c0 0
8c2d23435c8dffcb358fafb938c37227440e2fef897c27e6e94800bd2ad6e9d9 1
99654d5a1337efb3a76678475b4bcbe1ab3a92a7aa07cf416f28fd0b527e6809 0
fbb09a1cf3210809828f4757ac427c1a76826822ebe7c7f95bbc0d31898a3526 0
4f382c7c459d6ef9197011201589a1a790fb9738e0cf281c5479f678c853aeb3 0
5d882123d60b9b308fc9ce3ddd5e0e2cf4556ed7be6d1737efaa031c4c8a2cf5 1
dc4ae8c6dcc220439589b1e196da7aed73c9c6e5caa7c2bac71be0ac94197644 0
8c1af441b484199bc404bc3d1a05f035044d386971a4439cf9d9139baeb03fb0 0
de3d1ca0861e532deb70374c0ea0b2daeed99fc0f7ae4556ba29e4ca654eb9f3 0
9dc1663ae0cd560988e07ab3c3d2c88ef8feb5fb974d233adbc278825bec0409 1
6b082fcfa9a24c7ae14c23cdcdf12db70ab24f4c88dec48a152a6485cfcb758d 0
f96d3ba9a81930a3edf182854dde4f8c0526ebccd39daf0756622e86427f2c6a 0
06d2e7470165c40a01b0c81e0ef81f59a40339ce5acf8dd9a90077af519972c6 1
7836d0abac194f6c8c2ca9add13f57843340b222ec832c7d5819b7a6adab10d0 0
c4732dd203602c0104e4cdcd97d77fa9178aa4e0649f1271dec5a2e825d6d15d 0
7035dbdce7123fe225d09895c51766bd9132a74d810c416a44ad722ff5733224 0
01635044ad58a9fd11a26653d15637c93f43fe4a46e84498ebe398944e129387 0
0feff051df650bed3a7658d238f444a2d707ff46be83fb719bf943a5bc6e5d42 1
636e5a64454cb4ea3406eb6cac4dbe4f581a2cb436c1f307038fb65a62cb8616 0
e912a8bff55f70ba48d11ab0561ab5783352bf6ebb1e65d26791a193d7b540b9 0
eec1ce3e88741f36d6e7585c3b47109db3a07d5c1f9feb1993dd42ed491f34e1 0
e0e26196d0152f5feac5c0e488635f00857d5dcd8eede11c38def85e3b6620e5 1
a8318f022b0a08032fec7ba1fab7e54b33954f444a4ad1da1e94762a51f471a1 1
7823f43dd62e6003f364d2c33471b559fde1b004ff09b80aa4c370efd562b693 0
12bfdc0f3cb0179ef68f64ae18ecb10471af49765abe0fed836e1da1e4bf86ab 1
f2010a3b9c4cc86e58b8af38765f3bb2c446ceb96f453d8ef2a43c524d561e2d 1
066723034feac1f80bb9c9ade9db90e90c7115ce73cd81e28690f18362c74db9 0
cf58410862da11d73ca4f2a24004307901d9674174ad45f964da7c690f6bb17e 0
786f664214affc763a2bc53919b70aef7bf60ac6a5ee570aa810689dfbd93cd6 1
db472205ba8579def86419bbbd8e3ae5b976600d2ac64aafe9e1b7edbc05ee83 0
757d703b97356234fed17112da5ecc47c9369aa4e71b159b4709fdbfcb4392ed 0
e946a37468c3bf77e676b1457ca5543ef8b45a53b6f4de8682a4d51b450a306b 0
5f554d1be840d41f110a6606e751abbe8e676aca238f35e50c706379955ad128 1
8ccd954c84bb1f89c7e3e9fd1b794e52bb50b69447ed43b1045e51ab2980566a 0
2ee4be54089e7166ea1ce9cb3f99b79526504f4aaa52311d31f95277f4e23004 0
18576ab11efdb1075dfa7763d01ba52cb46249461a4c1b74e3529013a8ae5024 1
7f56d877fc143638d425c4c92129b7fb79c8488f60c15c3abc4b713fb5aefcef 0
7e716bcc2b69f12390e0430731a84973deedd0a0d7f2228809b48686717f94cd 0
0347b83738a1356bbead57341263f3be938251ae750b191b3a38f4f27a9f75d4 0
8b2411c226e994264652d72f5f2631ff5d65e2779d3b6bde45518ff20551e0b7 1
5cf9913c89c34db4a7af70a6c91d56198fd28740c5790ca1351cac6916c6b977 0
c74c942051e182d97bca0f2b99e1f65c9063548752977cacde400d1f04443dc6 0
90a2f9b9e4e5b5bb8faee8bad9f17ebab3604a3608cdba80f8be4cf868b32474 1
db36bb4f31a3751eddaeb2a87a0212023acab3b28baa87b0ee439e4eca6b41b2 0
fd1db79498caf457aaf59b99a09a99a4b386dc5bae924149e97da58de9b11b40 0
abb074ed77b63cb1efea565c3d35c1a2084477ff5e72d040e39a165084126746 1
09ea4b947753c0264f1150b97536280f001de47fb97b08049024aa1bcb7963a9 0
41cfa660676cc363b5f4561c73d01e40542ebcf5ed58b1edf67dcdbf508129e3 1
3bae5f0bc6a88d22dcc3ef66b4a207e5f2b28f9b798585c36e6c68ed3166c9e0 1
7050dc57ed72ac1c354c29d9308c62d28f902f19c9080197bfa02a4bbaae2e00 0
9e4b87b4bf951273115d2decbaa2c3ea005afc98897c6a46c7578f94e30a3edd 0
6942444322b5de8814891a2f61f332d67e7e81605be86300a4f56079fc4e327f 1
c0b4fb6ea96132e875dfba6fc680a2aa8f0addd3c61b299bc335d638a988ffc1 0
5df9b7b30e7558c47559c11fb91453b9e35d9d0f63455d87650b054e7d737889 0
5505d86f8f688e279a4249917338a0016fb711cde11b3577b8c3ba0026042434 1
9f96945284171cfea85c9107ab8658fede11bb06effca3b62c7cb0b9e3ca2073 0
2839c9ffa1d10f2d440a8c0c253e00965ecb5376840540fa451e44baadd7ce1b 1
e6edfde4e261a2eee9bf64a542cbd95acbb4880848914f3aec701a0350f79d3d 0
5e6f8a5c2c9b707da7dd179f513aae8faac677270d0ca93585f76ce187d7c0b8 1
a54bc69f26a4c2113a5254f16090c9bd89893ace4d14b1e72d4597f6448fc435 0
84409353afa5317c5593ec3ff4c823448d28b6b790887f67d8d1afeba47112fa 1
aad308f930b101d3889fa4054746c0096f7eac728f395e7c368b6240ef0afd09 0
cab741a843ca5de748f1186693282aaf2873a4bf80de1c1846410bc52c3fcb5e 0
2c4c33e6374ae9b00d399ff89f7e3e71cb71fa253bc26c0c5c5344d2d15a9508 1
02de3e60fdb7abf9f03f15018dbdc6b92c52411f0aeda2bc5a9acdd079e59c88 0
1a2b20d358ded71c4d8f7eb2b8a12f423a93f7a063d91dc841faa2cb61c8a6aa 0
6ba5d23fff99df83818824a0d92edd15949002184025e04ed966cd96b5a7291f 1
84b56fe1f1871e38882ba87c4e3f86b1335a724be2bf6248defe10802ff6bc49 0
4898fc6a5d5afce48a03e9662774f91a43e73039be0538359f2c05eb7f486448 1
2091382736f358454f64f92b36b6ca141df2e249a9c5c7391a7ed41189e1f5ae 0
90bc56bac8d99db390dcb2b11ff57bb90944a36d9e7a81576fb5d7ee1f954196 1
9966c9ec0a281b06f137650a1a6f30640890d677653d1c802e165ba0c2416ec2 0
f13d577f7073d29b73d43692ae4c012f2b6061dc32f05898b55f009c8e134a0f 0
ba4375009efe718fc3af2df354d055f8e3303f5af9dc3471ff99169f239f3122 1
337317381e2ee6c5111e180621dde6085f9d244f8097abddf85de567ac58778f 0
1d1b076af874e8a1f5e1b7dfd7b66a351869a816f79933ef7b63a6abbd46d7ce 1
e036e32ea709d46af79820cc6deec35dafdb3017315f459f759ea34cd772c143 0
f876f50d0403f74e412e7380c193b96e267ba4fb7bad522e94afecbbb435fb4d 0
b62a8b4192256158cd323cce37c6b15719984ddd50891c8a6d31858627612063 0
081337c0e63628f9f98008589084b93ed3973fa62bab7a5c06471f5c23c14e0e 0
cfb610ded07cf3fd260f2e217816fdab03116a1750851739da22517a89c8393d 0
07576c7296a3242b1f0db88042e1fe0ff85e944a2df9e03c35252fb079c57b55 1
c8fc60220593d95294b4969546227bde84ea1e4148eac682fa05be12a349637e 0
1c825de6a8fe9ff03bc5c52b51df2751c1035a283cf6cc1ffdd58b3f552dfe76 0
7afb88fbe35f7a37156fb592a35c64b5a3476bc828ab30ae671c5d21c9ed7f4f 0
b8d92bc7fa2048a7da658027a67a245a4652de9d10c69b1d65018437046ed726 0
b0c2ad5e106f2e31395ea7a7dc08fe1f27435336c8a33aa9b26fb7dde1594a52 1
f59b01c2cb6194efd3d5dd49ddf18056483542b79094f5994f1db61eedbfb275 0
9a04d699fe5699586dc5997dd7f979497d3a47fb73219d84aed9ef33d721e6b8 1
862deb1ea7c37307e5043d5dada642df02f9f1683680dfbc89dd2b7747704a1b 0
df67c092af67c79b3c2983714654cb7392d632675f65156cd07c767de1791969 1
99c9f36c4d8e0b0ea1401d66c23f8b583bddb6a4d1cc483a3ca74a840e196560 0
ffdb6ff9e522d5234ee54fc01f7e63676e31681eed58ed9313a420f6cd478fa7 0
9edb894bcc4ee8adab9bdd1a570a3d86963347754c24002ddb9eab9c0bbb9757 0
cec26e3d261b86f98f91d9b31faf28fc58fd92d2946d66c9980b3dd895c4fc08 0
b1ed1a3c5aaba6569dd06275c2d379e8f9c5aaab8312bd384df54e3416fe665b 0
16abb1562a59458285501527cbd735260d0e8283b4bb2b66b52cf6823818193e 1
6d13800fbfc647a8574f8c41fdb63f05441b85cc79b63d9b8d9023a840a4f811 0
d43cd3a124910e92345439c6d93d98213a84606fa76b9c1a6a5cb2ad80baf838 0
6952b835c7e6b1594233dcbf4a382201b2644086f0c71d4211fa9a96a989265b 0
6aea4db421bd2503d176c6f3f7fb322ef68c616929d4e98d259dcced1392a009 0
457213d7734c6569e534e23ff6a0405ea76cb0cce57182383965b4fbcce62545 0
3b10c2b1cb9a3dbeb3f9a833700443f7e2ab33111bbc37ac12b13473a46588ac 1
c99aa65ff709250de6f79646b723ed0e107eaf026e6f6afcda998b174e5b2a73 0
5a45f0d9c7ad05a9afb2e008851e41132d7fc0b063a765106b25e15bb1f727b9 0
6bcbb041ff693e09d0296290c27e2e0079e3bf74a4cf11411cb0b10be4cd26fc 1
3daf72a1eaf5e383016e2b688604594fc438230e9ad209e3f852aa8f7386b277 1
b79dbf0facb3d817cf16f3e6aee2f82a2165fc7b81f6d06414ffaa711c9ec6c1 0
8c391c40798dc855f40edd59ab7efd6eaea2e06e1f59985fbd0835d4a46d0713 1
5b33ecf4d0171cb10b5b85fd158e5452092883157635dd7c275cbf13a9b798f3 0
fe29bbbb5e9bd7c54f8c9a41709027fafb341af70c293e87ccd63f9db6c5dcd6 0
e8c7d87a01e69ecaa8aa9abebca7fb9bf9dbe34b91439ed2b762b58f8503c944 0
271edb96a4810fd500a685ca368d40b258a7c29dbf6bf7d329fb55505c5c8f5d 0
95cf9c0828b997a1495051355d2fcdd42875c25f5a86e91bbca24515e7dd3b90 1
1ade1c1d77b96a3e37fb7d41f4182c0364f8fc62cc60098e3d1930f97f8b119c 0
727f8756bef11eab9f2cf52fb588400ecb42c6d0bb72e9f1d0dbd4222508cd0a 0
2f2478bcacc18b942075560763e73835524c3e66de68627101f2e7bc73b076df 0
fbef8b8c75d691cebac04acdaf2fc78c5e88e55882d341d96e30e104052bb857 0
53b70d3e79bdbf9597870e2dfc4c40c441f8c06145ef934bf41a95254ddf5636 1
c6f372ac29825129a9f0be3ac632b399fcd239ddb72b5617e40f149ac2abf7b0 0
086d02d44f07e922b5938730ad2dffdd5e0ba39fe26198df3802798bd1df0164 0
619d92c267d69652b1acd9b11c3d740041c79632475b54ac70d00ba29a857cde 0
e75583fbdfb549a1ea90a4646c0d9ced075e4cddc2499529e594b7d15481f33c 1
3feee8002081347414daf84f9decf5906446bdaed159e071940a3ded69a88b2b 0
e86a2d5ecfa547ce22c8a7c5a42c2b5409d57d82beae690ee9ecfd4a381f75f2 1
62bd1cf6840eaa4166b947558c19cf5031fbc3cb78f2cc054b678f072f0ceeaa 0
c21b0c5e8e580d56d744e67d4b6659c602994c2dba4ffc5bf808c4f409854586 0
1ff7dc8c4add8f8d7f670f9317756aed7f9245af0dc02d371bf67c6daaa96c43 1
e7ed2966f9920d1f59791ae07130bfa0bc121139f73d66e1dc06608fb00fa4e1 0
e95b0187d9aefef74e64211fec661d4718da46691f6f6cd874667703778f7be0 0
a2f7814232bff9484ed143af57d7878e799c3199e9f7ff3eda2c9153710ea82f 0
00d29dbed2d80296b3cb74d2d6f8ba34b515d73502b65793df13ce24965ea6cb 1
f45bbcbdd466c99268719628e66d1069f01e9972ada068978f460f4f8f1e5fad 0
8d5d2dd2f525408bdf6bb6d680bcb63320fdcef0f137c34c17c28e4b98339279 1
6a8c0a08172e98f8b6c25e5ce752fdc3ae79d279fa155254ec20e097c412b51d 0
c770ca7afaad285ba423c347a007be38b5addf003c4950e47091d944ad79d67b 1
df086138613932aebc5e0af2f8785fb594ac355bb31a748d906e2a4055fd8267 1
4493f3e69e62527f4c6500f86028e0940ba8d3ae6c8ee507757272c9ccbb5af3 0
d353a341310b36cf079ce04593e8cc4221de7631874c24c0f017194d35f5f14a 1
b09eb0f88e821ce0b1fcdd08ba95e5d541abce1d93767aa8e68cdc94743029c4 0
48087cb1a8ae177154b1a162b23888bebb1a6c7e0cd99d9530853f2613a0733a 1
b69d34b91a6b4d66c6b2383b3d34c9ce72666099c9000207331e5a95132f038e 1
1cd4e04388802e4ed7a6f5602c01e7b456d903e3130ae27c1ed51e7b55033312 1
4d6522ac2f7acb10f6bbd6c8c11ec027d0d03b47439307b88e458bff97fc21fd 0
b8de96e118625dc450855dcd805100e51dd4738d9b6f82bb6d426ed8a830728a 0
374b5c09670cfafd1c3562cd9667e660f48f5778ef2159b7a7246672d3b930ed 1
7acb590558027a0fd803e3baa33d0d3f2d9be921ff4c5ca98dec2bde473ab89b 0
45219a1d8df6f6c87d7212876633af7a18d7f2f445f6663811120e25bb9f5c31 1
94c6aad6497066182490576a6cc0674a975fd4e25a64e37861f6ecc2cf2de1de 0
c2e4c122486536b99b96727be8c880a9d3c086beaaaca37cb1e979db21c983dc 0
04a9650991b6c393736073e0cf854468695fe8b4fd3b4927ef7ff70283ddba60 0
0d7b827af6fdd9425ed1e96ea2c63b6889309ed0808e181740eaf7b46148b362 0
37ce302dc0e777d5b4db41edc525eaac81e329588f2f1bb5df516879ea2b4434 0
c44b0a74873eeca61b36b7257ff432bc9cde890ab5dc4b9dbc99f6362f8f5412 1
00d7b26f815ba39b43f19e615ca0d432c3441a99d3345ea2677878c82e3e7f1d 0
f1d2d1bd8bf4553320b131843695a4850d9118c6c13d2aba3682313390d215d0 0
a4dfb9fa7de732b00242072054e19da04feb683f7c58f02f167f01cfc40cd35c 0
df59abc7812d307b859abbbfa9a0f7ee11e9e75fa6f15a5331f308856319a76a 0
13b3975a43c90d7c8826d761e883f8be332f7925c341fcdb639863a73786a6ca 0
f67de211053a31111ed9c03f1a408fe87cb83bf4971ecdcb2c36b31d40d94861 1
f5196ef466f5c49d5713135f498791917021c6935d6b5dce870227968dcf15ca 0
46cf5836d2d25ec40d9a04ad008d3eff59cf2a835d418e8825744a327c366213 0
1451b0b3d92e23ed5abbb05d0a391a9b0d50e2890efbbaac637bb7b9a2fa5206 1
868dadcdb67625b4466c8787b31372ffc0fc21705825b0c672581f0e162bc822 0
9f85966334aa1b8d5cfeb864c927a89c4e16d5dc56b4d943fff4389886b8ad83 0
1c00a3d4c2bfa9849d2f9791218b36a6a42ab4fee8fbfa218f61b59bdc111bcb 0
c6b934324353c78c70ad3d5ad5743d8822dba512b49108c4c2b5ecca0488de9a 0
b42aa7fae0aee97fa179943b28e8455ca82af1800973f83ec86dfa1ff0a3baf5 1
742bc55ead3f1cfe196d42fd20d0f417d3c286c453be482a8fb8666b0fbce3c1 0
d0b6cf39b558f967bf69a22638e02bd91def1fd43d0a2e4e42844b0a74325434 1
f0d3529b54a1aa0ce72c21752230f8f1e317be2c16e933eab12bcb1b6d6d93e3 0
8cf1dbfc5f560955db6defbae4da162f2cc0e05e1f6c2359a67ce19f670e99db 0
1b9d02f6871f9fc4f2fc682ac9ace4a20f967bb7cf771c948fcf9c1efb1e6fe7 0
d7bef5d40a3c64222d033bc73874bceb4f174a225cecf8ac1e47319bb778d17a 1
65c2470b8e55ee0eaa41cfa0768560ce48a74c9b8ea7a4545707cbe831943e14 0
06836345d573352532f8ad037742fbb5e0a44e39d0d302274545912f762fe655 0
b95f56735cbffd595f559c9544bf8734218e027f817bc0de3de58aa78441bc18 0
ad209cb438271cdab1ab10a9fa6d610384d17c703cc81719c9471c41c9b9827d 1
432123a16c1a2a5d7dfc402df4d96e5551dab7d538a1672b784aacb5494a04b9 1
fc92e902946183c315828cc31f0513bfddffe7bf8eaa2b78b15fc08590a5cbe7 1
549bd11511e0ec47303bbdd0f2fb4a55533aeda750149371048f7937c2be1339 1
5b21b175554585f965335051064d88d61fd13103cda6dd427596e4599d21401d 1
c8d5048493ede9441f68a44e340e84a44d8d67d477199413b21edc3758cd2c20 0
d86f2b2d15f8c56348d322c5ec28c4e1567683c1c07ad60749f1a852ab371634 1
0353a930765411489f87c9d0ec9e141819939717ff3d6d9c6049f63192934583 0
db2e7d52be89045209c9c8ce2976ad365eaa043f3109778e7c0439a26755f49f 0
1347775f12a6c6d43575d0cd76260c12de01053cc9dc8bbc340432480341d258 1
3e209b3f1a3f761f410b62835d5f7ba6b6e33616d9be0e63988da18415b4df11 0
1c0b12f3f064b5f03b56f07ffbd0675f685b6c80dcb4f2baac975a4efbdd3cdd 0
594f9d835d84b198cbff9ce81ad003c93b80c1eb7c0d6d97a9e5499bfacbf639 1
8dd701c7aa7384c07adb258baeec7909bb021c59775a72efcc7b8a32c339ea06 0
edd4e6691d47e54474884fed7ae3a322be49751e352821f2fe211508ac903858 1
33df6c801c07486be0b1e61d10925e28ae420a7a1c8c4b81b32f939138488e19 0
c0f211c3883c32574d82dde80ad284f17f13f5e2dd0a1dc64e034c911022dc23 1
832c7e2d6509eb0c621a8ab571b646edfc51314ad87a4b290acc413346e8ab7c 1
ca49bd8566432f2f7726fe6e8bb593c5c77f980af31043e2acfef77bd565186a 1
9f75ae591a0a871b6583b393c7fd45bc24d3db635ae87cefb3520cbe7714597a 0
1cfb83a9ac1b6a67f9cac71018eca566874acc0145849842499e59aea5603030 0
e4bcb8a48c690191bcad72c2563a9c59b54895569f62bcd694479fb4a74105fd 0
ca40afbe7fcacc3f6641a071a7a9ae7a9a9e4d22bc4dc05e08f1735a9fb88c0c 1
9c12c7710a3081c9953a5d1ea8b9264f3d1384bdf799389ec00a1278118eaeff 0
3bd73806c65b39b4fef42bf5cca9ea6bd7036b9d0decfc55885e12c2d82cb14f 0
a6ad4ce3850be261df70174973d5811f2f149ab6d02efdb5d44a5264ca32852a 0
1d365a0f4f4a3d22db50015b6f0a96794aefd8f59190b2547cfb7932be27ea5a 0
9a82798123092af91fb160589bf57f3b0a1b17051417a1b630750d14b817c808 1
19f05c549fc7aee8847487f71d0832da2eb0b283646356ce28572aef6bd0851f 0
40f4086429d7b1f4ce4b9ef2428770629a0e884d6c5f5eb44cf71bcbe987ac3b 1
2a62142b790914bd19b1920bcddaa8e0b32c526853540e1803c00794af4e4185 0
098fb434f0224e4752820b7e28dab76d35ba31d7b343541ffcef59a9199f6436 1
700ec5d92e2b0369bd79a492beb1546429bce43d04c520150ac24a4287ab5a35 0
cb41b715985f5d918ebd1dde6390d01207eb9703ddd550ee3b2577b337a22e6a 0
e690a67cd4db4f8efe5d59e025bb9494eb0c2828df349841ab150f8269fd0b1c 1
29f93bd407b24ce48c0d967211b5e5cef80d7b3df94535d47391756a95c35f74 0
2863eaea593cf71e2601e94ada20ea355038a67d2263f238c7bd6338f04e5e0c 1
4c1674c6153fff9640ffeef66df6538eda50fffffd98a6fec1d5c70ed57f70fe 0
1f2b651854d3b4f826f35987f51fe04005ff5a085fde2e43a70b38e2caff4aee 0
f56d2e3a6a0ca92ebe7bc622fd7fdfcb5ce4d67e0c1bbf1239e1a1f517c60063 1
3be74959314c17d80b92a146d8d00061ed16d68f77f38502058dd1c2ca6e8848 0
ddcb9828f77ead8f03230f28292c0925fbe49fcdd9a456cf63b3b3c75ae63575 0
274d0f65479f1e073fd603753c58c4cf953a81044db3ea9656896b3be5225863 1
c8156d0264b96780e99476221aaf31fab296c9a47b1ba49e6dc077151505c185 1
e8d2bc1c6e7c2c72f8bfd1577845ec44e2ceb0269bb18a7b9387d6dd310f00ec 0
d7a1d180b98fa61937d5c24d99c95f362fa5511ffcba7168de5eb4478a69e009 1
e90b297785e77d383714d5a700f67ea9bb7846725c961e4bbce459ec89bab1fd 1
732ac6bb85d5beadb35801b9307948b3b8716fc1ff1fd8b8bffd34f6387587b1 0
3bccc5f1b6a4c6fb62a843d4a00f4b022572620d847010a7a55b5830b77883ba 0
e764f50a87f789b8e2ca0f01bb0c9b82c9554739387135abff1529adfa1b0f2a 1
864fd0743879698a692b99b579057d348756a1ab065168cf428b7d2092313ef2 0
8d5c4a20c38f0f0a0a3bebff50ba4ce509a25722deff29abbdf3d486d997de51 0
1420fb8a35ab586b426db3b92c5ffe21909ec635d664921039ca4289cd206aec 1
9f4d7d3d05609de35c944bce0a115b4230077bde0dd0014f4ff48a3275b5f917 0
02f2e47536073ca7d24b3e1cc2584922511a4349b53ebd2b3ea99d8c5d1a6f94 0
e78252675336f3d5b8e35e8d12e03f31881010682380dace4a9a51547bff17a6 0
32df5c7bc6d9abe8b283c05f8480476512cdf0c09b87a20fa9ca65d9985ed6f5 1
dc9df54565ef55e1ca76886672d87da0f50372a76105a6c84bee1238fdc44d2f 0
aca6984e55e4d27a9fcd9ecc93e22d96e759515f6edc5327219ae92d4d71b6a7 0
cd9bde6e912b7fe74f680a7869b1ebdf38fd9baa2e63f0e3523cfad3dfb1650b 0
79ee55d0f971b8485923152d4cdd02b72e8343f02e39e1ece1ed00c3784b2689 1
bf8d55e7a6247ee80b5ab28a1a38ec59b3ff145c5a907d4a680b3766cdb53c7f 0
2991a485b347c6bf7da3f53a8a159293d24cc89df516e99996e9da2a07fbebc0 0
8caea75029843db721df078a8d9abb43a4e110e3471d0646b65f7575f8e77287 1
bdce6bf94e75bd93eb6084d74727942c35bf3a9dc13c73e12abd6cb76b27878f 0
8c2e5d3ce850893fbdb03e732f1a0adecfe4420095999aaa76a895509f8805f7 0
2f404afea8500e0c17e98a5b3b644ee5ab476b51bd896b95e827e6b92dbf5d93 1
b9e442419cf899143d640b9c53d68ccf1c00e50b238b059d55f7a44938a931f2 0
e851bfae1af1aedc519e94781013529572c15edbbf20c8a0916071c5231906ce 0
8007b0addd7c3b8c8dd47bad4eb92af27f0faa10b7db119ffd3d768c95fc2bcf 1
57c563422e9aa78cafca5fe66c0f452d32a60957eb97e7c40a07fffa60911d68 0
eb6035d32a7fa80822619dc9c3860fe42ef015d1e61826da2ca4c9b932a7d3a5 0
5e22939076acf975a3c448473be9e2cefa0d48af25dc26239fca61fa043c1a38 0
38e62e19be912ce6a68ae91a4a75c6cadfe40924c73d669c96c0ea2f37532187 1
bffc44692e689cedf525f98d6a213c53bed38ceb2fb6c5d5c79651c889dcaa63 0
563129a396f80a7e5d9caaebbfe4352f4d6a6e2d3610ae2c67e7f35785f7982f 0
0a9b6e70bdedd04c17ee1ba28b16da8b59714051594026b338a7973c750b877d 1
e5253e0c737a1b43c8dc005ae7f679913a7da4f4cf413e9a1462e3ec696605f0 1
5e80b51df642ecf587a5de0ce95c570f0bda4ca849faebd74da1f7a8b45116e9 1
85911fc481cc5623ae195c06150418f9ee85ec5e0f1d9072de41ee3569ceab1e 1
b769cb375fd67f4a502e7a2cd341b80e844c27edb6c4572cf819b68b30078aac 0
da30a4a39790e384bc432708cde86f23ef7dd4f36188414408a803e383f80a0e 1
77aca1fe6c002aabde80c8edbc87f37f0c0b5c64221bfe65a4e2bb3e28b35be5 0
688c20de57b83a3eaa450fab03af33160ce2542bdb1a54d3633cb2d19597be7e 1
639bb006022e3877d911e29e16edfd8a36f13ecdafa0fd620f220084427ec718 0
b08584f8dee09275cbece5d4634906815d01db532975a2a2178b501e85dbcebd 0
db113475f61619eba3ef838b48e2245ed542aed6fddaece3e1970ed229781845 1
8f9ed1e7256cdde2c5d00507f9f674fcb278420a7e8ad92af335744fe622fa77 0
7951202e49d9abdce98c8245683f6afe9160e3aa1fa3258290a2c08bbaab9547 1
faa8680ac441c5fdde2e3215ed201f2d974aa0a579773af03aea65726d70ac7b 0
ae6440dde7c5bb167f6868bfd9a269387ee3da967de6891e918fd32c14d31d08 1
82d29947fa95ee413a8ae4cb254d4f3ca9a64375ef4ee0743775cf7d46b06c0b 0
880b10c63da22d68a82c9f6e73c3b37d062cfc1c19985b351481840d574656dd 0
ee52d795f4073812baf0c00a252be4e466666a9e58ba730e0d62ddaef7ab801e 0
d280e38ce070857257c130d36bddda1e05a32d0f13094ffbe24d4c0839daf3d9 1
67649545281995f30fa387dae74cd248a4a46f4c395123fafc886d64a7cba948 0
e54b7194a6ad73e1459c07b9f9ebbef037ecba2da187bd144603bd482d788f70 0
36726e8b6ee52c0a7381e7aabaefbf94b860e1d210623538a8a0ee06773a8ad0 0
6300173640cc34f6f036c6c5081369c8402a675a71ed0ad66c7d18b2764834a1 0
0c389e81948dea9a90b8180af5ffb740b46cdeef99bf73887ec79ee55e36e95b 0
33d057eb5f219399d6a16718e5ae952a1dd649df719d40f70f905c14c1a7b8ef 1
dfc4d3837efdb82bc24b61d2d2020d656476a8eaafba6ecd450d257b0159cde4 0
87e6454ab23a42349d977ba4495877ad367c4c1741308decaba2db8b638b1acc 0
c041d85dbf1a42871222d80d9ad9cab69aba88c6bec07970e4e9da1a367baaca 0
67cd5fdef43870463d09e14aa6d7e0f2b2d52cad6bfd2422e500eda668152234 0
7d4ae193723a6ecb54e07183a859bdf29a8c23c3e96b38060e7491aea1275c78 0
a47d5eeb900d8b5d7756ee31916bf6edcc64e8c9f8dc08e625071ab22fd1125f 0
74d309572555aa61c68d9665efacd59a3ca8cb4da28537f37134264bebb3f95c 1
aa626ff6ee1c99cd6c6237503ea054254fab60e0b1dcb59deaa4091e154a5a04 0
99a85a3ed2ca71faee825214762b1c6d222bffd321032e7b62856db678932874 0
e47950e86e360e38dfddf9a676340b65202322f5d6477ca4ae5188b407ee1927 0
0626ba8259b136ca093fa52b0452d7b693f9ac40135f529b62b131f1a5257260 0
4a837b6c9c6fec0f6dce7e81825fa4981d2ac733b2360d270b3f15714fef5ae7 1
5a50517544466222eb04a18a2daa2acb41d81956166c8cb0a44674c206498857 0
50753bc5164ea7d948a4d16600b92f58855ab2f88d786517eea388039caa151d 1
917735b8befbbe816103f915dce25b1173573bfd84f9329ede46e3211cf475e9 0
76198ae64e1704c71adea4fc28d1cafff05d0d7789cd40d1769593b8e9239852 0
c5c656db59bfe179529823655bd66d7ffd81e134f9c3eda03fb71526804bb8f5 0
f262dfd4f0e5b3173ab17e0452b61065230b5c69d48fc6d7808e2163e7ef2057 0
243d7100bec6dc68389b133232996f6903e44e32639777fb3662287c1c965c81 1
e608febbca5218d8a52c303e2c0e7b4cc18726d6baa587dd188e590a55ab943f 0
ebed8aef89c86061162dd3c3676f55f5efc6167d8b24e80ee65e348a4351f863 0
e2cfb0573ade53272f5be50ad4085e04bcf0ea247d44127484c0ce1729f93bfd 0
e3289a3d83ad8a842842c92e1eebe36218a800c66d8d408979a3ef144a863183 0
5896d1e24d7ab62a5dc5a0b9899578a62eb5ad0c3edb905083b139dc00983850 0
bd5714e0a3170d49b9f0fe3e462c0fb762be7702bcb2d1101c538d4959435398 1
060fd51884cfe80257b79575e3fa5e5b6031c49f34458a7606f27aa5acabf29d 0
8bd692e18cde2016391043b595498e072b422289c31f65d444eb807018490495 0
10648c6717e38c691e26f45ffb561b46415ad30d1593ece33841f7597dcf089c 1
912bfe7316e28dacfd1865da38b82403096a657295b88c83d74aea2bc90132a1 0
6ce29553b61792e39ff8e320c59819ec9813293a53de2de655a9b5b70752945b 0
1dc3e9a75573bfc709135911a096f0abf01fc10582510aaaf4c0168fb4634742 1
c2c953017077455df5c1be334d185451e8cb728f679ea139bab8398b8e4c747d 0
eb97700c420f8fedba72b3ea217ea8c896cb6e9c803252dd6a089c4fbe89eca4 1
9dc5888dba4277f508ccbe9411ee41fd1caec3c170d0b8b7fa53fe924758ce07 0
1fc28a814893bae73ee369a850ff8e6af8fda00a868935fcc01b2ffed1538050 1
420211ba45126a3f62bbd70b192984dabef9be384a89340b99ef4ad303fc0761 0
09610caac452616bafdd8a54c7fb5dc896a531878fed921d93c46c698d78f840 0
9e9c96c3fde46ad1911410ca22bc3e385cf39f04c723d745122847b6b8f40487 1
838e6718d6cd1c7b8d73e34e8868bdb9a04826bfb42eadfb77fadd846296f626 0
065c873f6596a8c7d5455e7ad59ba36e323cdd9e85fc2c3140b62b45c99f9996 1
f1346d37a3393fbdecda805daedb06353ab2dc7674f5072902e40c0782e60320 0
e7a47a244a295756b70b8f74dbb8400b1e7099c769dfedfd8c3e6c2109a80b74 0
283cffe9683bb9481b4b1ecc0d5101f9ad5255501aca0b1d29b23e24fcec9226 1
b957f2a8d87f2fcbc28425e039c2f95fb79aeda2fe6478478e3647926bd5d710 0
cabd2152326a48c0bf5d05900b4e54f9a644db7e30a3e8a1a8eea80c2a550343 1
0c2a0c76660526b13810be42352e69f4d41546811f00fc58f80bd5a32f7502d6 1
90620abaf645cea31710a1c7718f9340bee2891b20b42bec665d1188d3efac4b 0
ee5f02884692cb807c0f9fa87a19d9e794ed0631b1c5778b1d7b376838f11a8f 0
f41801af68fafdbef2b0b09eaf863574331385eca1bc761022abd3ad1db50da2 1
945677afc7c9c509f48422785754a68fa96c9024595a797ff81f4224b798789b 0
8ccb80f1536c6be53970a9e5d171e09ef091013938f4d2dbb4826f27e40045ce 1
978baf1b8a827c46379b0a7945f98a5d4268c81c4c9f9717a8871f5982717d76 0
20324f685f2469bebb526cdadc368dd093cf26efa7640038a2868cff156ee279 0
51d95159fabb69c534df065283a05d9494e3fb614c4b2866b916bf1e311492ea 0
2f66203cc6f32faefc0f0cfd90f092dd24dbee26c911900224f55e8fe5a3eae8 0
aafff8f11e0c6078b777693a9a9fc85b0825c53f6a3693fc4252eb3278216a7b 1
fbf865e63f0c803ac720db2616e7ce875d8623fa97f68d66a3232a5c8c8e5d5c 0
e24985801d94f49a388b39a0abf239c14a70b33072aa44e7a7a4becc204e2b60 0
cdaa95c33bf26d47f4edff604a715c608ae430579d5ecb226386eade328cc52a 0
12c2c4ac9e6e2a6541dc7abd12497bf7e8894b41d29b73baff4294b84f99ee89 1
392a3ae39bb7329c1bb99493d9808d2aeaba04415a99ffb77a82b84994efdbb9 0
d625da9d4aa0b86cfd6eaf8cb2d8737cfb87b361d2d5414b5e553a39151f7e6b 0
7d36caa82305c3ea87364e59f2dddab074333723e6077432c22bfd6bdeddfb41 1
a3c284c950391a68d1b822f51c915dad73d6de96bc07cbce85f8aebf235a863a 0
6003860f03d706ca1766acce13947fe13250575fa3dd1b220bc97cfdec128f32 1
70f940b93e75858e1ddf8e4eaf8984c3f7011e28fa9f0429ff921810bc9c529a 1
fe10ddebee4fc50b012af130a04e60884027d26efec7be68389aa12214a8fa3b 0
451a6863417da58b2c3d1c8f6b05d7023ca31e5da0a965c2b4c64fa395a75461 0
8b72e41c0f26602a53b6f70d6c4f23219bd90613e3879968526f9b52fd384bf6 0
8f247b8011941e27ef54d11d118fb5b2c2ccb51f2860ef904a35f5fb8ee7bd46 0
a20edb4cbd2107c01e6a6a0dcf67901080bfcdd947cdc00f5fbca96a8e7cd700 1
fc9daaa97eb7e85fb577a748e4e5322641c6d7394fd829d6d94998a1e0d3443b 0
4bda4d110479c49003dbc08fd769b3eb31f0491200d5ed884f36724c0c64f7c5 0
5009410b31c74c1a95277b86d610434dfd5a8bfc432f50e569b4d5944533c7a8 0
f99114add76cc14910b77439ef74c8f3b67cee9047e6fc530b367ccdf41049e4 1
00304c7939f39410b9a1408ad38909a4c76e20fa059ea208333afae6e619c544 1
b10801b732762edabb1e37fe2a3615092fd774c5c070f7513ef23cf4d246e1dd 0
6705b9040c41ae3a6328d25ddfae58f9c11edfd0dc38e6c6e6b91d2717ede248 1
e99d263937632c771766995246199bc1353316aa29c78a5ccca4d2c22638abab 1
f3e2240c0cfa809ad2271a26cdda6403c5732158c948b6e27dd284574eb18999 0
82c43c26e2995e5c254e70844d2531e5bcf659592ab62b415b39d5c840446291 1
7dccd0fe7c9fb171019f47f0bc9d4d5193d628498f492cd1d5779068c406a9a4 0
c51e38622bf26e2932f59a007461fa861484a86b5f37d24a0db70d454119512c 1
d6c3a0aeebfc5ec116b9bf77f7f62570fa34bb630e9e4c9c8b541b3ff75f211d 1
5e5bc8671a3271cc7f305dfea60b3c25b5978eaf29d6ddf21cfe84f9a2533962 0
dda2bf14728576f42d219f49092aa531bf82dbdfac52c2644acd74293a0450ae 0
8fefa8739aea5308db430be655bb9c42c661e93149dd953a85c64ec4f32c4a75 1
74f9f2aadca3a83121dcd72b6aa6566963ebd41d5d7f91217d8c7b1f8ff9d3ea 1
06a1649b4c71a1ed0124fcef91434914d590800c9b223d41180fa69c7f1ea0af 0
3548faf62c06a4c7d917af10ac7e061d904dec46b5889990a7d5bd773db05042 0
917a4d8847633018055dd3334e85aed12904aff6720dd82cdfc05f5c3e17770e 1
aa157801849a2b85f35a1b486ff93d09f7377edb4cf905b18049a85e14ed8faf 0
a5aff980112dc106e35f39e675b4f8728af827ebedb2e1c8bec353609a1f04e3 0
9896e3a190c82e0252effdbbf9023cc8c1deefdf69886d67b56de3cb605cc7ad 1
b2d437ca617a5d836ce781e6854183b8a1b17b48ee87b903c9fd39301e8e73a1 0
6ee83cb0b1e6ebca42199c15f52a9fa22f8c2b7277654f5697641fa813cc183b 0
7fffaae56d995f4bd3fdf91986089ae204d085369bd3bc8fb19bf275f715f4d0 1
793cbc3595520653657b1ebf0be63bb2d832ad59ada1bd1258e70ca7c487f2e3 0
e3496be43303e45ccecf9f74149d25adad1000c2594571bec1986d8096aa42bc 1
bc770c10ef0eca5d464c68bde023e14af4d8739ba2b70c37a8b5e44c42adb10f 0
d933c1fe9ed9de1cd2876f5e21bacdcb0383d100fe737cfa4b8b34d40c4863f7 1
19229dcaa13c86fc1d2e16bdf9a7fb4e832f93f10fb8d3b4d1f7c048aaeb47b9 1
c1399c8f49725c6e849fdba218f16c2b735512da9f4f1bb200406c69dc4a500f 0
d1bb25a9f31114344e40f87fe7ffbfad410000cb64672a579852da71fea22b4d 0
6bc06cc94a890fcc5dd2fa9aaf56fd3cd1447792657139ca734efff98b33ba1a 1
1736a4ee321615c36e39bfbb69ad097c952a0779e504c470d885f86e1a533d58 0
81f414f29af6c29d30c2922471d2dbd59cceb32a5b385a27f660cbd648c0ade3 1
421847f666f70605edb4bb7fa98d75e4f33c7aca3ceb6a7d102fae6797d0b232 0
8c6459cbfb3bd867529c9ce08eaa4ba69984feed3254c81ce85116e96dd78121 1
bf36c05ccb05183210034fa077230caf2a5e0502c75f5af4c10e5b695bc08507 0
5b7a9188cd0e1889e1dea97a966cebfa2d04e3b4dfac4d7d8a47d79e3cd2424c 0
330b2a4c0695be97c10d46c2c8c2e9d713044501f0a2d03999094bf1d127eac9 0
a0092ddd98b1d7d3140b9d8a8a5d6147a8c389ca34acbb1cecbc5f63466fac31 0
2c9d46bae2139c63c1638b6b3f0d454f1cd93efea5b06e07af67909a6e81b70e 0
d2762ce327e270ee2172df3a0a72192735738ea24ef3449adcf014a6fce5c042 0
8322eb79773bbd2307983d3ddd3255cd642733bb9a08d7d4b45b7d7402537c6c 1
ab2411c40acdc4ff73151bd1a4f99b530fd183c7da7a43d5125cbcf3b1f04272 0
3b2fc3a2faca176184077111154a3aa536b75f63004a4fd1db918f24b32be3a6 0
20410c6cc1e71c651a06933fd449a2bbac91b373dc9cc5169ce9d72f834bea55 0
a8d8117087a231e0a070e4198effac79069ab9266c7bcb2cee221e481e14d9b5 0
f581b85fceaeb4ec1d2d74d4011acbf2e042f42602e46b74366205473a5e88f4 0
e3058f2376ad5b53f3e92263be1d60bd17cf4bf57e9f216e49d33c4188292dda 1
72c4e0d30fac089be792bb38ab05892b3db99833384e55417f89e776d4611c39 0
d44f6d161b0492885c8982ef0fce4974b5f3283fa2060a926755a57fdbd8245c 1
60f4810c6909be21bfa1613fe3e690a5c70e190cab17b4aa3a1683dd4e6afac5 0
cfc841938596fdf1a60db97c685edffbf12c27e0a5dd424dd324cec7fb37727d 0
fa30102537fa6b48b02703749304c8f870ac71bc2b9db8576dfba1673665585f 0
4b91b11ad0cd0e9e06fd61ed9349f271f814c4dc411ae30a82320a9f7089267d 0
21a48284f61ff6f5d7ca5967d98fb8199999a68d5dbbc2e238f87a57329cd612 1
35eba21e86cfbb47c64c2f50cb4b76ea92734b657b9e8dfa7142c5ae6f58ff9a 0
79a2e711b303d971728c95744d57dd2e2274d639752abb971556d32fa2883e3c 0
cb0951ac26c0aea52b3b6fa2b3c4fc6482cd69ddb5235c07522f206c7079c29e 1
d7e317749df842a0e82576581fa52833b30c7a78e2822611d96ac80074037e56 0
402b79fa96f4f80eaec8e6b895556462ee310725bd4da75d7a788682d39023e3 1
5a3c386e4dc23134347235983b5a50320704e2b6cee02aa3d7de1d6c32d2b712 0
944a1b93bb6cea391d66b77fda5c3ff479f50c1d78b376a68461b24d7973fd49 1
18fcf126c66ca78bfe48adeddff040efef6ac68c72dff3ea5d40b5f687abecfd 0
de123dde411fb6a80f1ba56927451d582e0ee967c111a783f94e63c3e6749b8e 1
caf7cab61e19025bc27cafa726b21adb2f274bbcf3003bcbab46ead6fee83a84 0
6650bce75368d4531697ba355fde7852bf263ac2c0a270b2a52089a43d0780b7 1
d4ed9e3dff6158d598f4328cbc98776b05a406cd19c8c29dd73d3c3415fe43bc 1
6833bae361aeaa792679bd3486b54c644720f4732c2c54fa5741377dd3f19130 0
e885646c6abff252362324b54feb2045a201bfca86ca31ec94224625a36991bc 0
d32be22b0bb20b87e4b3527c5cc6ef2da5dba20c7af5802db9d41c4dad1e0e90 1
6439f660ad7bd0d3a6d97820494cca5c619680e67676fd940ef047ad86b9867a 0
819fce2ae3a7a8957f004f4179343691dc876ddf21426d3b1650028f79da9849 0
b11d5f5d96e107914a3cd120337d421d9cf6158dcd9666128d92ca7915716b74 0
a82f8c52a7353c8db48e2670932c59f44babfeba4a112d27ca4ef863be5e58c7 1
9612aa7f06173476098aa1ad5dcd57f1b18522ad369aed492278ce7ab0fad0f3 0
709fd932ed38536c789b12ce76911077242d832e337c5323f021729a25fe0836 1
c44aa16ced7c168b3aca6cf5b21b19f786e6c0482150609dd96d8eb8e2ed9df5 0
5d9578295e62ddd23b907c7e0bcb6847b7258bc3e3a24b0104ad0d61a09238b9 1
82f4c070800edc9b6dcf7136f08d0ade8538a796e3365c26de06e074479a33b8 1
f93f1141b9aa1ea35a2a23c89be065c4de98a0e669bb4a35d8c6235b1a0b0a65 0
cfa282e213a10b603436847a899f5062cf68aa1bf2ff4dab90904ef762139ebc 0
cc82797341c94d8831e720e343117dd282eab383c24a96ffeb0116bcc612eb54 1
bc709858a711f4ea6df9ef2bd0649c58034206b92c89e00090ccb7b847ae846e 0
29042782c8df2dc1b2c7b07c616785bd65c1831709b8d057a1c4c852d757bccb 0
b6cbfc3e2a66d55c54ad7a5e3310dcd0da0366182d4f3bc76e593c51faa5fbd4 0
5bcd1577e937529f36d95459acaa6a929ab03d94ed80fbcb683708c77ed3b6c2 0
396ae08f34dc650f8cf0c553a7adaccdb67deb9a5b1a54502a28398fb1c5cb3a 1
debd3a3b69a137e5424843b26a7dd95d316710cba94306af64b2c8bd63754128 0
462b2cdd117d6ae3134c6706061f6e330d8d6b0cc3a167b7959f1c55d386f775 0
2f916ccb659b5c4f9ab52e4e156e31e1bc000760a3a837447160d6a4185ce66a 1
77b5b6a2713cde47ec7228e63df59d11c4e62e1f447c9418e2614b65254ebeb8 0
340d44db4b585412e389b86a70e9c4d6dcbb0013295edb84666d055367104403 1
64e6b8d41f878493fa1852f960d0044c2f1aba732048c73e33e9991a5cef0006 0
96fd6aaf54017165de0044b0831a2113e2c53cff133c0b5d8933b45c899e761c 0
3efdefdc3cd671956a0f9f57cd81f26378f78a1846f92f57630dcae17f3ace9b 1
15fae6129d60fee792b45c428aa47da9b1041cf70ce160ae501573d83994d546 0
6b37ce65ec94b2a6080367b24248fc47dc03e4b01c9ae7c6e736fe5c3be0eae8 0
367aacf36b1216d7857de7e5882713c20006b4a98edc677a26adddc9f5e6f554 1
afec538b2015a6e70fcaeed5dae13dfa0e9e80ad3998b5f949eb4a982a14568f 0
6a6f2041dc7223c4f2fac7d7fb62bc1d78e53965720e9c7bc8613bd45dd607f4 0
5e49da0627b89029ecab7f0b2521280f344f5961577159f587d18057053cf49f 1
30f64740e6ad70a65c6088f5a1ceadbb9c27a6b777b6cf9e1af9e35fc2438fd3 0
9fb7f30f04affdf9c22474fce3b1b4247a6663da6619f622000d25b4fb8ebec7 1
dd663bbd5abcc66690880acff6e4b2862978c51ef88604bb2199f598648f248e 1
5977741956746c109e9ae0982fe6f97ac807768fbfd4b9693dd224e07f356d82 1
019227828ca58dc2ce18a8f097bb255caf36a9ee75dc2188dde4e0d800302190 0
c39a927cef1932d157395167760ce94dfa69138cf66180f386c79ee5da42f106 0
04525ef6873a33286dd8c2db37ed60a92300b99fe5bc34ae4c5bd583e61f27af 1
a0d2dc4d6461c66a63cda4fa0ad8091991a8bbccde63b179e4b4f0108041bb77 1
e5ea89c927efefb8311311725cac62a4497df950e5e61cb5c96e3520db967e71 0
a83521c8cbdd8e7ca5b71ff32d0dba476cc37a83953579c3c9fd64d6a435ec97 0
59afa178f64abcaebdc9cad68c9439d58dd5b3e0b83a88acae0600211ee0e040 1
914453e75625d46f3bbd87b5dfc4256312fd5411a68d32ce8083e3b5d2178fb7 0
b0e334ecd47b08d57ab380cf4ada448a85987de9730662f6bce11828f5d7bedf 0
a54d2a96d93d4109052bd8a6e43f1e8e033f125638847010fdec19a855814620 0
415e8e1582d79d49d701062e7b6ec0cd32ef6ccd09fe89b24e8af75ade6ffcec 1
38c61858daa4298dca1ad8fee29866c118e457b288707dfa0406ef5fa42dc5e9 0
8de9725ae1ca0c9a0c78a6bf9bd6b21226ce52efe72e37afd39de89555dfac8e 0
db35d738e61a1307cc7a587257dc16046b65c7ccfc11adfb9ef0dff320c358de 1
0edd40681eb9032c832e92862b0835c4a8af2bced1ee38f6dc95ae806f82c550 1
807110c458e178fdb706dc427985c46f84f9d9097f5adb2904f5ac706ed6073f 0
e29445f2a7f6a02af45372d7a01b3dd941d98f3a4f0386d0938805cab08b81d7 1
d11138599b69ba6cc6755b02ad1f39bbe0c03587c564e15e5adcf1caf81aea50 0
97bfb08485cc2758d3e18dca6f0ce70197d05832c082d7195c8dceecaa799cbe 0
75e4cd1455576174c7ec38631c56bf23194e38cd006523b6997c902335ab5d69 1
fff97fd4c1f51449c999d185938486cab34f9d324f0cb361458e14d2cb8191bf 0
68f0e0a3ddc6df18213e86823f4d8a8b20d2fb77749d91e90ef77fcb80bf17c4 1
e5295b56a7a96f7449d7b2630a606c8486f0ad015b57e342b26267fa12af56cd 0
4ba58e6f458e2d1e7e418e741d0217e2360448e54f8ca0bf92ee630c9f7d79b6 0
478174b7f620b0008a7653c73e886fcd3c09a9240f852e2a97dedf8dccd3e828 1
d8c9d8336f89b1bf832b3dadcef6a32dd3ae775c7bf2b15cf990a37ff9371c52 0
ddd091979f556a7552ab376f9d8972623c310a20ced5c28c03d2e96665b51892 0
9a009ee3c10e3300cd8f7f7b3262e702d2bc2831bb7bf5ab38178161cc37a994 0
5534a48e3ce7253266ae8931eb4da3cfedece0c166839a234d1e732162630764 1
a2665b6ad9a5a025481b71cf10ceed801371cc1385f8ca74ca5c22a67224c122 0
8f6ab0536bf4181663f78122c338436e2d40582b5267ce5ca87b98656a5439c2 1
6f270363a6e11299a27c929bffd15d332ab51ac9ef3cf5c6ee9b65135ffa8285 0
25fa189462fadaadaed933d9a5ec3d38eca0282e03e6a9f5319188023cc7e9d1 0
667aeb846abc3cde603289f307ee364a1691292090b9c262c2c7b56c12325313 0
e8e9c7108c45fd7e57e404e429c2efafdd2aae74559a9673ff24cd85f64cb8ae 1
817e7a7132213f2bcd20bfaebdec8c9c7fa87c7ce950d6e2cbfa744dce343b37 0
df345e93a1b3afbc24bd2725a9bcbb1096b645a7b0e36325c1d5010b168161d5 1
76c0845f38db9f49395e8393e37f4e5091560dac0837fc936cf4c8c82d7f7804 0
9ae0864d703f02c818408271c04b5573c10b20f93ba9eff731e184f00364d678 0
698293c1eaa780d835ce7ccdc4dd4c22293b14550fe0fcf8ee3f6835c0bfd3fb 0
bfbfc3615eeb21aafd0411ac70d9beb4bc3a3110a5ff790d3955791ccacc63b1 1
55a40641581bcc49964ccfcd0901864f8fa2e9f73097bd1011d9592abde16085 0
7f2f9c7e222bf0651b64610c6cf5a86b9998f03efad07a2d37840c95bbcdb20e 0
c46539645c6803ade92fb9f19a1fcc75e31c629428d5ba6cfbe0781668c512a6 0
9c1acbe7f4a9172ff101dc5f5d2cbbcc740c488ef8c992ac9878529b85ab3c65 1
bbb7be7334c371d2dfd41368e880c3b1352deb6aa5de083bffa16e11cc070fa0 0
f1df9a69483c86f39572daa7d73ae5478638ddd1baa198caca4270ea06b8bb49 0
0f3b4596f2b7dd0ace69eb5975607b98dce329ef6fe9e6cadd16d39c903fe8d0 0
7a7ac67dc1855b26d85e4d5a36238d1058e7b29728dedba93fa764dccf9ab5f8 0
b6a89a99bb118a5bf78edad18395d655930bd492e52730f5bbf540c0dc37324e 0
bab2a51bbdc08c822213ad3ecab91d9655a10b9e1a3fc281fae944d5fbf4aeba 0
c6e8e2e3c9971a77ee7b59624960ea52caccaf4517d5a2c9af834cbf2b5a592e 1
fccfb920c74bbd82f171bd984b349faa696ecdfac63c1cb3a770b1d5c29222c3 0
3e623c7233fca55cf747b15700c6f69c98bf8d6cc072cecc1d37308fd188912a 0
4aee58f3df10f0accd35bd928f1854c72e5db7379904c35e1675687d99919503 0
d44b8b7ae71cf2c270213112fcb885cd263d53491d22a0868c234ea9897023c7 0
0c3cb7bbed9aaa74025f4a63fa70c1f0debb13be82f2b1292cc85af13062f686 0
cf508c599de266032d9e5b7fe50630f384c0af80e3d1279a44375e18576f7835 1
f696846891ede099fc3bb4f2b7b43853a36c6c97a7410800953648af897fdb82 0
1bb737d4a33eb89b62e45fa76e9833b20c29a7abeff6c37774323cc74cad9ead 0
c50983ef3436bd589d134163ff60f8e44526d7be9c5db219229e507dfbb4002b 1
21efe54aa8653ef1ecb296a15ce7ac82d5a38c62374776594bca307ea5a8a993 0
65fcc97841a872322d72b268f581419de35de51bed67b3305a1b57926898fede 1
8c61704a5ba2708b17dbbec818a93622486c3398903261e6e5fe757328e27b7f 0
218888be716b55c300c1d2af4f0a2f3ca43a6b55caf02b15f7e8cd2d9795a3a7 0
2e84e077535a2ca5d64218f5a00e2b3a9832f781756a1beeb6b49f95c62e7dac 1
4feb19a415216b71dca55c8e2dc0282bfab385c271e7ecbcb89b09e64d43ad72 0
cda76a77817aad2cd4ab6cabe6a19378b1a7eeb598f60d218fc200db6ebd6b54 1
0046cfaf42450e328cc207c67e78709a3a713839069b4f25471b8c37031fcf44 0
d3caa043725283fb6a616b26dd9cb06b31b0ad84c31ccfba5117505e1eb8ad20 1
a323ed8b60a8ffce5a8e2e351235364354605c89a5badbee010fc9d24d1664bd 0
3089a7aba06b4b0b3a0c1051de404c587deaa1d28f241e3b3ea3e6c57c82783d 0
a53d6b4b68c692b0d6f22ec2fce2369e284e508cd1de153e5cb213e37a9ca38f 0
b32e66c14b9ee04b349afe16489b71a34d3e05ae1cbf3320fbc1cac2c5ae41fb 0
dc6810870e3544cdbf99beed43b8130eedf30bf80ca24a8f79e426e18a769076 0
6fca877bd43e3ddb13d3cc56616d6373c7e137be9eab5870f8ec036615954e9c 0
1d6b25b76dcd7dfebc581afb7672f517571506d03ae7022987476d641c1fd91d 1
82cb5f4b3ca4fd7c9acfb8fb25817c3c6dbc6f1c2149a52a24723dbaf80515e8 0
45f27be4b605a571b62fa220dd77d7c64ca7d7338aeaaf12a70729130131a815 0
bb5a912cd89179982b37c5a5713ac6ee21ddc3e613345c410c47952ff1c9d0ba 0
0d579842af2f90c0e9de33cd88b08c52da165cc7464d56c1983e319bdf15006b 0
53596f99f3322a4b48bf7b4357767bbdb5c76c696bd683ac373f75e77560a60f 1
c3d455bbb3eac5865683021493dd6b7c4ed51824008664045c9a87d012b9468d 0
1f9b2c9c452f05735db3139ad9683afa94604ebfdcc8b1dfb75bf71f770f74c1 0
239bb3028a84c93537c57458c0b44276e8b8bc719071959ab9d1583c31093ef2 0
563580f377a701832d911ac1261cf166d685b3f1e977ecf63c4704645d412be1 1
ff7865482e7ffc5c036ee8ffd89579b0477f1597302f3eb53699eb230adae419 0
92e3d7ce581db3c00f4986bfc730718aab571b0ab3fb8142bd685434353aa2ad 0
f9fd0c313808c8d360e8607d183127e7fc801e8fd3a6c6eba0ba9a5546766450 0
1af839f5cd102a6b65e03fcdad11f579be25334485f08a788ff797aec7b7e238 1
bfc2c215a9ab8fb5d8adfafb7a74ca962b9bd09a848dce24b2fb72552dd7e017 0
69262f1947d5577617d9fb7e20b147ed6772d321b41e4dfb514ea8d60c8c6444 0
ae8282c80f2039883b4fe1f4e78412dff427bf824d7bdbe8ea6a4e684c23447c 1
bca862936583741e1dc7b16134305f979ec467553b72fe2e312d099d9f30496a 0
06670b03344cc0c6edc3768526b53db739b97e08b066c61341bfa649fd7a292e 0
6c1aacc50a93c01b15ba24a696da0cdb4b32b625550cb5e3b583ac7ac12808cb 1
5e6a90846ec85a675e3954bb9b265e9c38f6b13554ac38ba0ba90ae69cc2c407 0
38316b86440dd81e9c4b14a5f5e3ca74f5c58a96f7b4df715b243b4036944633 1
0140023dbd328ffbf5579035f2713a84af79bbc6957e0d553d7e5f671a74af7f 0
fb9ac5b126bd2ed48b7b28e0a819e66cc9d11cc463c9edd88e9586b034a95ada 0
4ed77c7586a362525f0f9ef38a861a187f9713342cb1592a5e1ab970cc46dedd 1
4c22542a79cb21ab65640fe83b3f7007db81a97038853c9ee6458b19cd2b560e 0
cc24890172139502d99b987d601b0d63af1c9771b9781766743cab3f90a0609e 0
f2885e353731df8adf7ad1bd34d0179f50e99c41b38f3fa2fae932d0d528f242 0
e3063ef0ed119679f793f29f19731374712c5d1b019bb83d94b1f895ef1a68c5 1
a859e153abbc0c7d86646dc7091f387083bb5762c21c1f70cefdd2543b6ecb15 0
e1fc1082f430af9bd893b095759047dc8bc9018c56d9ed5ee18646253b9009a7 1
6b280794d5b7a3e5ab6b11af67a06f39397c33390852c6d46cb8a2052941a44c 1
62d52546272b80ead4f4b6c0508e495ef549a6a66ae7b2bb61bbd187d546aa09 0
40a44b95b41185d44967c00b79e502c7f3ba22cbbd1349e0d5f602eb996d1308 1
fdb17cd75f84e3ecbe6be3690c6d74320e7d82dded8a3540ebb14027db2ef590 0
bcbc399b96d2be1048f1669a2cf82e942be3265fcc7b55a31be3c07efdf33cba 1
7eb0f51c29da915a7ef79d043714cc8289fc90c645ecd223958c7008362778c7 0
29b67528b5bb05cd68be366eaa7b279ba359ceb87b34cdd595284e79cc6865a7 0
505902530ba73883268c0421c5b4def16707fd63638803387efdc6ee170e29a7 1
9af296647ce5681f56b6bc39fd9364b7a7dad369f18879ad32ee0953a1d0ae31 0
a9e477a6069dd41853f4aab885c374b61be18324e660708a3969ae6334eedec4 1
71ab06cbe2bd02b2dec552536fd214c78a7ceb8602fe634dee74f7250e704173 1
dca7b6ea904afc5d23a11c30ef97edc1be762554f5a59d4bdeba40608b10e96a 0
1c8bf41b74a35d8225362f5db43bfa68efdc7ef05964f54936a1ef4e6980ce42 0
e7757dfb7e6f49392d756bd05855484e7262948c5155476d1ca2e74d54609b45 1
3b3a38ff2803ed3fb156cbf0dca17088b35b383be2dab950295a0a087aa98fed 0
0d3be6f3d94e9152ce826832fbcc29938b1f56f8b289be36b93a8d01622c1cd6 0
8683ab7f8652986efbb3f6b0f6faa4a71875f6231b11ca5afc462edab3ad5c62 0
59ccdb5b11832eee990747ae9fffe7cbbe89ad6868cb3c43e10b824bf46c2637 1
f7741b9da34e55a5bff0ff56a7dea96549cd3c3a7abdc4729b79dd38ab72f97d 0
d49665e8da45ba342d4560cf44feb30b4283d813648f339225f77db9fb5b3a4f 0
ccaf92299979833780323a151a26018ddbb9a9c3957e603afee8b761450d269e 0
af440c0aae976e1408137d31c2947402735d15b07d9d3eae4798b2dd1e89cfb7 1
35efc74e9832c179ebe19c1b6b2084ccf49a3fbd59051c454524f7adb98d22ba 0
219bf4f1bf1b90ea699ca5b53be030a324144b523e2de5d1ff969f7f2baf4f1e 0
68fc2621edc55c97906bd90faddf509de8f77b8f8d6aa1767c28c56782051d3b 0
b01fefb7e48e559fa3a1c001456b4fec46e62e0319cecde84f479366d24e4fab 1
7eddf3990ee1a1501f64871b3bffdb74e27b096e3c8e4f99b5fe85b36f54f7dc 0
b7dbc97459aece468600a32e6394fee07cdfe7276b33af0beb96429000b2bf36 0
50753bc5164ea7d948a4d16600b92f58855ab2f88d786517eea388039caa151d 1
f563af714e37e34af2de11ef2c3b99e64bf95308857aba34d342ef7eb2fe399d 0
eb9142de9ae9f3e0a40f6f0c74e15f327ae087be89a3e76aa393f3281ca786f6 1
71b450d79c5b23dfad36f2fbc06a5fecb9439c77720b72e250b5b0e33245ccab 0
65e259a3e76097253e5c9bfbfe54b3a0c9821a2c18b6379080ca24bbe88ed9b2 1
77cfba1c648b9d796da361c25454de00f5692efe330ea548540b9d100f4de153 0
44be63bca8fcb4a65bbc99273d9c7c455359c6aff088d50ebd539c88034e1dbe 0
58ad6c248373d4d6b60e98fbb221135be6c777befb3a728167fb9bd3c483d674 1
503c55d6c31b254a6391ee50c7a1139ddfcb3f879cfb1c43ba0454d061d1da71 0
21d22e50d7ef4a9c599de7962ce0264df971510aa13decc09b6b802566624c43 1
c79fc98ccf433d2d7b09559db67a8305bb42d6ff9c15ee91d9dad6a792487ca4 0
6481f3686a82b3fc35a0039afbe577b338ac510d0b36ec1e8cc5a695574d59d7 1
85fdd68588f5be90acf30d31aa454d92763d455e4e36e0dc6d4cb6c21a56a0da 0
038269fbb6c8eb3791270d7f0d64dbf0a8b0f4072d632b30a6c572fca7c16cae 0
22e7ebf7733b6f4c5f1313eadb4a129b8d5f161e7f66a4fc9a3ed1a87d92d2d8 0
d5567bbd3da9b0a08f621508bcb7428b4bb08fc15fc4b3c5998007543a8dca5f 1
c2bad7d649ff2c0dc5736374347b058533a42fcf1b71647ce22cd774ba64b394 0
4d6b28cffac84478fe8005f51a2d26ce6f7b65f96e9fcf2f67742cd9010fc631 0
c125590b5fac40790d751893ef6263bcecb3a0052f87a9a47bfe830a543119d4 1
608029d3927bde05671433efc751bd10bba936c51b73580bd73bf6e67ac1f130 0
7e6047c3e9d3846d8505ced481e3954f6a53d51d9f10fe2c2f1e63ecd9333a8c 0
23d1c4a4f02417de6b40f79b192f89036e2dfce0b6120761e71fa804badca759 1
5dd3ee2a34be759fa3f73de06dd4781f7f2a8f625e62ae068bad36c747fbfcae 0
8d35c76b99159120a11dcb82f35eefd2d560c3735c38ba90d3c5a62d0b3646c4 1
a3a273944108c6d8ab5651858cc7c356eb1a2ace1a6195f4b561aca680c4b97d 0
9463dc9f8434ccc03824abd01190ad49d35c90863de1556fb8cd3e58ef365f1b 0
87f2a193184e41844c45eb61f07079a267c88e53a85c5544af61f0162b8e7f40 0
42f46a3ee4d341c6f14d25cc7d547e54f198b1c31493f0674946fd6511f79b5a 0
e16b6e19f98646bfddba39764af5a6bf07520e67d9f164625b50b2762014ac5a 0
be7256d4b67085a1ee50c478b22fdcd11563144fad3169894a3fb3a406234744 0
80e762e04299ff930e7b7815cb989b8bdd3c58112a6eb2b3d00dc5c31fb0f86d 1
644e2b56faf0995fffded048215f18b5c124910d8be109dc2fff5d935f7123a1 0
df83b949ccf916713fbbd54337d8615b97193259d11a4afe32689befd45a502b 0
c65f03bd04f4d37be138d916346d69e8ea777a3e8283a719a99ff5f465116d31 0
4913f2dc7b7c62c04ab10011569776d12547a0dd6633866bb71cc030e470bf34 0
0a819a97c563c1491907e63e3bae72fc1cbc5eb24e578e9781dbfa75c332d5a8 1
c5e3525a040f2179a44685f7ee0b946ae0e896d40f73f785b57c4637cf16b142 1
c617677f904baaeb55dda13347471d10c41c094809feec353ab50fafeba09565 0
1baeb4b6dc1e37ad54b6ddd1977fd659451a072c14ccfcafaf72c134ff3bf01f 0
9e5efc4c2531af2a5cc8792a31dd4efdf4c9e80a589de19c9b4a8dfd2aa84d31 1
0bf8bea7ec704160b36f9fa14ee868e78e5bd6f920688b49fccf30738fd5fb2c 0
dfe31460694377e21259d4c92d422f2ca2c7e33dcff4f77c0dae9fbcb999953a 1
e3a6b22d3500dd798ea4eaa995123a6d3c0293c53f6dcbc303471d82451461da 0
e1498cf5c6485bb3dcc018735be063d9929c432e581d93f72b1d3d8fa8a4fbb0 1
6942451d6514cfbf016b0aa748fd1b69989625bca8f1d02b661573de306c5b8d 0
ab462178f18e85e7d9ce8e2ffa6e1eb44b6c1228f050ba25b0a7ae60f5a33a5b 1
17f06ca2bdffb96b387b18f97e92f5fa139e1bfe111f97481c678f159031bdaf 0
2548b7bc7d35c18077a783afb31d4517a2904dfa2e63bc9d747055e764e7bc37 0
52759543c9384ef68bee94ae2d92174d183803b2ea254eb773712b74646f5d83 1
9be1886900a9925259a09a6b50ac8c5dcdd219afc601c34cf6eea5bafb62ca7c 0
27c7cfc5f4391f2711b1af8e1f9e4c8f5bded7297b6f4eb4cef31ce67975c8c8 1
5eed912c68afdfcaad356f4f7354611ee8f6dfc3a4bfb71cdd67ff9ac67586b8 1
4516a490e146f72e05f67c9499d108de94b6607964e1e7840f4c2a37c98464f2 0
2002a554e00c343acee09e1eae668a548072190afe6de1299f8e75fcd8fa70b9 0
1c3cbc854472f9f55f0db6da1f69da6bf781babd346f403e765d3f16c35bdb20 1
91f0e2b71e640208e0a3cabd59da9c58f4cd340f70fddba5a4ef607c44b4a017 1
eabb66da1966e6c371abf86c897cabddf4e0ff0c149abcc5b84447e8d96155da 1
9faf770c8b0a32693979e91a4f11401425b1087f863646560abe1009fea12386 0
39a169418b70f94bb6d7f410df3d21b8b91425b28533ef6356a5d4821a4c2d7d 0
7310adc668597b023c50efc28af80e3d5ae5e3ea0138a9b2b6873b6e69ffaf00 0
a81c4a8d5ca83ed1871a0c426a3bcfac3cae39c0348d567833bb2c5d68f84cd8 1
911466266f78ade37a1b978681eb9241ea09661ecf544452b821e1a0dcecaa8c 1
e310df7459e416d5cea3c87836ac5651c462185c8a066521e50ab03df89dd8e2 1
517e242e1d222dccda7faaf64638517e86b8a31c3a8bd2eb4af3ef89bd7cd62d 1
6c8bb2b31fe0d6deb4a6761546a37db9bb571b5fbc799b3f5c47c55563ff7286 0
463006e7a1484c846899d553fe8612c9482d5cade36dfd2a06ba01c7153bf2b2 0
3775f2831e11e182cb3836a54c05c6d6df51cfbaf4c59d2cad8bf31756774984 1
d148292dc4377a8bb3df363290266379ed7134ccfbe147e672c7d3086ee5b7c4 0
d4bc2ec107f54f4b6308dc29767758acf061d680dfd9c2a2757a35ac2ca936f3 1
690c27061bb5707bf067343f291ee36c117c742b1058eb76c5e614bbc62ce8aa 1
518cefae74fdf2b818635cbd90e7c77ac2beb5e540c081b98f6bbd3a86772db2 1
04bb04c5aa8e7cca92feecdbfe1e992083227d19a4939231dbacd837ece054e2 1
d3e5f79b94470c9b88fa09ace0c05457d20ce1c69a788fa4f1933f993c71465f 1
c41837ddfa6b48bf0ee56f76d107bb10ee97f22c50b35ae274c3c5be03d38b40 1
96a50eb491982363f5608d26d08a24f4aa9cc0d8557a565c4a4cf965300344f0 0
ccb083245afdc674929e3156a035095875cd014cc1fac60dd19dedf988a5cbfc 0
4cf58179fa6faf489c89d4fbc42045c6d027f244373df06fffa7831ade11d75a 1
0fba03832a59c39b2b636a5b5aa20815c9123c24c51cfba9e77a9ecadbdca5f3 1
34604802e3983d76c8119db7f4c488218189b54397282181a13e07a4fd1f8492 1
d51b9ce84608ecfcefa0c8e9f3ecadaa2742c5bf2bafa18fd3a3b45547cfa9cc 1
5fad705f3e3e6263d007c3e2d0ced5f669a0246ecdd2dfad77b0f263fcc87402 0
483f688efb45da3c09d2df509562f873129ecb755b0308e061b0d4e35bca3862 0
f55e73860c81fbf0825e89b7a1b11ef302e9018cc574508d2924a9e64911844a 1
e7c04e70a8f2a2924adc51c345f4cd3ce432be60c17c67f6aaead9423fb8e374 1
c1a3f133f7ca4d89755a6a875ba4b6252b635996a1e33ed9d8af5441fa212913 1
1b7dd3341e23ba59f6df3c24a9ca28fd4eab6266eabb284a26ee7504d98f6c5b 1
0467c0bdeb074d73306f99e14631c40bdbc3b535fb8b09ffc7b6c5b12190e24a 1
329dd7a9d8ae27312c8a5ca29d2bbeeafca1d7edf7268508ed3ab5d575ae95f4 0
1cea557d460794725fb5b5dea21bb608bd317d84327b809474a012677da7a850 1
d2a8b56270ffe8981632ebec1376ce65f25e73b5e6369b61a2a4c79f4f8379ab 1
55185c59aee8d37d2c225510250871c404e43b2c5d53da3ab69c9a96580b7652 1
73404e8297135cf92338a0c1342ac9a46912e0f6738cef53a88f1f5f780b0a66 1
a53584b509cc68d067ee1ce8c9208b587135e55ca1078b381e04922a82507b7f 1
cf7ea8633f29dadf06dc1c574f8bbe51c914163d79cc5de5c6ac8a6537b74733 1
8d41df84f62792f50e2dacd255e5036d64385a854ecae14c63a8212876a6e875 0
4506ef680f2d3a019c047dfcc88aba29f2448c1e20401dc10c68d29377af1373 1
c30d549cef96b2b713a4c1784b2ad432c18a6448d6bd94f7d42e3a4449b26324 1
3c61931ed620e9250a6bc1a5f6710aa53cc4509e884e28240fa3f696b88493b4 1
32c66696863c30a1e9fb163502f3518b1cc30ae6ca7747e694cd1807a69e7bb3 1
2a40b3ccb57dbea9673874512910090599c225b788a9a87d59acd488f0007440 0
4300578746889a0781ee89771a7c5d451b0f9e007c4aac2108e4639aa6b0d5f3 1
d39eef79c9e6cd8ce5de1e23559bed01f7256a2f6fd3b600c3fdcb0ff28e9195 1
02fb19c64aa7168cf5caf94bf4e0ff04ef21438a0c918e28758f30e3b379f176 1
4892f0e755042dc293b231aa64c734ea2185f34877ee9190c5e93a2410c071ac 0
481e9f77d6c38111e4395ee3a17ebc7f8fdae3a6089697bf14ae279ee66f90df 1
b95486e2d4386132ca042bfa207c03e086312c3f56f341a653d7c689362bacd8 0
89b31df6091cc657b1bde5dd64aeded6ef70ab2fb1e9f69738b41848fc1b8407 1
fd5e5f528348676094a988f0807c0638837338bfc0265407ee1458e55ce656ba 1
3f60b9ca649c4875ae4d27a5574418748088d3fa6951c0897e49ccaa68357b06 0
8dfe9ae2ffdf866a5b89a2c734c0fe511e4b6520c49def10a07ea6df69604e6a 0
b86aa16fdf69b2bc55a01609ae6fb979cdec6041e670a9d798cbb62c6ba36256 1
fa754ba739cb1c3f2e5189d1cdcb868a53ca0b82c35d958a406f128c2a8ecf97 1
18e06890d1c9ce3e2ac3b19c390e0692a82e03d2b229893bf3113b1743cf9869 0
57687bb46b14bd01528e48fa66ae8eddd0a57efc024fc027e933dfb9a0ddd1b4 0
3b6cf9cc62f69c74330b29760d00288d53beb6dee0cfbde21a549c5aa2995bb1 1
a53e109e6cbaa07851c4e21034c302264143ac32f545ef6ef3c19389f7bc5f3f 1
e311567dd56c44905ec50034faedcc324abe879ed4b0942049aec5c9c4681e30 1
c254d488c317e8188256767ba0aed6eb0131b1fe0edc0f196182efc69252ce70 1
39924d175bf067321a5978cdc20dee4f8831bb92244eca8fa5055ddd5041d5b9 1
1fa484436ab3f729b32db64c12714ba69d525e10b00c675cc1a81b227f03562f 1
729c850c05196022bf1a308f12423ea58970ab987ec59e884f90a9ce4b7a89ae 1
7b8ba1b23d2eb91fd9e0c3a459af50c33c602e5bedf03eba5e296a4183c24d75 0
3ebc9e4efd81d18e1f8c9576d8d77f6967cdd35efbc0e39337570077bce81358 0
5bf9a87800956f01330da1e84ea6e7ad46fdb1d0ceeef3d265ccf0e155721b1f 0
06f6bbb24307818d2ecbace8f6c920beb2c933f527b304511088e60c32df9ede 0
abeb954879507581c60d4ff70cffefe8fadcf8c16c62658f843c9e0de957b70d 0
bbf172a712bdfacf0cc92f84190b42adac0a6019780b51bdf769bcbea2bec782 1
dd11119b3a3d1f2a4a97eaea2fa8567b92f8cf5cc66519c06bfac931a4a637db 0
3fee0c1608bfa297935da59a3a83ca305c96fd428ff59984879827b9f2b75b13 0
836f096936b09f6afcecf580f64bb4b1d17816fcae77441d8051bdbe3c98f05f 0
a22e6e2913bef7deb6d2c3b8535eb6f36595c739956ebc1d76864e0bda49cafa 1
f3a1a2383a415e174c80a43c3efa71ec49d88d133a1fcb9973adcb81ba1cdf4e 0
26f150661919de7ef7e3ad56ffc80cea8426ca10dd958bae3d67772b1530b283 1
86b83654cc5057018ddeea57e19653c13a155954382da6120de2a7d4c2e14393 1
2bdab4a613feaf0149096c9db556294cc221b17266ca947e33e632cbd91d486d 1
3723e154cffa198e896c91bbd36382720cbdd8b41494f7158f591353e63b7334 1
c27e88f78d0bca5f1934b8bca97cd057ab4d646cf0192f4c1419c86ee1764b86 1
fd34bfcb595b56de67fbba616861cfc16e27818fda4c4790354d92a9eec62680 0
45deb9ea90b43c58775c602f067f8989c52cab7312cdc1d2031922e637dfa999 1
fb7b2763a5214e746879e219dd3712e836aa518c10f4db1ff24214a14ba76cf8 1
9f3773c0151b0acb35f95833b0ca631da59e461f83f9e798153f86f7e55ac0bf 1
5248848b6ae9acfe46ffa1848f6854746c88de633a621407478d0aec411e7378 0
77f3c0ad778742f198eab8e4199e6832c8472ce2bdc561b935bdcbc973b7812f 0
8f2cdf2beb2a3df45126560c5bcd738a1f13f02665f7caa3a2d9282571b7e4e8 1
a82933823c5b69b609fb800bf58aa1c7057585fb47a8701873b111d676c6bb72 0
91cfa4de292cf9dedfeb04e91ccb15993077ff285916003ff324695dbcd2e904 0
388df15ffffc51aab898e66c0f8364885fe46611a77ca6ddf8a617d876e9aa52 1
7d7fad4022ae0673e28bfb6691578b0c3964f467c0d844b7cef323b29bcce6d2 0
c9aa5c6de1cad0549be06440144edc677a79609f64ac3ff8651f56ac297ddd49 1
58ea6286eaf9d705d7014888a13afd5d6bae356d00f7d3bfee26043e43dea5c6 1
cdb4cf72c438d9b0a6b70fe604b719b26e5b7e52ee32960fec7fd4c57cc3de76 1
b70902216bfcf2ced6528b8d522a3d42d067b3764966378f10f9771b9f1cbdaf 1
68eef48e551b1260566fd291da8e855bd3ae1824694368048fc9c38cd34b23bf 1
6066f603c2fa41c65610b89f0908ac5db75ae9fce9ff3978cacf4d2ca7456044 1
d6481e8cfe448449d0b59d29e79b011b0d3c7bb6e03a4fa2564e85ce8d248026 0
f93aa9db34f5a259808a59baf1f7aceccb1cc7bdcf886baaf8578b9e63f3ae0b 0
e04bc4be2032c45cdbd7ea64950b08f3e52f4e7f60be33edbf6b5a96fe31e47a 0
13e191ed6589b0578782a27ac805f813bc20ba3d9bf004c46c91607a0b782167 1
19f50c9e1f52f483906cbc841060ad5d9aa683f61f9ee7ba1986dcd01d7e5872 1
757dfeb2eed62dbb4d4bbb703680c1c25cb21fc5ae16c7a2f878223c33d25a2f 1
9887f8404773c2f06d4b82ba30339674ddfee5f7133377716501182e0b4a482f 0
72be99c71714cdb36db2426ac316d222f0a30706bf40e414582156a40ae007f9 0
35897325d9d9184c0f88be9d4b093ba8abea4bcfe916bcb89b714d479679f801 0
f3e20728c18f70ffd19339e4b94d65e270f62f24f8e81b6c9244bfc1a4dd9e9e 1
0d647ee339ca5fbe4ed4750503b7e54b11e17c6200acb24927b98b6b3acdc6be 1
fc5295f1e65071e1b3bef44c3dedf76f13d24796671e6020383476667d71756f 1
b72c2daed318e0aa23e1ffe92b1dc1f10608b2b1bb3603641c7f52681fd5ca35 0
0a2a9941e4dcfb1a79376e368080475dd9cfb652a6bdf337e7b5146217296a83 0
4551ccd306afe88986049a3126de06438fbb56523819900198edbe8f545c1ab0 0
0784f2ebd5cb2295f51bca22136c641b698096a6c89803f20d188c20b999cbaa 0
1e4ef7e57c79f41b05c1d5d9be9c07f8e0047a2c351948db012ca4da38ab0127 1
3faea860c156b69293fd8c944eb008b154607ea955c773f666a067f993bb2fb2 1
f42aa73cbd6605cf893c65c14e281698c4236b056eada303eedc55317ad2191d 1
1309b9c002f43a6663c6df651bb3374c10743f51cb1fa05bddde2befaef2910b 0
42c1b2d275054d7820e12f0fe336eb9cc3bfcd07f7b289c2f0ff49c7e322210a 1
f7af77ec19eb91630d1fe173346c5fbdb24b454636098d9ab3e25ee314ecbeb5 1
a1d8d07049738e23233743150b035005ec4f1247fc110180db3a9b24ad16a71f 1
d369ad6847995f5aba43314c95ba27be7d1d63670eab741045ca262afc2d4b36 1
7f3bf8a707b6b20a249b6b0b8e2394e1eddcf3a8d8588a9f54bb6f3ac3ea627e 1
b156dfe66fa2c2968242d8f984342b2d28bf26e89f6c319a4569ad479207a0f2 1
21289f8bb67c46453f19e7ec71a53f6f1bf60bc7d278eb5c203d2153d7807775 1
be3838fb98fc5c0d58f02b99250b7693b445af8a0fc393ac71c065c026510366 1
95035505d1a6c04d204cf15e342cdc936a6378a75bc52275a91e5c2124fe56c8 1
db9b94bfb08025982987a468b7b1e8baf8a32f1b03b17c8777d1182d0a686d7c 0
90726e8f2303cffd48e788dd3d8405e7a155198d99e0307886c03085e9f6fb87 0
8834419f2f0c8f01a79d37db21a7320190995b348edd18dcd0d129f837fa9eec 1
90f6ac638d4dde373a7c7da128fb6c01c99a4d8d6572889f3a27706cc389efeb 1
194fb4e219ef74c9f00fd4b89eff4e98c2c7cc34e55ea5c343dd1af0224d8c7d 0
c60ea93b1382ce99168583d83d109476db9c5e20022fce4f88bdd094fb542990 1
53fbf1fccc2b6f17bf84d43520b86eefffef22d5e86d35fc226daa715931bd9e 0
9769ab10a771756e1f6662bfbba1cff145aba1d1246c0a34cae3b79aaa84b1e0 1
1ee4ae0e99eafdb9d6eb2887da7561bc40666ced7bc66784dffbb379deb96d0f 1
a44d4aee18530aff3e72018664bdb0a7b35f1b78697d98227f5e9b48d6a6bbe4 1
947e5ed394d5b687b3e7566bbc27acbca54e3dd476dabfb95a5623c0232a157f 0
23490c1349d99f8b04bf1ab87b5645ef6d6ad1b5b9b4be6a1d6cd8bb11d714d8 0
f5d276addfa9ccd55fca4b3bb15914d3874017f7c2cce4dcf2a42fe33d434749 0
89231961b19ef98558788a3d55eb5534827712f1d0b00960fc51c497ced66e9f 1
15a8abdcd495ef9b287a80268ff9c03f05db8e6d55df908b39dbbcf92dcad0f7 1
14c5a45b8e4baf5263a9e6c3c20eb067c48916c886830b787661682743ee5825 1
ee7ff74182ac8237b168c56e9839fa8509759416f2ef663b4ac3784b53832419 0
9ff6f9a6edc85d81445ee8030536fd6e270db2c671e63385824281dcaf884a63 1
7c2bd036cba7a643326a629c1f760e29432244b3ee33433e1c969ebe705366e2 1
d465983cc8d1f43ad4a96ebbb4c8d15ee7d7e0396d4daf29423b22bea0c40ac2 0
8d325419543a085d83a879f65416d9500fed57955cf5d0581bdd6a279ea40aa5 0
1e5b1c14e5995bfdcd8824612d9aa6fa77303348edf41436e8b770cda212d5c6 1
f1405756dc311764920d11ca561b098f85f2d58832e1a35356fa33b47aceeb57 1
d3dd8f9a484c1ac7d7a3927ba2b4f36a6c451451763097cde303d11d334e67c2 0
3f04c5264629db3aa19c2c595090ca5fdd2e50f39f08a040226a0e821408d17c 1
b8ea4d5ff96ce32be0f9fc700beeb411297c6535d5e2400652b7d4a88c6f95c7 0
ed426bdb8b5c16362c4fe34b61eba6e00b0f093e904d549af88904336e02dbaa 1
eed528db90abc15bff40681bc9e47f0f3eb050322a44f5d9ef688a0c30ae33cf 1
f0b3499b04dde03fbd2ec89e0a3ae21b6be4931c36d728d1be2132e6785101d4 0
8333371ae9c39bf6fc74090cd5065cb04845604bf145bc3fdb22aa2f7f075284 1
651837a34845ec7cc71a96c93ccd061132ed69727c74da463b716a4a5dd6f99c 0
d246bec1b97214fa0e448c06b5c53ee389dc6bcbd26b94d1fc1a91470c95b93f 0
cdf68fe17c77cd4af315903dd1911e894beb6e4b36ae468772f346ccf3855c9e 1
7fe199ee3c07cfc70724fb53357ad7931ed688895ff1317aa4475505437d6bc8 0
d4e55d4edb0a69c626e9c27905fe53cf6fd0693af8b7a8b3b2eccac0c0bf0456 0
dae69d93c3ac75c694d23c1b5c8452c2926230ec6ed91cd43c9629581a5b498b 1
281747c6fae51266e0b19fbad8131a5662aeab363321034619ab9553e9cdec9f 0
0fac7addbe4d7ac3d3bfad1d87bc788b383378824506146f8cfea86577bb463c 1
2e6ee2f639e6a695f6ed6f9e8a216059a2616e1fa0142bebb23a83ba90af25cc 0
41cefb764e34b4ebecf1ff86103f757fcd6c4d09cc23ed0d04961f50b7f2426f 1
c16b2040b7bd50b37208b2385ed3edf09d31711195747ee34aa2d5e656a9f346 1
dce87e176468c5d1d2a7c28601bf52dc22b935b6406fc775adef5b19d926e9e6 0
94c5d5f6cd1198465de18b04b2a3ab8064e744d98b14a29a04a0d97bcaa4a7be 1
2d87960968dd008a349fd624e4404f604d139d9e3b50f8dc8a7cc3780a526d5d 1
12f86c4bdc9e6f58f2adbbec61b27c65ef8a988ba9c0f5c38675ebc04e169045 1
a777e941c24e9ff1bbb6093ee88eb59a95a0af22eb1efacf0c284e31b3a857ab 1
783787e055e780cd4b116034b23e8dba657881db5adc6c88eaa4c3a5bef95ed2 1
54c3265311030f6b75b68a0519852309b6305a040ad8de0b4b3f4394e2abdff9 1
4046bcf8c37121c67ad4e7c274ebbb7c622f572f1bd0d835cd43f466688c08e1 1
c35509b1057298a5583ed08f96273bcf3097f304154e96f9f212d26cef4c504c 1
831e71b1ee909091b8ba05d3011bc0560634eb470eb156a61eb944f7d6c299a0 0
79fcecc348f96e8067e1eb99ff26e2c090d1c6cf536e437deabe9c414db02086 0
e7b48f4c1f7620038959fb02dbb61fd9e84f39c07bfb3f6c7fcc70c4d5dfb3de 1
0ad1080228f187e500d66db8238a8fe1d058de2ec6985a3a2ccdcad70d546086 1
93d2d19e2ac748177509f799af26a64c2e37299f790b7229d593ce0c2a7bcce0 1
ac0b55c61e093eb72ce4031cf6d3f2ffdbabc4c19965d59966cef1b62ee1e16e 1
7ee66b7de4fba3b3c746d44ea8cf3ab501e90cbbdf84a900bccfa5f134d6614b 0
3dbdb8e74a941ea6604aa1fa08ed3f982949423f1102866ec373bf1da1075f88 0
f7cfdaf9555d793029314b43d5d4f07646b8217080181fe0da7b71e86b598c88 0
21cfb19d89c1990deae4311a89db282d354f8d3e5d960ebd6af8a168bfb2f237 0
89e1e3f7efbc2265450d5c89d758812c5011e9b399c7b607eec1d36437b31144 1
e00a230a892b4faa4d6c06eb90d35efe41293b7faf42c5f5e6d1f68d75f56d5d 0
745ccf136ed190638208eebfe3ac82328d850a9083901bd07172f2590fcaaffe 1
c1e4d85966999fe9421907790f4917b5cffe674bb783e72acc7e14debe76c8d4 1
756c5a6d38eb2b667b8180c8cf84e00eb524ecf5fc4b34b117f7062f2f38cc7c 1
28e942fe35ee28217c523cdc9b3c27a68b8b011b71980cff7c5b17854aa5718c 0
89db880716589981b1160304d75e8f1bbab8e7ecf6f9efc69fc641b922199704 0
6aca2be7e79c4025a356430eb4229179c355c9b2b7025935e17f9af0eaf7afd5 1
a0b40c3b9bc98b655536c8f3565ecfde7c6d5df3610ad22971d6e388d02f1916 1
59bd064008ca9bf1ddf1d766743f249be047641312e69c5a8e19cc73f8a8a7db 1
cae45abcae6617ba4936cfd610764da6577e4c6af62c362b2b62a3c25b805940 0
b768e1959f77e250023462e84412a1297492d3669ef146bf137f5e5defb67f9d 1
cfed52876fbaedf8ddcef789168dcf47123399445f9bfc5d65b872633c18ed93 1
520e20d85cccb0eba80b9f112484e1aa72bb17fa384206ced3fbd61783d8f73d 0
795352d263efee04b30b9f604484c07f813767e3a107f1291e9ec962f518025a 1
7672aa51052f1f04a3b25b127c54bbab69ac3837dd53f189949a4330d1f82028 0
648fbd7a91f9fc96277a4d0d380ef552b14d95059e44493223e026718f200894 0
43f45d0033cd669e72a46a4adbfae5d645e3e8ba5e86d5811f6e9e3c1e5d83d2 0
6244a8bc97ad7a9208197bd20d8d5eb0991d23e62670e579311c83c6a87fe1d7 0
4b4824dcdbab97828db3de69b5fc4acb4cbc6fde075a350acf90b60190309b70 0
9ada6293d52b9834529b148a3a118ae2c4bf3f4d62016a16b272889089d6cbad 1
93222546bba320508133a6e2a412e438ecd11f4e20e8988b71f02d615e4e39fa 1
83625bb499689479f4ef5810eba1b5608d6cfad9ad4704e4f35c5cca17432a50 1
cb865f1a2f243804e9e185afb19e66965aeba630a4ba3d0ebd23b8e9247306ef 1
059f4e2585a062d6c95a7fa4a160c1f47cc77668edb886f6652638b8f3606b2d 1
38e4a092a57078e7d3a2c13239b1e5fcfe798af4e8d19d186ea65bfdaf543be2 1
1ee7f10dc29250aaf76c3a8dddeac683a58428699ed656a44e8660f59a24bcbc 1
a9c082aa281f73496c85ed66aaf51f98f18188efff3164eb6180cc079f160d0b 1
2627c020c0c4cd43bde9b5cd7ec3df517fa5a18185aac82e0e464fe24c1866cf 1
cbbf3367623f84cbc662c05f4e22eeea3c1a5816f2b56447848df75d84482275 0
38d4aba29de626d9e7ad4ae5711811275a1e69073f7632c11dc4588831e55dbc 0
bb91cbe2d87a117ec2de56829e1e4af47306c559bfe96ee4b5c073510d5a38ee 1
680a859f590fc80b76e8384cd083209d53bb8a581b0ae7f5e20c48bfb06ba4da 0
adb5278e14d8c123d38f207008a1104fa714d25f41a1b9802e009b9fe65bb55f 1
6e0e7395026a8f8ddbc7cc250541e3d7c00b0f269177cc930a3f24bcb89c5fb1 0
6f5dd77ba6247ad8b76782d7a69b247853a84fe1c78a48dd926e87f75da8c663 0
aac2c0c375d635129f0705cf466d32b4ea93c403eb3799f28ecf486db5e33e43 1
ee6e0e5f68c323c61b8b4f5f0f79a2a04fd0d8e1e6372570a0c75de778f1965a 1
97b65a87e2305238cb8e4bc5d60fa9c90216676106477ea9c912bcc9fc9aa7f9 1
f8e66156336b1713024aa2908ca64cee8f646695d0ace48042e27d7de39849d7 1
8065e7c0522fa107ca97301e2e71f72998160fb2e5b392a37433d0dd966edaf8 1
cc930c3a1550133939815a8018454a11911220e6b47eff35480bdeb57ef82089 1
31b2cc09cfce10f8d0400b690c840a5a49a3eb28b894bad6fe7788d008c50c15 0
a8557f20c4d939cae2f9d72dfad63ee1f171d9654ea42579408a14915f2137de 1
7c0c034c1ff48e13437c4597eb2e99ee5b612310cce71570a7a4d1f69e5045b9 1
ea300b28fc565f45c7a44a96ee72bc7a1b543c583f5d8a6ec3ed980555737964 1
00a38af17d1b817c472d8173a5f95b42266ea35cbd3fde5981cbc4f53cb0c8a4 1
cc352db7c3c09990484f7e3a4e7de613800dc5103a1d94c317b2502b3d26c214 0
80cbf7f64bc3bb36a621de44cbf982d4767345cc8c97c8236cfab9a918b6a811 1
1c6ad8371bbfd0181b6343e77bd1b9857db9d421ad2a0fc4faaea42be3eb6063 1
5e2608bd7eafe874e10f702abd1a2dd6762738158995e2154826422c7cab2d68 0
936e6f911eaf154e78a40e6ebbe2d0c542ad6cd8d51327d0c2909829fba68eb6 1
b11438988c8c1db1fce57927ae7cb61c7e1b68d1614af12a43197665bee1f1d5 1
79a6b5efd5c754fd88f2c862b30985afc8d49b5bca7b5ca1f1f97f40e1958c39 1
75518d3317f30e6b957654a1143bcde7849698ff3847079bf9e3236851227778 0
dc791521e2ac198be4ef8a181399be2b8f18340074a1eec2b438be73b16eb17d 1
002b83c06f7707f8f29c7cadda87427d1e08da87c9750ebea5f15125d0fa77e2 0
b26a8726bc12266fd285e22e13ba88de304e2cf2a3dd81f756fc03b153c6c12f 0
4ecb215c5fc9e113d2ce2e454bfc0bf1353e949a3b699dfa3de88e138d728220 0
e7fe874f5b4cba6d5fe2b73c73791a23bc8a88e304e3f41cd5bba34ea1417869 1
44ca782acef7a49a31356e4ad88d4a5a0b914929a3d609711e60761f1b48e929 0
69c709098e33e171813c097cbe79dfd8d2d8fe22648962197ba2b08c13207828 1
9205dc6cdeea8a82e148af9e6ef82da6e0f2c22a0227de1862ede9c91c3515d0 0
1a8e44b75c27a8d104ccadc6f4ae50a6d3f7fa9dbbf3cf56212c798e10b17bcf 1
b13780078e90121e140e4ff14bed175db0ec82bc49dc090de3a8c084aeacb44e 0
fe1effcbe27a293708fece3a9640ac38d9c7f5a0dc4454c318b1f36f4446e681 1
62d24ddeb49574dcd9dd1d7f4f53013b6c46d62763364e2d96a8015fd4e7869c 0
43c48379e355743e0fdacc17f34c5e8599e822614ebcb4501bc574be35c8d402 0
83ecd79151876cead499fe0df5eb0f6fce01962bd8c3756d8bf7cd19f4910489 1
3ea6fa9d273b5eed7f0673ad13bf353f5dfdd05d103c27c75eeef80b92c391d7 1
28eb4f12bdb96363b4ca69b1166c172d94ff7605e5dcaa64fb81967f7168de75 1
3c74e6171151687530218b5452ae9f779938135fa4dbded58f327cd734e9f536 1
2e497ff55137438e7f2566f9e4ffc74e8a10a83edcbf217fce7d062ef976fce0 1
13b5a7f3749cdae5810f71ebc94c73115b0bedeb8c80190b981daeaa5a911b46 0
af178ae23bba5d0ec0f9786991e9ec6e0e6fe8810750f095214b52b8e055f149 1
4d10b4dd7def9023fa8d9ebc96c679dfabc0b5c434c38ae6099f648387d006e8 1
20533526036e6a1dcb1e3c38d8900649dac5a4bc204517f660c314f98f4c53dd 1
5bc4e3e288f64177113f70c497f41f4e970ded2c0726f49f94b045dec5745784 1
15e0c0834ceaf130e7dc0a29480d1cfba18007338100d230379689c26745ac78 0
8ded52e23109e247047d53a62d5a19ad0019b30170a1c0fe40f09a1a015b9127 0
f9bc8669a2ddfb745b17eabde07ff0f28d0cb6729f39a56adadc77293ac3a8e6 0
e688373d967ac2acb88912cc019c8840f2b970e99b86cdeea311c00d4aa7d802 0
95fcbab304c400d1c26cc9e7c359df7f3634a0e2d138e541a01c290dc54d2d13 1
90cb92028a8d4822a85a79829fba6e96c896e83a7aebfd98aa0b2431a3976650 1
be2b0ef947ff89efde2947fa046f0405714acbe7be0c87feb20661d3a70a1276 1
c3c10eb27fdf838ba87d3c3cefa22bcfae194c669b4007dd127faf773a4ae5e7 0
8482c23bab626e6a1a622899299f2cb66eae3a73091a3a7e723f13579f01642d 0
e4149761ce18587f7223d969b314435897ab3be3990cf720407e2dcbdb4601e4 0
fdbcbc456fe264d1e9888896ae1517df8b63ca7c59a919b97fcac2fb8030def1 1
f2148c312f119274cf8372023c624278ea88997e4c3be1ea961e1fab23190941 1
7c2369569b6e8d241fdbc7417982764b2132724ae80cebe8c4bb5d9945827aee 1
85d7f8306ee359a3330a689cdf4137e1de44aeeb76f7bb397a4ff3470a2c8283 0
fce1ee5333b96bdbd51f72039bc605216e98fd38b68a79c4c899b6795cdc545d 1
6d97664728b7191f66df143b1f24f06b037fd88b378e2d7e501d253712aa9b4f 1
bc83d7feb095918e0752ac4d0f1bd9f8f9b6f05871c705b017e987552640520b 0
4e1fb1287382d39714413326a87427e380444118fbe9f1ee7efd68380cf65654 1
99c52d6895ea6a1175ed60c866b26864e61b05b6ea0249105229fcd45d347597 0
6876e097000875eecc07b2528b040f4bb6bf0b386214f3c3892b7e59b7d811ba 0
d0c82063812f6aea33e8b9a04f0c53d0f741d0c0f156ffd695f6e94566f3ef70 1
133fd22d69de6b62f123494b0974e8d2c40b2370b4ffd5418a921b056992673a 0
f1e208180cf5c4823e786f065a755fa815de4e698aa5e27b50598ca0d2d1b227 1
b1efcc72ca05b79d50b1f4918180be07c9e8198b2c8a3992556103da1e6fbd14 0
7454942574d5334dd6ea514f8beadb663dca1dfdffb065b0272bcc35bc3cb85a 1
110dcf576d6eb7fce614bc19ffbdc0efeab248e73744fca7ee68e273f79d4b01 1
5d7df6bf8bca578ddee774b04a0bf7ab0158699a5a52a29f6458537c61f3df5c 0
2de6e7c5ca89602e968b802abb0f883781fe628d409e489885e47d608ad82716 1
63dc4632723735907f71cdea98af58a5630145ee82c7d2e9f6d9661fba56786d 1
e5156e9c8f4fe6c01abe5699ed21399530d959885e10fbcb8f6d511f441cd9e6 1
499b6d16d421b0fd22fdd7e31da87bfef04c4bd8bbb795b9cd3b8a4510be2d46 1
bc7e3632b8e2be9247e205e5538645911a9f75aec9c7ba1939752819eb65386b 0
9086d67cf256766a406ab7635eebffb3e6dd8cb74ca8463006c2786b6ab8d2e9 1
5dfd266ccb4faec597c11502bef0f2a5dbca36463c9f0eade9bcb01b2d60f8b2 1
ae8ca35909608ff4848da95a75979d73ee277ed5b8e1c0f754ddfe71792ab710 0
ca2d4876d93b06034d308305ab52d6c179cffc2f67f93754f35792a059b13014 0
4637265ed6144fa31bf2820ecd1639c9bc22a31e7665bfb230d76e841cbfccfc 1
0cd80e7a525548af13d68df2f8ffdf750a3a8e2692c2b23218c74b588ce2f308 0
0b67ff28b438f299eabc5d1d4b686745efbe1f6dcf978faf2f87fd570a3cf1c9 1
479c76822c8cd603f4984f990b7ac8e136e1aa47dd2a48e994afa65611888335 1
d22c1187a95f6bd6c33be4170b7f14aba6b65c2ac0219f3382ac5a91c315051e 0
4f90474f0c836d0665aacc18f4b6bf052bc6cc737f2416275bf1e18cd34ed253 0
1adb200f812311e01d02ebaf27316ca8c85355718ba84300f36258b1f674d652 1
73fac10d2284639686bfe11790a5e59113057c6090c74f18e6a0f30319ce1b7f 0
346703fdccdf8d8ef4597836f16ba0e6d6b7fc9cefc51959b5c792ef01023eb5 1
8558460e76872e3c1f96a11341a4ee9308bb6faed7d0078d0bb25570390e9729 0
671b7b7b319ba3b1fe2af9a11d64b38f3838c2771451925e1350ef140a1354a0 1
b4023660bdf5ce4bc089a6c8de2b17d008d05cda0891dad4ad2efa6e61c69d52 1
039724ec2a5e6ea1e1663c9fa96c5f9065731943d7c36237523f948fc9733223 0
7c2200ae028fa4598df705f047b526b832a3af6fd9fde3598e89e0a8ab351f5d 1
432630430587832910b7966b0971901b8b944bf28f55cb38e6c81716ce2c9bc7 0
54946f6b62a9e08dceb01821373f16a05ac72cd5da4108add05ac5487e2927f8 0
5df23f5f1ec500dec78f41cb39b87d5fd7bf7784ee9b6388e3cfd1d25ce6d617 1
9768e191d4b40f7e1ff6b4ed817bab9d828aca260d7915eb69aea3e35ca3c275 0
ae2d65210690c59e02aeb9038bd836b8e0f279558116959c8dd220358226ba52 1
a2a080a0c7df2326b725f571e6ed5d35c0de5571df7af2a8f0cc51cba54f7120 0
865ed4f542128f89f92180b90ded4d9cb543d817caa355a316bfb4c7d63f24c8 1
eca48b5f8aea4b91ead2d16659866e0b93eba2a8d98a0021615fa52e4361a9a8 1
35202489d5be55d8386c1cae91759aa1ead605d7e9b2b016cd8e6971f3d2efe4 0
3bc9136ce54e689902055d7586933ebe72f8173c3cb702a6abf23739e6a53d87 1
525c7cc9c9804b73626dcfd63d9c8a50ee46de7599f5f3c5eb2efca68928b94f 0
e8b96699d4c9c93afb40d5518df72092feb88006785434f35fcb73a9d56f718c 0
15a1412bd859b31c284157dd004b2906d00ada0a4bc150e9d69e653d8203d587 1
34038545e49e0b45b669f37127e1aa665b06ed895257676525b971c8baa765d6 1
73c831caf63afb8903a3ab8f5eddf6a1126e9550556edfc18c6b5982f087adb0 0
e83fb367a89100052bdeda70141d85ef3c325f6ddf2425d7815704e4df523aca 1
524bc12466eac566fa7ef717ba2f96c57a68467fb26a00084c1d785d32de01d3 0
d393d23dbbd6e18ba74fded9825d15d55d95e7fcecabb3f0c329b0b27f6da332 0
b0dd4b22ff14e2747adec88fd9b52e7a526102010f627cefc21c73a1ea7e4ce8 1
62e1032554b6c9d9f4eb4961053498f01726939781d7cb70bbc825efb3bb986a 1
23bb76c8e4d42643fb265f8469aa741cd333e0d9a65a13e8b2a6cf6a9ad45234 1
5d6cef2a3bf6fbe0e302370ace26470683280724e3e3b2804b962ffc2e7454da 0
f4ec1e2b2db38d6d9943a0f5ccf266def863bf801d56a8a62ac963f3631ddffd 0
057770dffb523caf4946b7787908fe1d3f0299406a24e4dd99ce2af03a2fceba 1
6ba6123e9347a88b7f2ce9eb2d59c675041a7f98d4cb2ae6b4d0f49ff99c699b 0
9294af61a72f69892822a85cc287856ed48ba89cac1d0f3e3dc23c9832a89246 1
bd20e24572d99d76db346342c0a07b3811a7d439da0b7fbc168acc8dcd3c564e 0
4e1432e41195ad039d511e1813319482f350a937630082c398dfc6f9a84057f5 0
67204e4d9922075d950fae15481e7dc5b4a34a92607b31e143ded50acb0cce2e 1
a1f23abd7cf63918bed3108a35a5512c8ec58ba76d4030aee03c48428ebf1d8d 0
80bc1bf59e4d028d6bdce5c0b261902bf43fbc1340237846b98ecdb529a9591d 1
8a81ee5e5ab38daa2d39d49b4d341984bc679a804f6c4638263dfa74e68b4016 1
62ef6dddf1a7886384d7a8e1a5ff29c8158211f64bfa418a4747dd3d51377e47 1
a3ed18404f4455bac3fca904f10d564511d5296d46655ad64c4811f7b7eda12f 1
5b9892ad48193190081a083375e6a3e39b557cb1c453d80a47bd81ee9edc250f 0
8c48744f4ba613eeec4bd96f0164c994865cd60fe8eb5184800d0d4d15a8a20e 0
ea4f48c19819266ba9f17937d40feb28f5ad6968651339cb7b39bfe61c170eb8 1
16793aea06182d22e51fad056eb82bfafebb834a92233b2a830ea77ec6b397f5 0
36f0ca2bbf647123a6ab820c262ade23ef26297f70107009edd8d6aa0eb6b492 0
a997241ab45e09a75ba5651442cd6903bf5bee1e5a9b99b6a8f0b0bd6bb3fbf6 0
0f9baee712a8ee0b5f1c3acc3c6ea32cfa4c49f93ed484d299fbdcf353ec5c01 1
ae2ebf5924ecfd0c3d40484f17da050aa07fe63ba116ed94d70fe975c83ff4c8 1
686a66d6a3ea60677bd93445003b7e61866ea5a82eea3f5f265000dc3a5f018d 1
842b53ce00889f82c54465410748cd8c9cc63eddac104c1d422a18f50a9c86f5 1
e1c76854d3cadd41f8b144e31c7dc6931c5415d329641315c6af4e085d8c4bd8 1
6d750625d297ebdc07b9d0084561e6bd3db3e2af36d76c7704687998ca5b530a 1
c9d5ec7aaa8927b2c118a6fcda0960c9ea92d0a2fd804435a3b8228247243e4f 0
aad096326da2cc9d19ee2eb13ce48193f43de99802a5c4afb66a9ea24ccf8317 1
97ce8c779d13eda306885f691083cfd8d581bf6d51c4bf396c4a815bdeb8595d 1
b78cdcb7a6c4d25b670feb194a192559105f06656f618ebc7256f5e5d666365a 1
6c78114d3d595389c20cbf8c65b8be88b5f9176f29ad6b54919f1274690cc136 0
7093e30d60bf06c9b80ead9ce176b2d1182f9f6f5026bfc05c379defdc1fdd54 1
2e060652578195637ae410cb3f759052189778b970a7910be90d9d1e2fdc3b96 1
b20ab4e0f9becc7f1cd1a318e50375cf9895f7c50dfc4d6d5e9ad26029f8b026 1
f40f78d22e1beabd67dfc9865a18e0756cf3ffbf188b0ba66f197d92b40daa6c 0
fbf5bee49d40cf802bdf4fd7aabb085f4d50ca2c4d039114bbaa353619a05d49 0
564c0e6ac52c1bcd9ba82924e2226aa9200f2afe0480783f7ce670a6583f4af0 0
8a00ffc86efa71f459091916bbcb5fba74207a52cb3bcb913ada45dad563d92c 1
a536c20272a8b4848fa68d3c6f70058d1d3848aa8313a9eca5204ed0c4bca84f 0
291a176fdeb20f595686729fe59178d8e49cd1383879c80a1fd5821dcf0ad08c 0
84e209e36ef93806bf9504b4b784350584595182ba9cfd4bf3bdf531a5a14371 1
45452d7a3b28bee9c71aa2e71824bb27e1ae6a540ab48fcc689879f355b38807 0
46c08113b90bad0cdee86e553a1590ab6de7777e4e0aac35aeedcf1ab73047de 1
c209c84866b61c923f2357f8a0207972241179c57c29a9249f06a50bd2427652 1
aa01ae3335d4c6d8ee17f32848f319864018dbc2720c7a2d72345b0eeb50af76 0
03926138e0976c29ef29b5791a0c5c2a5b368ab20e63c932eb231b636de15fcc 1
d626c2f1761e74fa110363134a12326295cc26f2e09d599d538b968cc6fa70bd 1
fc8240f9e460714012042bceeb9883d2ce17c2ecdedc75dae67fa2ebc5accdde 1
31ef9645463ef478ebb122e8ee0dee9d2cdf39faac1772445230d2d842dad2dc 0
652a8468774777cde60da080f4a173350b98491500a83e60344435ea5cad812a 0
0a843045c0ffdc85b5a13eba5d667244848dc2b35992db66e440ddfe240fca4e 1
c978a86f171cb5485e9c047f9bd645c4c76bff43c8b2c1e40d25eb0bbb02f811 1
df89e563b4da1c7656014096e7829113aafadfdfca75c77b202fc6b13a36b4e8 1
6ffe773166cb6b2d2f23ff8efa1499f8835787eeab99b76dd84b5a1c10993104 1
1e1c169d7eeffe295045055c292bc6ccb6f3edb68c518a8e792b681037285340 1
5615cbc6dec804a4075a2aa38944f20eb10ddc36257174675fcd648ef088eb07 0
4dc183dbcb7255f95d007a1100109791a04c3beedfe6a25f8edbb0b60653ba06 1
2774d8d1ada0233ddfafb58154745f629f9a5baf6a2144f0a49275fdfacd55c3 0
d86b932a89e9cdcf4a22f62648ef2029e749a92f1752f1cd1a26b9cc117c86da 0
3d95b05fb68cf0b771ead233913ec623097b5b9fc401b0d3bc13df9b76c317c6 0
09ed66ce037c3971ab5207df11693bd7e6190abb2afa35da47b03c8b24d0e116 1
c9cae417cef33da6634bb0cbca7784e3a441a4994c010edc530bfb0ef4b10d00 0
263af95e46890020f5cb428e312f8a13cf2732ffecdda86e4f0de7f1311992e6 1
9d3a2962286af709f5e7d39dc5564775b677a0696a2d4157aaf5e53b2cd75842 1
6ced0f83dfabb3b2f725b1794cada486d5fa9712d4aa13a5b42a1ac95b73c206 0
acf4bf49fbf57445a197965dbf6ca23cbcd4548e2f1ac30dfe1dc7b3d7c44dc7 1
cd29d8d73544df278290617ab7e09bbb2efc8f6284b3dd800aa9ca8c6cd60e3d 1
f7059d0e3296049b25f1fcaba237752fffc84d2c1ebf62f25ca2a0b2399fb136 1
2cee8346cff4b2411aca7c5a18836043c0e9e0d9138985598d8a515b2e567b21 1
b997548e0b1c4450cd90c1b36839f999ce4811948338fb0e8b7612b0cbc44425 1
aa0d842e96011b828e25db0ae32881eb0e72c3ffc7cc6b430559a59ae3c49461 1
d18f0716c257ea31d7955c916f62d8a45a5b948567d4b1586dbcfec850a2c288 1
6d882ab1e3d0ea2a33938d530945d8eb8f1ef81ac7aa337603eb4aac23b5de0f 1
de24ea5ece9537a2629e278c0b037ab4a94a68384b442a4b24374b8ca6c22212 0
8034f15e6aaa8bdcc888100b029caa196bea1d96d5e89537a50e4b0545f79f7b 1
26745ea0483916c5a2eaa774b8e016c273cd1e1ebbec82b6c5e3a5650ef4f834 1
76552913135c05f891504fde29d1f8edd10ba760e536c1949db52b06a50b1a33 1
9f57e4ad8f48b2ddcf10f322db61fc1765e7e0416bb0836dba710fb8576c9117 1
476d41def8089765dba29354a868c59aab215a2b789ca321701fad8fd2bb0eb9 1
55a3e9c51cd654fa94e62073dd731552513348a7b0790709d0173a59f4e556fb 1
39de3e5b7ff2e90cfa812c87b286eff89e162e0c328997d4d6c01f4115c16484 1
014c1ca28049b1fe4dfa8cf7f0e89bce2d912dd833fe56e8554f02d1da80a143 0
29d3da220a82cb22a0171f61a9388bbcf48ac42e2ea5716664cc9d82d21f57dc 0
b18fc1b0bf43057d97ada2cacf0e4cbe2de1c94c95e2c5fa36ddead41e0615f6 0
a278a015dd88b74160063f52d4f021ade153619a2d7fd1c6e40afeeeed1e4812 1
873e29d6bdd1100b08bc9fb43c1e987c92db57a59f4e591513b41336b4f3616c 0
e0b5291b963431d2fb0a3b0d0096b1a7aea021cd49c9afaff538f41148128add 0
e82e09630496e1316f755a53bc0c7c25b6d6c427274cdfe0dd6883f04218b851 1
e58151d681c1187a018a03c54161b60d7e879ba422df5ca0447841f2478b2b41 1
bd3e02f8424d1ce389bcc3a80d602aa5f46c99eafeb890fd2e22c7332220d995 0
ea36eb728c911dd543439783bdf966bf1276e73e3c3439b975352aa28a6b466b 1
9af3d12177c40a318197a0c5a73c43840db2e3e8de35762aa9867f6fc00fea44 0
bec1982eb0beba97ccf6f8baf64031d53dc7fc5906927f30509c82ea4ac8f6a2 0
7407cbf1c7456bc83cdc5e4c1bd8a78ae522ebbc525430dfdb162de472d84ddf 1
5066c5f6bb1ab2e3521bf4e890a571c7dde8215674c25f74282d8d51ca74e506 1
7040dea3a4e8d98920c64d91293ecfab051daf73043415fb63a03d26fd7f6d83 1
1af815951cbeea5a84ecf908a7a42bd95385198a5099988762a13903ffa72313 0
b0177becb5bdcf4a83d267f7a3db03d66b40d8efa408060da439749cbe7d6bfb 1
bc1cc496777bbdd2a3c81c9c5b9d88b5914ce3d8844ad5cdf7f9fd893b20fdfc 0
31eb06d920a41b3cfd7ada64f3abfce37fb3bd295bc42544e4a2aed7ced5124a 1
1141b97c080c6190dddd99e91d0838329d3931d1184ca7751b31c25853365191 0
14583587c40efb08fbc20ccbd7d21a7ef46393ec84911a6f085410f377d161a5 1
6ebd9b0703c63fca11379b6c9a1a4ca5df4852f1a861768d49e2bfa67bd71f34 1
46a91b869c32edc3aa618e546cd9dd9492787fcba4f1e6fb716c820fa78b594c 0
212e0ba888ef32f38e412682a6c0432658d15325bee7cf188b0e263a8c8c4cdb 1
1b485cc01fcff89c1dab1966c6a00ac07d13166b9812e4fc230ed00983d101b9 1
5fb99011a335050e9b5ce2f26ddca5ac33217f20d3f01a5afc511a0d122ce213 1
bab53d0821a5fd318938c4ef44cc20e8a022d6bb1b4c6720f5b716b320575720 0
f8949d86be3722907e8a1f7a4107a877157054b76eeb7b8681e5f5eb11813c62 1
d30670b6e82bfb0b95ae3d1c8b05d39adf6558705982b0bd8711f3652f50c425 1
dd10c85f5372c1f9d4352bfedef3d0345e66f3a4c42e26bda2ad4fe5258c221b 0
197cb2386c79059eac0503c1907188ea643893f3a0e8aba211419ee002d8a507 0
0eb3ac9eae2af092c476f7eb2a68ac0fd2be8d91d244ab7acd226b627719f472 1
2e27702c542d0170d50f19b4b1c5add53d71a203f85a9ea80e3cbcb1e91d5cba 1
e93073b671eaa2ebb5f84b5484c835d64853a968f1e5502713d3cf9fdab295ca 1
901104f7a693ca60399c847edfe98d74f45cd8e8685e13f77a1856c12a8ca1eb 0
6179fd2ea6bbf4c1776438d3f180ff285d16f9d92a4ac97fd910a991d8b62f34 1
c7c7594de48babf67739d8fd183a5e902f3f31598e8fc14108eda52d70a2687e 0
53aec39b922c281c92032e8e267cfba2f778401d0b48512216e66d36a08a42d4 0
abaaa841b4d9b3fb389253d8fb0523aa827553b6583bc45e8a898b42dc6bdf71 1
6646470bec064292b6c2988fe6ac0cb9802f28ff5c0b098d6ebd0e4ecbcddfe0 0
2d6f91a2c7f6841af8b250a34b47534208e641e7a900758a50943eea47b95416 0
74c9a58750d18ba5c90308accb580c4d25a234b5b5b5047b596d90568fdff223 0
ecd814f51aa45dd0577d5bf11884f4bbd5f394621a4a33fafd3761699a55a825 0
69bffe7dc8d519bd748d918efc7e2ea4986442a423091f33372a8cb421039172 1
f85f54408c6c84e4694c2a91d4c2f1176475869d221d3480049326a7719c3710 0
a18f9d783febd2377ff4445141903bd696651f6a8fd69672942c42173dff252c 0
8468434d4d3831f978e5cb1a91947e24c42676c7ae893bd242e1b2f80d2bbb06 0
a5acfaa4db5c95076fc0edfbd382251c8edb08a38f138ee26f819cff0a2002ec 0
f4c1cf53356ea2158395d0abf87bdc4211bd7cef52108f1ab418950715cd8183 0
98f8173cc39cdb9f4e36eb1b5bad7177a51031ff848e706bce87108a857fbd01 1
8c7aab6d7753f86f617dfcee352932ff56438a2379c66b660d292bb4fd1423ea 1
5ceba65e604692b716b2ea003ab7d6d2b995e832a86778a9257a94e18025eb39 1
881d51da4828074611ea59ebb989424cca56bc6ea78989160f8f2e08cce752fb 0
e012aa67f158aa76bde7f3e9265a46994292fdca1f14c612e8f4ee9867969820 0
d9903a6427d6661c733d50b3f26e94c360cef5c0d3461b5c5e67137bbe948bbf 1
d30670b6e82bfb0b95ae3d1c8b05d39adf6558705982b0bd8711f3652f50c425 1
3093a187527b1f99ec163fb23a979de7295bebcbe20fef0903a613cc2ff5149b 0
f9001655c407a6f0745cdd15c2327dedcd82fbc1e324ed2c57f469023b7adbdd 0
e89bc9c82c567e80688fc02274a5b0cc7c6161f1e64ed24e6d5a2efc3feada42 0
26f91c6dcd2cc734399019d2cf5465b3b23a02a1767af9db0be61c9bc31b4de6 0
3385b4dda32804f54570466126cf2a0ccf890abb34ec63280e48a0f0bf451cfa 0
e9c41f7d466ea05326816115fcec50a34046d608ce32376c2a32abed5de0539c 0
93fd4f6e47381496cf21dd8bd612cb1b0f2e80e62a71c8585d5c578ce6c9fc57 1
fc096d65630780cb1d93c41dad45586861d878e293922e1816ffe406bfecfd37 0
a4bbafcde0faffb3b27186cf98040bb9ac9c0967fff6f9a3cf2e68c38ad5f1ea 1
43dd1942e2d8c2c99bd0afacf6b1e91b3795341584a2a4aa43f050ae2103151e 1
fecacbb8929caa1ead502f0d4d33cc7747a901c51d689918e963cba20597bdc1 1
a4a0b40b81ade3e31a73206b72d7d3c4581b8d23585ed004df2c844df0847250 1
2a16e81b6fb08096adf5e4947a5a739af0035a76f1631b38be4b7a3f6100c9b0 0
70aed4b1af1298dce7aee311d51e86438f36681f4d82f9e151945e0e90a74403 1
cce9cd521102d82771010fe443533282482a92ff161274148904c942492b2b3c 0
2d3f31ad6af7d409fdba248aa214c86a81e4bb53af73a0db954f0d7ddfcf15be 0
46e7db08bed86f9de639761d6ec9b1158fd5a46c9a6f883e9cdb4a4226ccf40b 1
1650a6975c0652aaa1511afa577d7863d13edc0a09fa6b28cd99224ae135e4a1 1
7c0938ce6b64e092ee2249cdacd490b830331ee49c3a8692a14df6473a668ebe 1
213fa8ceb3be15216be6648f124d7fee9a6ec3519a8a79bc126f9f3157d37017 1
459ee732ba29a987f92b6b674c621c0e7734d4cc43119022870fde801687bfc0 0
f83a17b9c0ec76fab815e6f8f4d33038006e610e4b94a13a56d30ef925b14008 0
d2bfded9005583879452e4e9c5177357bfc59d44e4b7a9ef4c5fbebe7f8ce22b 1
e667b5a9b041a05027ddd61fb9a886d1018cd88b3ea0e875392dd8b5d73238e1 1
1ca02932996934a4b88e66ad36d07b297634850edf8c9204ff9bc0caf8953fb0 0
6ddded045dc41542dd0a68de74725f47ab34c380eca3a1f4543200a0d586c678 0
1ef545716ea90c696869574c64e637031bb3197b8a61f2f9cf30ed03766fdb4c 1
9b57109333f1a390a7d612487b4e7de5e23307b32e1e48fe58138b55b8aa085e 1
41f8ec4b794d9446659436973cb39aeb14a3a8b3164bf520f6898357931b323f 0
ecb80bbe84c504d5ad800fccc2132fc54cd96a271863c60fac8baf1b887a3403 0
4c435adc6b22504f1aa5ecbc5022dd8f998bb2315a6c240b87569ed83db53862 0
95d194da3c53e8053ba8f80d1a0bb8532c385d5b0274eb70134ef1692f8ee1d3 1
c1d5f6747e4d6d2fdbe4e055d899440cc79d230f57e67ccd097aeaa7951653a2 1
efb168f5e32ee1a82830622c9aba859e69d4d01bd15e4fbf721ca5d047613e35 1
aca40860d7e3bb2730a8a241d2416429a176d07e38834b6d29b2994b133dcdd3 1
ac91c7f5a3f881ed31298e026e6fce55290abee9abb3fee8eaae898f2348bc13 0
08fd250ac2d2e1a13b6c170bf1e6e1bb5bbf75af02b9110cbf46833065dae3b6 1
e93362dbc9d1ccf488bfeacaf9be62c503ecfbad16a584437c33f84faa650f7f 0
19a65e4bfb36ca3889e440a1943d23ce730a3b40fe4e254973808e33aaf87f79 0
ae3b2492dda6a4b6db07041e563dbddda625441f94a789f49f0a5cd520440552 0
2e6b8cf16ed6b437d4e138bd549ec334dbbe3c6cad9950a7f77e18c6b06afe41 1
4b9c2eee8bd5ec8bb2a09d7b94b5578fae3ee12853359f8c2d36a4a571f62bd8 1
272f6b61acb3ce6f9ebb137be00324287a9774ecde73a6294c32b144e1fc75dc 1
617532365ed76ebfd424f52914c6c11f4b06492342fdb401dec6b3246fe2836d 0
57fc1e2f84355a0215b1efe341a8bba3be4db629245815378a92348605dcd67d 1
84a35c09cc3947e4c5119d356e81d68472ed6b2546c59ea6da88f0dc6e64d6ea 0
02aec3714a5913667c4593933b960a9edbbe586b911fe24516c7ad7bbab94db9 1
1871361988620c38e83b00fba1b57952aa145929ea02009fd78cbb3030f65217 1
aab849bb37e51ec1137d86b29569bca2121587eefe9e2b6490869b67d1651f9b 1
d640b4179507430ff50aa6c2b1c0e5a23a88156d23e9aa83756e4251a3193ce5 0
f6ebecc331015a71fb5b3348210aef180a92373cf5d5bfdcc814be4228603f98 1
df5fec78dd0ace5bba9766c21c228eb820f957f0ad14bab7dda0d26e3d27216d 1
c588e993a13d874bab70c7cb7c2a05dbd5e4b587414cd06400079035710a9893 1
51a7d2765647795c4f83640bbb9bc9b97e2d15afa3eebb2a1fc178edda8a1e01 1
04176666164464496ceb416e72036648cd00830122bb5a34b8d75ee82a412fe2 1
cd61d56472bc551816c0d974f72a8a11c8757e9ffcf084f43eb4605bc7b768db 1
649aca9f3711ab1043b56c71f665b37b4e08e10f318e3bf0ff4438a4f575894b 1
2d2508f5bec61d921b247fc3443844a0822da1ab5faa004388693800d7c2fac3 0
94ce44314788b9f1e948cd2886213a9fc80923d0a645b47f4206a843ee8ebac6 1
fe5445e8e12d7fa53df4dd7b8f2da22b10f8d84418b469274386af41c7ac6b18 1
4dfe5d9f11ec4815c24e0ef8a471a22992af8e9688d88f0890eac76b624a0913 1
43179ed0678dc9f0c7caa50db94e4358750864d11bfebbf87811abd6e0b219ce 0
6f17efe10a54b73cff1208949efd9ade72e04a01bfe1c776810d250d3c166e89 0
faf56c0b12d03011c572919153e7f9efa49f4c85af6d376550a52bfc1be7d9a5 1
07b95b0886374e6d084ef9a896f510b591c8b821ad27cbfce9016ec89ac5aac2 0
9cf694cf238d1bec11f85f4c4e4dcca7dcac290fe7df4f72ece28f36162d19fe 1
1ab4d7e0bc7d139dee0da4b24bca58297d6082da25799eaee347d2247b0aa6a7 1
c7895c163a7ddce561369a333ef1d2315e34757d92c2ffa0a3aee9b71be70823 1
811b05725853fb87484ad9c48e585ec715b977d6b270de987962b102bb75d560 1
aa27fcb1d5413b3fe854eae51a63988c872a7cea71ff3821505646dc3bc3cdab 0
c823bfca96115116d7e3426a5a34bac206df562f7922c20ece998740c6caa49b 0
c642893d914ebede06b0a0a589707aa0b7bce09334d76a90f6a5687c7c7fa502 1
a87219b776011ea145541ce9507dfa7944f71bd157b99ec9d75e195d102ad2e1 1
2daa8530720bb94414d25f9b92eda6605d911f955bd51de6128de096c019c4f1 0
35924703a792081ff3294d13e23bf774dfeefd973bc58f0b6d27b1ec28576f9a 1
2ddf44a5fee9ed492803858314303291e6587738ab581f7b3714facb5c67c9e6 0
61b0df50e903e3c81f765c1077b5b08fceaaef14b79efdf12721aa0faebf1620 0
061c2b7abe5e5f913d8795fc21ab5706a838b70fc0c817390ef8339e030f4d04 0
95501503376274ce6cbd4a0f97273bbccbfd16d39a2270bbe4a563ac86de4b5b 0
73b8a9e93c41b6bd48287ce50ecf988ce4172148188e91e0706ba2324772bc32 0
55fb61041ed3e3391b1847ad9b210d4bcb815b660389c6c3ca250910166de68f 1
ff2de0e513447e14563b6f06d80e5a03930bccc993413d4f05383c63c0dc2905 0
4cb18c6e619b60d099eefeb47bc18763ecf93e1d07b1f336f5ae353c91ffa5a1 1
efb8361b622ea759f287da83c928426b726367ac8696461fd0ed5ffae9409015 0
9f4b10c067bd2724fe5947222cb8d87f7026a7cc05f0555049eee1bc338a0d5a 0
4e4ffe1afd062d48687d814482e05e8a69240b21e0fa1044ad777f03fc5492a2 0
3af7d67ed7acd4c8a9c7203b5a5160d5cfa223c0fe78575932ac2abfd32df5a3 0
6ac3eaccee85f7c4793f0e599d31ec524a183fbf27414657cc51f6a464b45422 0
abb6aa563be4846890e7d7b7d2f842ee3dede79ccec2d310102460f986faed02 1
c0732ef66d85d1d94a1084a4da75a4d6e358ed98b702d261e60f2cbfe4513aec 0
b600e03e646dfab4fe076643fc0c213d86e731b717ea8b4a493f2e1877af0f2f 0
5028cd4bd79ced90740363b7334676de853a9fbe108c9e2b9d674e00d671ed1c 0
6b03b1627c8c8a4e29c0f19184454d11e74b08ae5599bf05c75639135a7248ad 1
ce5e874fa4ff36f97da4c9e3c80476a8261dc8c2b00336b0e43507ea7f57b608 1
ef5c96a678d5439881d8dce78b687324c459fd9ae0181ad41fd395f0a19f3b75 0
1f343ec1cb1bf2b5ca391c0e207ea24440d191b49916a6ab5a109100d249f380 0
c2b181e8bb94da8d59aa7479b916e00cac67e4b5508c17c399782441aa69e347 1
931a30bb7c832388aad03cb7a70ed326022516358f3e46982a713ce36c78ba25 1
0ff5112158712af492582617513cef17fe33f7bb54b555f43bbd7456e692c278 1
24e807c241ee8a2cd6e249d5d319bb1aa34c74df50227d83d82d86c2b4b5a8c1 1
01d599eb1b7c11ccc89a6483a93b0ca953ed6c589bbb8ef01920a47deff0fea2 0
7b6786e3a846736dacc474c0cdd32b7cdcdf42707cae6d62cfdb3f5d670d75a8 0
7d194f9a286596e7b0f4ac1cd7696a27f4cb71c88730bb90f45ae7fa6c6a09fd 0
185945dfb47161a69c820edf18e604110d4fad9a70131b61e3280fb86a3ba084 1
3145ead21e743749d3243bbbfdac889533055759d4ab4bc6c99ba8d3a7cabcce 1
037825be96420554aab16143eb99cc63f3da955d5d0f7b7bb4875b9d8bae1f17 1
515b0d36e1393335dcf389534b7045e436837f720270213155c1488b818d4b19 1
1708fade33f819df825b0bd325470d6c4b051633d9609a04c85c1f9d791f1790 0
517fc97791705174fcff2c80c07c63a5500d4c49382d745a4246eb88f89b7d12 1
3f8e2bfe82112647e314f4981fe77ca4274ada93ea40e7ee66d0cc2f8fa758ff 1
60a2c0599f605225a970879ba5d51b027a91b625e1058def40d2f57b8da2c1d8 1
fe58ba0f4c5358f2d6729c9246b365aa8aeb6f2fe431edace5a846c2049ec63b 0
6ff4f31fd942698099072b2b2ed43e9510367b108d58bbd45d2b2807cc7e0899 1
fcf66f64b9e6dff96ae3d75097417e10087bf9ecf42a1c9603f152294af9b8fa 0
d2c4930a5a7592d748a017fe9f54d5ac21241fd1ecf50cdf31794a5ec78503e5 0
37e9149eba199265b54165aac225668668b1ba18febbfc60f977a6fbb32b3adc 0
093b18a04e734cb1e64035824cf4dd36c646e503fb3516f1ed3288ac162f7929 1
78883b3c42289d2c635ecec2d4f3444053e447c1ff189d0f904d0d0552d06e12 1
b34caa8a19f8654261ccc59dd95ee64194554f6dcba708bf1f092deac18588f1 0
98cb048b713664dd401ac1c4e56ac3a931c3b040249c724471a3788531f71ed5 0
06e075dcc3ec24f0eb87884022c13c4b9a10ac4d273b719ef239860d4f3199c0 1
f1ff2efac9fbf595168bdeea06dac39f66dc615bdb3e84ccd91c537210f8be87 0
62940325906e8d4ce2a87c53e7da4682dae6a9cd6feaf64aa2ca847ea1db3f15 0
5e4a5ce74dd8e56543601453de90d5e5413e80995de60a4771506d725c0ae6ab 1
afc491ff542ee33e7bb4e535eabafda3ce1dfeaebea40ce2a13e861527425b01 0
8b9b694c1c3b478b1b909044510e3549768c3a42d3192f698a1a575855692c1f 1
8f47c3a3004d35b7a97d36c405b272a8ddc87320dbec80e4c445b1da0018217f 0
25a299460d3036437a415627778a91541a4439187cb1155bc7ac7cddbe93503d 1
410356a3a935fab1d7c6094e5a22ac881dbaef3673d5acf271f20e34e99b36c8 0
9ea58d4e4de945d93a9b657ea99f773574df40a1311ab44d1084c88e2476aa94 0
bba9726968e1dfcc16511c1c6f9185afddb7df3fa7480cf91dcfa9b379788137 1
2196ffdb79d567caf05700904c76803e2af4af124aa765087e54a3b6d01f21d1 1
a66a30f618a957efdfef3c4272e2cc4835002213cf607a71f17c411abe9b1bf9 0
eeb8853609d910e359406e6ea63f40c98cd1607d2665ecd5c3526ed1f2c7a001 0
68c690a033e4483108fc34ebefc500044b8bf91869903ac7962ea2dbc9955a41 1
d01fa0441b069c5a4cdb0149eea09fe65ff5cb0a65c85e340891f5bf7efa89bd 1
2ff8be56089f50ec90eef70ce67e3c4b79d88b4bbd4548e45fcaa6a80867e1a4 1
d7201f40ed674952e70442e1a7dd07f59b29587615f6b981a35750cc52fcb956 1
10dcd36ca2977e52a7d2029048f7654792c9ba2fec52b4a46163b6a5c3913954 0
f93ed18e80dc260ada2b0d690c8a2c3ba663b0acbf4f4b1f203b0db6c75d210a 1
8dc32c73015dc6f49c315089dca5c08ac8b3c8d5df833aac379f9818e3c0d3b7 1
34a6683bc01bb10185c118bffb9717d029decd43e4d4f3fa9ba4c1051015d3c2 0
a01849d01374870c10fd68610c9532c3240ad09ad7d70f67c6a4a537f015b8ee 1
3eeaf3c4e80fe73fce9791d7a2e3e1cbc0605a9e61ddabd2412bed2c2054ca01 0
b92bb788b5ce390cf68b21c3dc8e015871e531fe0a7af0f36a1077c5a3841c1c 1
a081e6171413c9df2b51496b54af24ddbe2c21e79fdcf839f05b71d6c46dd108 1
9d98acfcad6a949e81c73f422feb95e891f6a0bec930f83de48aa9bf483ae01f 0
4b553bb7fba37090bcb8416411f5bbba2ad7bce76837ab75e5c21f49c8f5c3d9 1
21a023bd3040a8aeeb2ff4cf5bec7f80cf6740cba1df0150d610db128b5771db 1
c75c792328bf4db3aa7d5c81b0cb9be6dd9173ac1626bc33739a83e5134fed41 1
643be51244022f3039b13130e034c8623dd34c05da07e8d0ee48c7a7402490b2 1
1872404f276f294a7097fbdf0219719b4d5ef36cf9a286ae9c5db613564c82c9 0
05cff22bae2d2f10c5dad609f3e845d1129fdb2c39caef1d348e3523b6c468d9 0
cfe65d61d38d082d042906bc02343aadc699a5f78ef41a45693c798332e4c9f9 0
c7353305bf151818937fd7d2d9b78ea7523a01d701580c7ca66b9d47fb184553 0
d537be4921abafc6dc5149915851c291cab3f6e455e5d6446b1b94b7d6cf89b7 1
7c98e1df049ad99513211c6cbcfaa1d333e0381cad9437b3bd850b286be57a40 1
591eb494dfc20b89c7e28a8633e688b7cf0c0c9a794e3f60ef59c402f0e41140 0
2c047f40dcb4fa332fcd48fcf904604673252ec0faaaae9a3db9148563342882 1
40ab7deb40ae8f83d09cda6c8129d63cf01d4dc3eb0fc16c5790a6c34dc9570b 1
28a916a393a73d71258ccbc4e34a8c805a23efb1e4137379195724656da599b5 1
0f94a88680d2a3c1f08e897b30e3cc1311259c6814638d61b327e3fc3d57dcfa 1
6ebb633c65e5a5b95d8b2e2b90809a8b00b152066118d5ca04ec4049a889dc75 1
be3f43527d31219b2ba324909a7bd414f069dd4783f80c34bc80bae7914c91a4 1
c7432b75513c69ec3aacaface5ce277d24319906f887d6bff0d7a1073490e189 0
fa98f5f328f4aea1b1f897d9c734868fc7e22da10aa3d56808a39d37b7ba1407 0
ca67c92051a4365e02dd21b378a132e5820cd695ce824397926ba3766b5a0ca0 0
9fa9b41ca86c3908748109b3903443c767a77d75ded0e761cb20e716f999ae71 1
9e1543206ff2da88e18969231da77b850c5d747aadffa04982082554af3b016a 0
8cd60dfc10450b66ba373e60380edaf34f7a282b40feea4e3cd4ef92cc0df5a4 1
6b146d12702b8f205b89ecbb25caf974cea1041e6a797be1f41b8a4f0a700cf0 0
eea7798f147579c4296702d90a8a4f2dd36cd6048e69544bc2f5223f6007155c 1
b2ffb28024122e4f73a10424771fad3e80ae4377d2b3b511ff33ceeb785b2826 1
101f31ac8c7a5ca464a577d04fbf320f6f95e09c8c48c5f75ef6b6405d2fa659 1
148fc0a19a87d1f042e8a83852b0a438f77fa66420428a3a1e8aacd48ad2fa84 1
eec6ac696fac67b0a6557d36c7d9a079b8261eaee956a358212f950f2bf9b3b7 1
55425fc7f31826e80ec04afe0f14a73e07c5ff6e7683ca2354ed974372f9445f 0
65b426617774637806d253f62747f7dfb4ae3df3790ed6483679870bfd17ed0d 1
a5cb6ff81db0b2c0acf7b54a0c0120b0328da5e3585b97a8990e2b18d022554c 1
fca45227b43e3e7087775587f28f7f36d460aaea99ba1e9c9368884208a204e4 0
0769adf96977a011b6150dca9952b2a9b75dd779ba3f6deeba605296d439e284 1
00c08670095796cfadb536c846aaf4e9f1476568bc2f38b307e9377642613a10 0
bc8f6acdca6b92de484e1d5653708c1e947fe174db064320189fbd5f84e21916 1
e8ec0bfed0fba75765ea7e67dc4427ad4b62c4ba9b0c1e9a51ffbfbf7f14c722 1
95a420da08d2de9d94069bc3420b283cce9b09a432212a005806b25b2f80a875 0
d3f2c66d9143979a9a9ecb90eec0b6ff17698d4dd92b7b9b779343ce457d36c6 0
4b9b1263bcb4e26b0fe93cbfe9f757e0e4df137eaaa31341ce342ee70fdd74b0 1
e842f74b94356069d11a3d2c733e10933367b20ac6af685303e9b6a0ae4da345 0
a332cf446282e292b385854e61232e1282b829a6838e623ed357a0a43e504ab8 0
4d4661212cc641d140f188805f73505cf938596793cc053b50e9d2c2e65aa807 0
f8d81356db373a7c3b695d578b730b0813ee24de97e12ca4ed31b74f7dad24a3 1
1156a8927be14eeb9de633287af63daa13e24f632856fe5fabed11c5f76528d3 0
684a6984ff5bc1f74835387bbf1b28f46043b8a9b15d84c971b94c7d69516b59 1
cc7c9f51857f16d98f35f2534af837049148ad7551fd385a1b1b542462644f1e 0
23c544c48c2d0b1239eb9bbf2994402d8c05dff0cc7fb185b7c0bc8b3e19e0f1 1
e8eefbc9ddd33617617a8e46936b55c5274178fcd761be7be92d8bfe13f89020 1
ebb8042d4fda36f3e6defa2bb1f2cf7ca4c842ae6b22ea25301e05d4ea7f9085 0
9250ccb2f60da0288439daaceefde833e620d4541456e3720ddae58c01f0a060 0
dac45de1eaaefa8b983d6a78fcc9d0a7872a6d07cdfa1ca869a089fdbaaf655a 0
e7b47f090e2a56107da2ae59251dc66da1cfa41f5479202b71e37b976ec7e499 0
4a5f60fe955077e6009e7daa60f0039f9bc5a2cd9be3b242111e7e59c244b811 0
3838bc9fca88edfddcb640dee368a4f6df400ea217d96e68645bf89645eee4b3 1
e2de57eb51272890d2a0d2884022d4a37c7f81d4a5b435a3e9a4a9eb29d63b22 0
5d96fc71b64e581bbd0097e3ba268370c82cdcb0f928aebd6a709c04672e9b5a 1
dbba6adc1d1da66fda45330253afc64fe29d4791aea2024c68fc1eb69b28742c 1
2be418dca3d6dcd9facfe0d8f0bf5c3c7ffe435d4cd6385e2f79900a6896dd2b 1
6473381af0bcfa35b2c77977c571e1e22368ae0c1653a8aca9cf755c89cc4e91 0
c6fdf71238c10c889d522c41f24e168b084b066047e42b2f21c8cb96dac1db8c 1
75e5f77ec3a8e11bc339c52bf8d6cc25431c0869d6694be7a32dde2f302a2ffe 0
ade97548a5055d18bd3d70f1afb3b941180e731ca0489bf987dcc839e4e05aea 1
1b9a75b39845cebc94e4e03ec63036758536d29bb16f0e30d5256893dba17596 1
ba4068ff19425ce75baecfaa12d29cd6c14d7036a10a9563236a1a9f16fa383b 1
a2ab728fea087c130065731136517d2d058db2ea78eb079ee52a4b8f78a814ab 0
73a41c94a341818b3fab676acf13471c571bcc1920932b71b34eeb909eedbf42 1
5aa4c732d23a549339a628ad574f267e9439456f3a867b04637545c377922b91 0
94fc4ee908647ca0605cb2f1a89572d4b98747f88349536e218c776630497509 1
29c88073affedfab72aa21be2fbd4f2fe87037ea333e7dd3980675925ebf11be 1
de5f23fbbe9520e314bb43038fcd7143ef24136ae2983de4433a73a45ed813e4 1
6606406b9c4b623debcb0584585a75935c27863df630a8cc1160045facdd908f 0
e24f33ab97d7acf5e8837a1b4539b4cfbae36aeceef32c376b74e93dcf7e9f75 1
aacd27d52d626115e95fb7a2274cc35f199795175d4682911f6424656b21dc68 0
5b7eda016678c9796c660d623fb821687be5f205e294c5857157168b3d27cdcd 1
e379a75d5c35cf645097ba04c7159d3e183af6b75192a789cbae2fdb568dceb6 1
34696ab1c59b0aff02b38390378fdb9fc51b3e6e340dcf8b5df91c4319010050 1
c277113fc97179ee8dce9a89d74f8548153542e79ed202fb7cbdc6aee7a8416d 0
6fa231a66b4df2db342c2d9414c5abb552a5ddde4e31331a4781b7181d91720a 1
5e1f8a6a507dde8debb8948697581f95a990f917027e99de6e8030ee4ce44332 1
519fb253cce9288606f03d8b1c4b3ec4cb98846f27362506b149eb6f1dcff349 0
77a37d550366478814fbbfdea4aaab6471a14a7eeaa5694ef50c233736ef0111 0
a7d6e8d862288dbdb65e3136163d7c636401b67b3b4ecb77f004686711be536e 0
f3c62ae07132d9942cbd111b6608e4b01b003457e57b6198917cd0271a9709dd 0
bcc0f50657a68b26447beda190f2d52eaf561c133fc30f26e86f3f12554dc66a 1
e4859815920bfaac5b4c6208e931c9df8e31c8bfef27cc83079b2b572d5627f4 1
17fa2c18fa21925b6242cf656736fb242b996936478c515ea3b7008b1c4553e0 0
eb96e8e6d684e3454a7fa5c8008a95b6d8d87354bd6aae3166c1f518ca443e80 0
9c78ba5f23325b0d9ea131171a662ae04b5869ee2a8ae27f7e177c7f0e3e7107 1
6bc4e563e96f1830fbd97ba5d37e1de4978a9d8c5bf03aecf96951ae7d180244 0
49efc226b770df81883cdc23886b91168f16800d6104aac2de33a01c501d9feb 0
e6a5c43c099af728bb4479ee644a14109be34c8cd0967027552d6845fd99ae01 1
2a2622b1b077d887ccbea6292b2ad7cec2d55ac7b27f93d37c6ad390429a91da 0
f694a860f324fa81da3b946d2c87297c4cc3c50c0db4bc1f2e03a44fbc4c55d9 0
8ecfd8efceb59afb19e63b1b32b1cbedaa2bfe985f4711f97bcec7d912ff31c2 1
a11dfa51846083742f68a9b70172386d762118426cddfa4b40b4bafb09bbb5c4 0
7f01f289a6328f2c6687ef547cdd5994b9a7ab86f1539e1e7959f88de1c03199 1
0189bc75944737a400409664246ee22cfe942c55cb62ee324cd5356530cb3113 1
40e97cc83bf1a9338d9426770fc1ddd97fe8097d9471f92393a8c92afa601ef2 1
9c45e35942cf1d7d6bcb637b9b18f028e2a6dbb1fb101c970d4b0d30f2ce0222 0
4941b0ce43bd396b6e9785d0321ab54c50b96e89e8a8d6a69ed6caf401c4717e 1
7ff35fb56fd8a6b338c3375a5726b74c2747081104bd5cbaf0deebe299e7de26 0
3466da13efa1030ec385da8b9c473af0093dc3a993b2be76f1c17386ac8807c3 1
2aa75952c726248c871cdf8bdccc06e12b66e9dd0b5f6e221bfe50b5d31bc5cc 1
424f76a7e53db8c60971f27374dc55603a54698c30b0f9255116f7ee70d7d0c8 1
ecf432469e3408cec30c521c839cfbd7e846b5aad0e67e9973a18c1208f16554 0
c2c2e5b5701d035cc78389ee275ff811108e16db02fe5e0576f2499fb7d472b2 1
aa2304a7da537804f594d426ca7b8f544336597415911ad567a93362d7ec37a4 1
ecbf249a670831055f5757434cce9cae928bc4f6f5409e65b769abb99d24a8b8 1
9da75dd02154fa495bb093f9b1fbb0785b9b89523df2c7483f6350b19955750e 0
7629e4917fd5ca165d9e855b15224035e02a5de80d9d246b8c613974867495bb 0
3c214eb38c2a1cd36b3c07b1f6d5dc14d31899258998067f8d8a3d50ec708570 0
077aa0c3cb38945a5825919f5c47d722c8a0792efe887c5f5cc06fe11e2c02d3 1
d5dc6bf7956c62f2a973188116a40501575f67c59e9cad16f89a52cec34f762f 0
0fc287a6c47ccf0b63f86ce9caf5a240ebfd32b053f4e9b8650dd2a03eae7316 0
1324402cc37615642bc3586bfbea395a5f5bb239a048f4b33f42538e74144521 1
004638e786dee3f01fd02d034f060e71d2c03fbe82ebc04cc32515e5a83bc387 0
1f57c171ba34e1fc617221c5206ab99c627110f4dda76af59475d85d8c1a2079 0
4ed46631aa60a8f9af8910420bb4356f513b9e0864e80bd1ec2ddb99cdc246ff 1
56d341ae78a90a7dd3f33c8bc01d4f3959c4df4b8e7f1a75d698fc69ec5c27ef 0
247696cd1c9214e6bfcc91cb48b5bc62945af3410ba7e92400ecaf2945d548a8 0
cdbf92b28e75725ac41aa7f924a4521ec7279e0ad8128045491b99f9a06b2ab6 0
9d01a0dd92117e1ccbf3a5ab9b56ac36d0a0c85089ef1cd282a67f7f7cc9866a 1
e789e6ed886e961878a69bd57a85fe9687d9902eb7edaee2d2029ad61c0d302c 0
3b2c5417436eb2b476c69ebd7f2fe2dab24725f454b8874198f008c64d999f6a 0
ae2423f703d24fa52c3f70e1979f7920f3967d3035465361fba8a21e3ec14b2a 0
c28d84a6b174575e6d270c6c03bcce25eaf7053399606e45c6f1b38a2cc3ce4d 0
516256aef2cfba5a4748d4b9f9c760a4b4cf4b459f365223fcacef1ea01e8c90 1
fb4112c2dc3795d22b6ce556c505bcaed82a735dcc4cf1378a518bbfdbf09d60 0
ec8912fd0c60056f6430df5fc17a60a733af72c0c2b5abf20983f6b29a9fa6d5 1
982c1d1523511c707293dfc9445d77ee32bce5b48f5f38610a101bf708ba48b5 1
216c13a47ba1f6d5caa4a397ac9f1d1657d5a06faa3395e89e3ac0fa92f92686 0
0e0f55836c1540f241ebd3f7edffdb7aae910c9c100228283867e2f1b65aa922 0
017c0b5317a26c5bd1da6033fa6f65f346337166c04833638796b14b99583861 1
c94d8ba1ff4aafe2e7dc9dac220891b434e1061095a73bd0a324d51125ff498c 0
2c4c5337288e4cde0e8b8c3713db139ed1eac18594540a52d51529d4cb87561b 1
76db60f0958b6304598e7908172c0599decc1df09256d993df15143036c1d74b 0
378d21db85f515b342aab25987c6d71b6481d6f0d80a6826e31bf9a355d4d39d 0
7e30b0f4408513f7bbae35dbd4b237191ec2492282f7bc99ab4e1d64202fde6c 1
2b313b2fd0ad31435540bd5a0dfb128591f32d0f4d90115300bd5d11ab1bcf7b 1
e16965bc48415787ff8f516d0b1e8bc9ef80616c8f887d7dd49e34821b413cd3 0
6fc72d1d1a2f90e178606ccc990072ff532826084957b43b09279cef4606f945 0
0fde2f9a2cada267708bfb5d4dfba763e6b150065ecd35cce3accd7a5537ed3e 1
7c835c9e42b27f993091aa362cec3e426fb229d56ed985cc6b48dfe83a743bf1 0
26ce5d279045cfc5d3c394f21ea38ea9c078d0c7bbedaed1dc65b129d0680d80 0
134b20dbf625ad32051b3726f0e13e43fae59385f16b97aa9f079a909da00147 1
d7906fbcac625008771e297181d09e08dd6d8235feec2b3a99c0f6b9f088b15c 1
33b2c8843d4d681d147cfd54e92dc4e9c71d3574aaf76d45a95d56c3937d932c 0
cb25ad11029e4decc38dbf316c506ae32310afbf132bca1783f5a531d682cd59 1
abf25fd87f4d7e8b6a097ca7b6eb1d88ef2d54b95143e1df8dfd79da95f83fa6 0
c2d5287670736ef0789b0f3e7227e7c3cf5e56ab77b45e8a83f089a63b9f6de9 0
b4885da35a79158f23aec84ba353963d5023719b36232b649953f2edae29f495 0
1cd899a61160e7b5d42e8ffb64a4dc02131b023ec2201fe504ca578c328fca53 0
af29d2d7db5b46b7beccad3610f94fc617d1d51b4cd12ad5d9448630067553df 0
8cb881033e855d5494984f73c999913b17ba29f7ce9d5836a6f5b6f7684159ab 1
f70be42059d78425af85f4b7c366a4d799e549d2d9330221bc4a512dec1a05da 1
12b202481a535aae3eb7ab89c620cf6aa2196d6f0a0d3874bd2efef11e80aa56 1
408d8949c6fe3e77a0e3f41ad2a4188c04abcd4ffe0645d7d9968fb8fc2293a7 1
d5416ab0f7423d88bfc21d9156a939b94c3580e22e0657d5e435c01014b75af5 1
9e6fa732a60be291eb5a1c7b5e5ff19c5284b9aa2c3dd8d3a9b9d7774318b6a6 0
c0047a3f6087cd879a7f03a62cdef849881ec91ef1a90c9d2d6bde287ef8bdb4 0
330c8ad8857b80f32f7cfa3bf011abcc49a52968e716cc2c92c3bf4147beac11 0
c84193146863f73a388783858fed664c9cd9598e79fb0dd2e5b9b5a60735e43c 1
e0ac1b169b35fe54f320d56184db092be27e11695c4b5d272714fc186c8e2caa 0
170a7d528e5c4f269b75893b34408e014a7c2a0917b038d1be0f332105c0ae3c 0
5a46f20f2af9923a45056068eda047c9197ee3e481ff77a58a29f7d3092c5772 0
12971bfd1859417acb070e509016e9eb3b2fa5c12966953588a43061c7bb29fe 0
8041295196a3acfa9e331cc504d7e9c4a4e8048d269660493d207b2310965949 1
09fdbf6a8878ea0e5aa2cfba2360f3e6500f6dc5209b6c6841fb302fc9682c62 0
0482150b6fe4e30d511cc9292466272e1c898256df1d164cbedf52d8d50c9a4f 1
ff75e30c51236c5fe1e83d28e353727cc74a7a39788ea066b0dda81479ca80b8 1
db90a667c875047deeeab108959b8b5b9049a620c1198de7b0a77f1312927498 0
c2e0a4e519003e9834caf3d1773671271f27ff6cac97584d99300766f2f0fd49 1
872c30b7133035cfa4506c053c05ea4868c616c44293b97cbcdc6f2db1e4dac5 1
1e9a645b79fc389d2bf124c3435d4c4b7a55ed73476b42b1137b160325f5be5c 1
aa4881c98845e7aa661b37a3054f4293cae1d7c41c5f6d7db6a0bcf37909d0ed 1
fa34f9ffb11de2ec6addfb5c9cc1d9f4a76f26fe27b58734e3b54e7da29f5cd2 1
f597011c2132a59a1764b4bdf68b387f4f268a90868b95b582eba8c5583b0c8d 1
6c65b5ab443aa9045aa2695168e252668221a41af1c109d5815ffffd643daed0 1
bebec8ce51198e722b5e6812f4921ce3ec7e9bb44f31f9c487abb9f223a503ec 0
6ab67f0cb027a502fff975134c23c0e9a754ea469dbf34ec7f84de3341e56830 0
78ffff47b91202e3eda9b6cf985a9f3e3406fde8ff1a97856400ef9a82ca0cdc 1
659b89168e0c1fda69f4ba677b4842cd87cb94d2519a72599bd6025410076a5c 0
2e715ae090e700a1fa575caeb19352a182984cc2214a3a93be744837c9bea402 0
01d22924b5ebc59af74c82dbfc7504d1ce2b183312001dae0ebfec3ed2019e4e 0
e134cd04e11180d980c7c20913040b62868dde9774a96c944add57ab5d7434e2 0
114b8e8cd6beb2b7ba69b6d6b5f491aed3e130af9ea9b0fee06654c5c94a1d15 1
bf83b5cba1ca8ed78e106153b0d6fda5a26f73ab0d06fef63636f92a344463df 1
8ad66cdaeb51527c24cf48399d1ff874ddeba0f1d195423eb08437567651c0ad 1
340677b89910dda455e13f85f65a2d8834a4fd60dffcc506309a5198abaa3346 1
0ee7007dd5a562d91ee251f7a233c39a6224fb9622645c9830420b9bdbc7af09 0
0f6be9b9d7e73ce553934d310c81e51a2f882cb2f4bbb93902b3c1c42f66d649 1
d222c83e1675a53bf1a9341b9183c410c034d6d53fb80a24adead84de82a9581 0
58631b99bc8edfe76e60cfabec777724519974f610f5d573714deb0d45e9601a 1
30d02e2c47245247fc7b57907bdd885c4dfa74af567e8f0c3b8cc2e2e20e4cca 1
888fd690a77f819fdee877260ae2468613a1888c2b9122485109e1fadf5496f1 1
9b61273962190c137ab4cec3c56ecfac59fb2bcc92903c9fd3758dcf2e5655c0 1
62d1f99c06ddc76fa2b4788f62445c82e2890102b82010353dec9110b76754a8 1
b11faf4a1f1560a51a96abe0312b869658ab3ad28c9e62a01032babd9361e793 1
05dd7a906962ad7f60378b1eb04b0d7a03a9b67c19c0d40f285accd759fafabe 1
b047a536dad8e86ad73a3b55024ae1e236862c27fbb2e983023dbc6f94b73cef 1
680b6a427ef0b959e7e42a6b3e3e9e5b9ed8279148a2facda0900836bf2f5bb6 1
4d957fa5e3624173aaf0f287b883dc90f01bb94aec4d8b4898c1191e5f726166 0
cb69190cdcad122e6826d9f2575751cc7d6ad2b4e33ccdccf9e79945c33cd831 1
32b75bacee529d6745ea49f84648927c4a95f4705bdc1beb54a3828c22e16d21 0
0a3b30c240669bd3313f78678d91331a5f79bb790b33201f0d3c31a9c34fd87a 1
b9e2d7b160a01cabee012a361b892f69082fb5ec6e22bbd98d7edfbaf77647d9 0
a8795fb5e5acc99e1430b6e09ba872cbfa83329a7a6f5cb7a2b7fdc85ca3bad4 1
b08d49042c304230c302e8974abaa3aef43d8ef82c724153c3aab8729d5a4009 1
98e9612eaf311802b3ac7e41004158bfd6c0bb3cfbfa63f8d25edffb681d0619 1
cb989753b9ed520c6b3d87c71144716631d709a3a0c12f3d6fa8dacf6b317922 0
d14af739eb9959e7e558587ccac16e9f0878034bfa8285b48f9cbaea94280c35 1
29356fd974c2d76d8abe9798270c9397cd3536e0302704172ec47ab6f8daf649 0
d2817c8d167d3dbcf5ef6c3d924b602323371e20cef81290388b9090f4178b3c 1
2d8f5a9d92f78da190a11b6911563cc93407a172cfd8653f1b8e14882cf195d9 0
6bd3f2bc346dfb5354eb3ac6ec53970503c2bff43d8ff31cc7c40f42b4d55162 0
5fb834d075a9ea28da75279885878ac1c65138d65e13cc35b44acd9845530cf7 1
278b101a53949306faadc4dafdfe4f52e363871873f8a75981c03ea93038ed8a 1
40c84f3ec212bcd1cc38f177091652620fda94bff26e47dfa015f57aebfeb093 1
8e7d93c0468847b4b1b7c7f1bda1309431832fa3762745e72e7ce7ba2219fa42 0
7ee6151c18a1df9a84879e5bc95db2576ddcb3ff065016a2f2964aa951c842c3 1
66894965aaf340715c3956295e2a2a19a9f44f16a1a8c7705b90b559c9917939 1
ad247064adff9e9b37b2e28b53dabffb367409831e96bba09b7951daccf1003a 1
0c29e8832ab1931eabced32b9493c1c43b991ff451ea04347f25a7b63ae42a56 1
9c261563a81b95250c49f5cc56e22cc7603a28ca71e1ef9699192dafa0610e98 0
3cd2ec643e127bdc54d8dcbc9aeedc77f6ee4ec7721869713646d3c8ea62b45d 0
05895c7f4ca46930043c8d5ba82f305dabdc8724c90964dae6249d7c5573bed5 1
aac1a520884cdfa514b7fcbc2c44cc43f2cdfc1c872359e94e970390aa8d4737 0
d7cc3da82f9793a785cb9d5de23a1fa8aafcab294a14aec70561c818b770306c 0
ec5d372b6a65510c1a9e18bb86a262ff1ad92ecbfbacfb09ebf28067a98ff435 1
8e656f572eadd7db685722a6f45414edcce549e46a8913dcdb1a50d9924f4791 1
a670e509bfb73a180f5cae087f84b4a4bd851cf47106f024ba9e37ebd93c2a6a 1
014c1ca28049b1fe4dfa8cf7f0e89bce2d912dd833fe56e8554f02d1da80a143 0
67ce9d15f8041e2401f733a15439d1ac8b278e1ddac4933c45bb518d8947744c 1
47591464487d8bbe98beca472a5418c806d36b3e572fbcf0235264ec9a6b437d 0
f6821d906a52281309bbbde721a09abe00212e3c73b5de8309843fdff63f192d 0
2dae2139cf3204ec4d05e1eed27f72d912729733737e3d8f44db973110476211 0
ade312a73572f51b9bb76e71842d2fb4f0d8788a4c64ff7a0cb7e98670bbbdfa 0
5abc97cfd689a64290e9a5c63cee4a20d2a8f97aa331be1f84acd897890030c9 0
7fe62852de233933f03c08dc29288d1431a026f83fc87ff88b194a9e7c3410a1 0
0211e191210ff2c6a66c30ebab542a14a4e648a9e936d114622a8beb97e1d9ab 1
c213d20ac4fb321cb1468f477b1bdb51992a0c711c8c8d7544f26a99d3d5a1e1 1
abd0bfd2cf53bea8394e2293ac3e1d0f0e0df5254024b64cedb845f635d9d1d0 1
88d938471948adec85d10449b8b354d65d0db53774c64a81057ce16a8945414c 1
e13a20d53931aef49669d60797fd60db122d56f7cb870845e66a0099d84128fe 0
cb9ca10618f7423154fa71222867b8f82302c95dce87d9403f85d1224285200c 0
bc9c62a6895965f2bd6fe64beb0671b33189bfe8cb1b31526d419e4898f8a512 0
f44da4138080b4674f82004136edcbc9c80b2aed4122bb128c72435de6d9712e 1
fc78609499b209aba736a39cd93d8ab362f43a4d9bc248e274bc276404ea2abf 0
2cef7cea99b2ca9fece78941ca584bfce12da3b7c49a240e6cd7a8b64f9bf212 0
7a8d8cbba3316bbfd1d4ad52217e43e31442db965840286cde64ff484d82a4d9 1
c7f161599bb1b125bbd9bcbdb67cd997981d4ff2ea0dadf27cdbb9475873223d 1
1680b0860338d878971183722e43cb1032f927bf643522b191a669a31e97e9ab 0
f2d9df5505590e7f91a40148be47cf49f2523ed88e910bdcb4f084c993b46db4 1
7284e73ed41daa83cd810e33aa87d74b99fd2f9319783ed1aa51b71d8e4db005 1
d1e341eda5727e3954bbb442f2072efa375973c1b2c5a40021782158d66ecb19 1
b36d2542d7dfd8e9e0c0cead2d4086f8cc07ff7eade297e095547f6ada876787 1
9c722b4e359650f84b144addb5e82bcf89adb5663f8b192a4f47a9252e4bc79e 0
aa5c03e9ddd3d8bd39b11f072622299365fbd031606c65e0262fbe8c2a7cc11c 0
a805e57bb0e6e39964b53263251aef29ff3240138f0f70322b11b57719da9a09 1
858e8026909a599883f7f67ddc77b2b886adb63d9e8b00311592d690c61a0e85 1
daa11ef138c38dfbb930fde81538e5d651a8686275c827231a3562e1f0415dfb 1
17648639cf09b57d8260514df9e9da39748e35e73979042d152a175e178bdffc 0
9a93b9b0d4e04a5e1b068b87889dc9195448a62b95210e7a22d97b84d218efd9 0
6c97963ec0a8c69343dda7492939b7be437a1b45536ec8e16762f10a7cbe5fd8 0
e959c7009ca66d74ac3bbdd8972965fad1fc5dab84a9d85dbd83e3cf54b50657 0
530cddcef1ac51f1a92adfadae8d46b8f723874b75573215a10cac2dfd8ae2d0 1
c5ddc439cf55dc0478a18ded622f33ba8beae930b308de7fc87553acfee307ef 0
5a1ca1d9d947761cd08e064e7da783f56f5ccfb353022ab41fb82767e2b5f101 0
25dd18a4b9572db6377e6b1ee6054df99f8c6a91240818238c96c40b567772b9 0
f2836d130d74460cb1e6be79243e07a611a448c489ef24ac425c1e94ef1bdb4a 1
b19b3d4ca8329eeeb824f13c6746ceb69befbc4a8ae435654898ee691f60989d 1
ab32c8549c1f502212e2aa205f94273871088e5ae93192f4169a1ddd6429a03c 1
34e22490096349db7102565ebba24b894d00ffe9d230ecb2025d211938c66c31 0
16fb6173ba605f093d3dddc1c81271388f664984f70511655aaaeec29d9f17e3 1
227dc1147973c35b23b31ea8edca3cc36fbaea740b0e75daaa8f3f7f18ba28fd 0
7ce854fe8c7eb0db9ab25ef181fce618675f7cc92113958ea2017eb128da0f18 0
568dfc9e616bc58566f4dd4b55404da3ba56097171691d5af8ac37cb436bfa5f 1
e5657c5b23199906839132502614702803d1020f2603f5795e60b6dd4e80fb5d 1
be41d96c42a5ce7426531dc4dedd5e47a8cf0e4e5651a233e2404e35318f58c6 1
