01d32d633c65e3e471789b5e59506175e3f87d1e6aeb46652625ca662620c6dc 1
b42d115a4342a47ec1bd30479096df3b21eaf6dd5ee994b0f7645e9855692c3f 0
0b52da094079a9a798b4bbb7c4bb872726265d852dfc75279581685f5dbf6a19 1
787c4a5bf7046c1f890856b3aa93c689609e682b11106ab2cd497902b4e9545a 1
11719774ef1eb8a4c35c60e0c8503d872591a3de5baf1c1d266053de11c8f3f6 0
08d0de94f6e53afad1f088539577280c0b8b316c51d5816ec7e98539d7d9b4ef 0
587a58327354d5f0a8a7633707f01c76a531137df7c9bf475135c3a41fa4e7af 0
df0f0812b0fd0ad11f9e4d996524011df35678d6acc08de6950b58ba5f5d9d6f 0
51ae29318193f8870e0628599cf2c164ed62838f912189a79fa80c722bee9456 0
88ce8b9da89fadadbf2b352a398bf656bdf9f501b3e2a9e52b278fc57bec5a50 1
c075abb971fa449c1cfc6ba3011d2e26b0d5f53e5beae17943a10cd938018af0 0
398aa56f60726213edfa54ca737d4155faf650eecb2b83761875653b07b7c389 0
3b53c58bd76ed5f1907ad7fdf1482b067df38a0f49c7dc1d6a3aa4a05e5e6913 0
780f72776a3651494173d5a1639b0b24c04903ea33ec85261c56f55cae69d4a2 1
3891b29bde99ab17a4fed7d0a41ea73c8afa3d5357abf7212f1692bb3c05daea 0
2fcd388d53e24b2e3b3dab303f3d05bbbea0e3a53d7fb87e1240e0a1bd8ac867 0
87ef68c2d901a5e66b130b095a37053ead101d75ab0448390043b0430ca5413a 1
be2640de1b9b3f966936dfc13cc0925e3a7d7c2aa44cf7031ea7bc7849714bfe 0
fa84fd93c7e9599e23f409b57c756cee307080e5b640af87a830476f9e395b58 0
3fc5dbdd9e970a9226a00bbd234a9406d493da312130f2adffa376d81bbee69a 1
90924696715c4d52874bc6e9ae0723445c5335b76c9487b73753ddd7735712b2 0
14e6e2c6808021ab6f74bf842024283f2c6375a9f68855eeec9916446a9f6042 1
1d31e2b665ab5dfd7156c19639614270ca39c7182528eb6ec1dbd2df1bbe8884 0
0f5a1523ccae0f9ed87268cf12ac0c00bfdacdb347a8a1565befcdab3fd56c9a 0
e57fe91164eb9d0866306fb18a6b6da1958f70bc2ad04e87f5708438e7cb33c5 1
bb24613e0d03472ab6c5632edf063a444bfdb7df7626d8814a9ba40ae17cd4a8 0
8893fe0aad524fa94de790845727bf3cf8c30b323f01bc321ee1707bc3134652 0
385f740f0b94f5741c0efc3b217e487bc80a2ea86b2845152af809e026f46023 1
25ab9c400a281ba57a1ab6ca8cc9234066afb294adf155f31fa87f63442252bf 0
03877ea2cfd3cc324fc84c847173dababc1abd86fb0a65b2c7d4308004e92697 0
cb0f5de05b93dbc2de3ab49cddb8355b1c896bbe48621e751f3cecc015df2bf5 1
551a392c47945dee7132373a161bf75974f87c37cccaf74a465f68c6c2a7b1f0 1
17d28ac492b155f4fbb78f25793a44130142ae66e19e30bde6c9b27d4a112ede 0
dced245032ce676ee4b6e7d33438bdf658edbf83579054200cb4c8b666e12ad9 0
0893ac8a5f171520d53be424f855f3aaa28f5fd11a3e683ecaba3502f8218e20 0
c4653a948711fa339aec396b1f6f71c41ccaad823dbd7c93e5bfd4ec26c44cff 0
73093ad5ecccd67787f106051acf51532a3f8b6083e5fd330a76521696c8fb63 1
07fa811b5beb62997a5f57ed4d2a8fefd8b8b0987053a55931eada405a1562f3 0
da8b1df8d6a8182c91dc1adb80c9ebbcfe91d36f73a43c7e382c58618dfe083e 0
15b61ddaae0a0a1754651f486b1fc719f01a09e365086918a659e30e88e10852 0
ed6ca768827d3fe89315f145f3eca50f6144a15e05c981f30b3b96a91073adb7 0
018d8cebe3b67b524ef5a3ef679141a65caa7747b9ad6f616210cde21afd5d9b 1
f119ce79acd9f2b44d1e353949668f0c165027402000d3af1b38862e9467782e 0
eec5433b693c9919f10118d2b1402e4766b55f66a27604569ece1c4f5be6bd42 1
8988d7938347f610278c15e7173d79c8bcdd77e7103ad7d79b2b2a30c1f8a4d4 0
ad931d116705576289365f7459e32e94c34cdb276600e22e9883c4a87f30d0da 0
a966ac3b2a131e796730dd49d85f82465380ce428ff35aae225e7eea28f0de2a 0
548d6c434c15d8a8804567afb0bed036fd23a5ec55f30e12c91ccd7ab75ec3a0 1
52acd7ae183b5c15c43cca837cc2dd923d334df3ca142a336653cc9818c042b2 0
d692a3c73e1544fe2689980c7306deb90d04a385554d566098b19523fe912299 0
67f71201bb4a53bd5839edf810cbb03e0c4daf708b4dfd4aea7ad293b4f2fce8 1
7bbb896e18856a68ea6b5803b5ae8405e52391407c485bf8ff55019fead46ecb 0
a1419c19062c651fc5a0f7d6fd3d7a5c34851b0e67c877092770b4fc008246ab 0
0304ca694ede791a90fe5c607dc8d187ae784cf51343e8eb0287ba325f82c4a7 1
051ac6afe5c55df644e2928b7f1e1d914e1ef1ff2c0b22a4caec05343b3a5f6d 0
cc35381b52c239285a0017cad446764f14d0429e44779d0b40316a97345e4626 0
d373f0da42bd9d1998b8ff8a04576a243a4790f8f747a28b42400931977eccbe 1
c19afc708cf0251bce679340aa0609b86ffac2209579242c3d9b312efe4e4068 0
5b3bbe68843af1ed6573a807079a7849747d9a09bdc8b29becacd4fe7139b2ec 0
4382393854c32328932f5866fe151f65fd0ec1744ffcd2eb2f1c717472d9bc82 1
62a26641d193c2f07441d91f6c73e62b300ae2aa456040a93b887959bdb01cce 0
f953b7fde308af9b39252cc3d8e4f378ba05ed620128a0d6799663ac5393c6bc 1
b636fbba1121819dfbfb2beb88dd875fb14c3ae1b89d4d70a2fa40c4d66f033d 0
6a91e6d9d893ce2bc29809ceca7b1acc1b890838ddd26f6f67f4d34b01537ac7 1
39821e5263af7c60172fbf4c206194c230f15d85b87cf88d19ec0e77e129ffc6 0
b7a2f6979d173b643dfd177eda5bff8d9f1f4433bc6708d1f6b0fa5afe5ed35e 0
ff3beaf4c8494e22dd78612f2bf08a2d2a69831a5679369c4d1f0a1f092d59e6 0
091eec1fd49f79126e453bb5a1409a08d239ed4237b89b3f865c9678a2163aa4 0
2e9f9233b3b9f9837fd79e05b22f9ba2251f000079d01bc9d2041120273af871 1
e2e98df083085dfa4833ed34c3a6f30e6180b9414fd47c766a80c72ea6433b53 0
c773ba217c5d0fa12a0c774a88535416e77de00cc553d3610c7939bd112320b9 0
e4840c2ef1fb0264850c1b848ec1b87407eee26f495d68e70996ca9845c266b2 0
e1cbc4308f771c34e285c27aecdd85cb406baee2e9b28d3510242ca08b1faf9b 1
37b2b523cc83a4548957aeb6e2a55a80928b4517a60bf5accf45e9b8de330c23 0
683106cc2469a11555c83fecee5083fd0e633394388f09cd42e0c10693109a87 0
9fb9c263d779bb0133d12b69f0cf6a9b072bc34ffc909306eb5b6cfeee022a24 1
915190db717451215cde0e34766708561429b7f4d48e6c1a5717bff854d93cae 1
486648c78d97f57c35dcf23a306dd038d77991c6b1b55ce503d4f9d757393c80 0
26423ad64f7a25a5b83b345e52467d841e6e9eb8af40137ca9d2a3a28db19717 0
0464b34b765fd446e890988f6fd1275fd1a553c36975ebbe40db8697a07932ed 1
a4be69f3ff4e50986e26f434ab0021229f960fa029bfe319b7308eb8a4663408 1
c16721bb791b3d243db37bf2ab41849b472224d12578714918b0131181c6a845 0
e72685024cd80c4351d92cef96313fbd1734cabe4c1ef6a9b7cc4d6463888207 1
3b790e3105dbdbbce6e537f9e47394e419e3688dff09b367b0238fafc19424f4 0
435a4cfe04bd7b741bf096a1ecf32245e938e5ad91ee709cd4bf89f98e7e84ec 0
7513c084e4f09d72db4f28a33a918872c3d01bf004d69244d0d62d7f6850a9bc 1
8f2a848e380a67125d4417ca0695730bcd3f7023f3da8dca6b981cca3c606123 0
001d52deac664eaa9141a0a4036f16e0c0f2a592ef9f3c9c639265adf0524c3d 1
b8aa3738bb6664c323e5a20d6a5c15e1d6712003648352dc77980c53c7130b26 0
fd47971e7ae17aa26c54d4deb4134fe6764f0f9d2521ebc20b392a927b58a4eb 0
c637edec2755dba53d49827cb62b02e51e22b34e5c8bb628484314ebe6ec2cfc 1
ec31578769ce2d6d268294ea682a98d3c043e83df857336efe5bc7562b5fa16e 0
3b07ea66f657c17fc97f8f78c20480f57c3871d1d5b35e5a6089b3abf3df04d4 0
fc6a625c3fb2ce5a7d9fba5dcb125e61539e0a4b5f7995d0336f0ed11097e9af 0
9ec29bbe3b49eef4cdeda0988766c54b8f8a2f3500b39ade86d0fe92295e6537 1
d8a00459aa9fcbf6bc394a9a5844258f5276c12611660fc0e731e2750241099d 0
58ff5f8ecc140818ff83619c338d1a11e5848704e8b9f6728c3296acffb02691 0
d62dc8e1507face6a1d7d6d12b57db9d7445f78f100db5796bd126ac4720e6cd 0
3f66546fd78a5f3e1e4c1aa0ab7b8ad24291d473d5169287d105a4e1a3dd846c 1
1f471ffad716579e388a0b946057ae46c63649c6a0862f7a398bde95922af3bc 0
7977d506525cb2090ecc3ca4c76ed65edd6d3ed26ac12944765ad452e7038739 0
4f6030c2e88b575876f6169b0b5a6a0e18bceae7a57820611e18638b40dce813 0
40c80b91a7def11bc8d6ecdec7e8866b55954c5458b0d9c0a7db8602c04fca14 0
1efc97612e048b11ab55002a19c0c9fe4f4eef18485a33de37286108dc43cfff 0
f170a1e56b5ac440835ca6ea7fd8d9d8fae403a1ce2f9a2f4a938b8e2d29ad02 0
b4889350a52ed097180898b8137e6132de82abd1f0da98a9b534bfc88bc5880a 1
d2d71acd43f9c93d728b0781b9b67c10a49ec2fc9dc150b8d27c8148ee89403e 0
8962868787f621d2c631b2146ba21d60a38e63cb0c81300142388e2e12b872d4 0
aca791ff670b7e1a3b9456d2c249ac951d193e0487edc41b1c8d2f76a7bfd984 0
4957e4c85c6390463cafca16dbbc22e215d60678ece1d538ebf98feb338274e5 0
e352ba0fea5f4ea98f79d6ade3ca93ede98d8716d0b0c0df6aa13f95df0fb49a 0
6e3748c76dfe8f6a09de8aa79b6837d77b80084edf39f7334cc74b7661208b9f 0
6267515056fb2384e04dc6045ec82dc68f34c1f36fe8a0875e592d923bad2546 1
73ce3ed97fce72407a57c976434a79a559db18568bd46dfb6ab856575ec1e97d 0
75397ff16aa170049890dabe0f10729b7bc2e32fb1075a8cf716f6229706f170 0
4307e7492f975f38fec1f5e210b95a7eceb11216c4ca2e541f3e6a6fc5c1d9ca 1
d85f4a9e99a92bce79deb2201eebd7b63441322d54353a00719c4fcd7ec62457 0
a5b1dc356f66a658953c7c239736153fc10f022d10e0bd8a146fe604e7f63214 0
63b0c5affe35f061684346e0a748a3dbb83ef921788ae25ffcfd58e3db3aa0ac 1
8a14e61dcc18d22927cbdba665454c06d45ec05bfc671ddf5c8b11e24987f9ea 1
1afcfddeb25cda28c4898f00769bb8aff3cad12dffdb9f307e7992093f8c8d78 0
0221163205e016a548963490e40fc3255645b4d30c0ddf0d6a2bcfcd16c08643 1
5c5cb0e5db087d016265d66a11a9042a2a8c4d24b13247ec3884dda27b26a8fd 0
15e2d246265149ee5acfd13e01519549a56ebc5118dfe9541e46b1d351f4d95c 1
9ea15cb629e0374706402d85b269443d16f195ba08d2c5187b834a0fa0ba5b01 0
d3969a3d859a6df61be24eeb7a7dbf7093cd286a2c7925caf07157bcde4fa7d6 0
bbc2c27b540999c14c9870dfb27cb32ebcd00da23fd87f475d1e086b4364a3ae 0
ed632aafe996cf147e98e40d5e9078dbf796e5afc872205b317c1721eb6d53d3 0
3650c5babacac48a02baa1811817826a68fe1489a2bc3bc3f08ef091dc014c25 1
2c744fb1e8d222cb4ee814b7a78eac55d452c117c10708e967059fc1f185fde9 0
e78297d40eb318869331ac193245666641e54befc63d945823633c228519ea51 0
37d170880e29c8c72a79c6053ed284840f36f19acdfc08c276802634711143d1 0
80ac0657e4516ecc1db49ad9e6c3029508e4d445b857bc4b571333dba749d472 0
6d03749e8a715c33d39f55941fa66c86a396a652913ad07b5a9baa6fe62a7854 1
2f1a761cbefbb14357e23567658cbbc14efbb426c8d5bbbc6be2fbf51aa7f6e9 0
f5ccdb5f5fa9d94682d0be3fa6c5f731468c3d788fec0b902fdf7bcd9bf28d6c 1
cc49d94e8e747bd931574990631c91c8ddec9bcaca766e357741f9a207ce12c7 0
4cf427f41fcec52703f8c0670c78718926bb63940e1918e12a6a66db9082dc44 1
eead35358da25ef1023dbf0c3fea7c83448bd3bc34451d26f85f75da8b289eef 0
fe65bd4502862d95511a0c6f60f2772a7f4ad70615f2b8546ad7408759854d15 0
0b52da094079a9a798b4bbb7c4bb872726265d852dfc75279581685f5dbf6a19 1
bbbaf19118cfc4713dc61f6a5cc3e76cd3d71f80a496300c39e01c4d91cbd292 1
a60a7ebbb65de401e8edbd885e451c9c4c08ad8d387a9a21e10f7e83d0427293 0
70698195f20663c5f88343271368f3e9059a93bb349a99ed9d05ca46565c7938 1
c47229d3cc13f29e58d9db13be8169cf9824ed2c0c0fa67f58e36f39d593d177 0
616d9920528c6e47a1d84bb2cecadbb268d4ad8ca434845b645bb3150f8466f9 0
2fa0588223e0b28d30c625cae3c293b056071a6d4015c9e30d36d9305d9c1971 1
886de2d0b4191e6f7e4883e02a34215378c89ae5fd6dde63ff10d630d022c117 0
36cac75ff8d7d14c890e7700c6bb470fa07e4cca24ec556bd0664872db7d27bb 0
6035fa69e0cc05fdc442300e582cd88418dde9edd71eadddb9a985fbf9050b79 0
2072adbd7de849a6303ba91178deb93622d53ad41e975f60dd9827f1f619caef 1
f7c25dedf2130a4895139716fddbdaef9ca7ddcc013e629cd4069f3fbfc6b343 0
41bbb44facdccd2d28a804ec533c97fb0d859999a0365acea798289d939a744e 0
e988ca9018c34eac812f811da1d225b16a7d46f6ce59bbef9845964892d4b2cb 1
9458214b5bdbab118eef082ecc6a156a7fd2fd83e2a0a306b09b3a3329042d56 0
07f8e86bac848b74f1b80c54946db8f0aaba6b735be4d64c6afbab27b7700fb3 0
d3ef10d86c44be2cf906efa83e067d834fb5bca4c73e92380e7ebff85383891d 0
e1b0323a1a842c2c23a84126950ad7e1bfce34c4d4ac879ced4ed1c0209f92d0 0
68b375a973e57d3cd343e3fcad42b8b153689d4c44d4d0433292090d9c1bd627 0
4c8f9e38c4f980fc97404b1a921d1f1cfac2e44afa7fcab5e521842f23ca9a52 1
2f428fcbfdcafadfb5caf6a5923294ae8c9e4f5b3d4b6386194d37c3fa4affe4 0
dcdf1278f6671b3e80340a04c959ca2ab9b0f3f4ec53ee5f0fcec9dd7bffe5e1 0
e7be9f769bdb8906204de0f5ffe9ea299673823a32e4e02d5d7258b82d959ef6 0
ee69bc4f37893a92ab562883e141a3e3d8af1f1cce6462e13f0fa24604add9b7 0
ddc07573370acf3939f20bd83299fe702524a35a7e97182fa0d92a6330fed885 0
7c8086dbd07396d203ed8d841c3bab826641034a3fc09266fcdc249947764468 0
3f68764a6743506710904c0821acc645f50b0dc3b36acd13a8db1eac904ace3c 1
779c2e3d81fc27100de15d80fb5c8e196250ca74637c906d4f7cf85037840920 1
870325c3fc4d8a952cc3785e06cef3cece6b9f582e588bcac0c8bb75723dfb6e 0
e1ce23ec50fbee1dcbac56b06461999e60ceac7388aaac6d0143ed3a297ea9f0 1
289246e680233d426029b42e5c9dead7a1cf7911c1d746102278c16af94c1aaf 0
184c29fb518ddc66f13c3e170370a913a245b15605b37aacedecc16b8bfe0f76 0
72a0d5198172538d662337ffd75414f7b3be62fa7fc6db082c5d341dd5cc29cd 0
d9fb60acb1a7658fc3ef69978f8da707c4425b315614b55281f5bc714137bdb7 1
04efd3e8ddc70bec4f8299c8a972a62bad1d96489d3e768e46789d312fdad5cd 0
6e5882aa2123947fb93effaab8859bfd54f9a9d9495c949359836d5cb1c31a26 0
9f2060dd7b1e69ca2f297dcb64f166298780bb8498cb47195ce25179db8810c5 0
e1fc1082f430af9bd893b095759047dc8bc9018c56d9ed5ee18646253b9009a7 1
6a06cf4ed431c3efdae17bcff63299a050044b7c925e250c22048c70ba89b796 1
5534a48e3ce7253266ae8931eb4da3cfedece0c166839a234d1e732162630764 1
726d7d64b61fdc61656f5c6945df2cd444d75c0bf45e8fb668ab007dfba0dd92 1
514d3025c473145b52e2d4deaabfc0c97d8b629d457a22e45ec4cbf8961a68d9 0
0c0d9195968fdf4222f3479975b27d7e049706f45c404a132c2123413de0df33 0
61e5f1b563c88f70b62fd460bff05be03cf26cfedab8c1a8cf420337313162db 1
b5bb95b8de57b3fe9370bcd5a06fffd29946449129070e8bc8860be6b765e366 0
2585f2cc46e80470b931124f5ca069ce47c6d54bc4a382a2667173fb32040e71 0
9d42d696d8e325a832bf5f5e7a60aaf40b6f5e4a7cbc426c7ee0b8e386ec8fac 0
e992d1d7f2f83a9e17d68f157d1c8b4a03e2f14595089c69d066a3fa62eefa8d 0
542303e8802d14f210b382d2fda3fed0e140cd1b1b0ea809534ab5cc82e1b73c 0
794cd64b49317c0d7a3ba8284c6978773136b2f8cf7b6d4ef9ae9be4e4ed7884 1
289ff2fc0e6d88cf20cde21cbd4dbe3907401750d1e46face3e8e9dcb03ef776 0
199fabd42e65ab9a4a25e1630bdbd5f5ffed9fa89b2ab22e0f9462f765ee6c02 0
f07deb3aa66aa72ebf3e3a049c50eab1f56fac6ad439f19f0064dea9758bd794 0
70b3e1c0a85b0825cc031616810bd9e2e8df26ecf94d0525731c66bbc57b6b44 0
955ab4db02f72f1ff12998ec4f4d6ceb081b2ca6c6788a12dad163fb9cebd981 1
2562f7c9bfb13ddadb6e693640c431c5f48d664bbc21f15d177757c306c2c9e5 0
dc4d859ab5d795886c0593e30edda9096b8e6fa7f9acbd2c89adb2b0740171d8 0
7ec0050cecae38c5b19c74ad74b5c79b6acd718307c8b272b8ce1324576bdba9 1
0b2c3b154db374c8510e2607d2c356699852c1ff95dedc5d3cb60f6c22372cd3 1
e5b52cb6a16c809d1d5c9188806b5c2fb2e70f444f8e5d83538ca89d920632dc 0
7965fcce66dc52e1f37c6e53975715edef1e7dd9f6149b8c68e592567911d505 1
e1ec2beb2652028a293a6e8c9092d6843144a4d50a8a83f03d0c6826b14a8670 0
4ea36008b78ed083c238b4c686c619805024ce7d3a345aba0c0708a3a500d5d4 0
85bf7f90383e9eeb431bdd9cf66237a090450ef50ebcf7a1408fc9615d5af68a 0
e13c4a80468dcebfabc1c7f2e81c640689743745db6cdb127a6abcd53ba668e8 0
5b5925d6369b21950a8ee09af99cc7097517d64ca0428224255a8b6caec61415 0
989a9079fafbf686a9cc33ef7a7dc42baf631b2de68528f2803e6a6e8dcfa4e6 0
977410409789a56a6a5f575da369656f7bb2413c9204b102d8e644167b3d5913 1
0d65f692c347a8fb079c21c0609f5b7714e01e7f5e3893f94781db556bf0f6d3 0
994ed11104d6dc8f4a9e7711739855e8f00f38b2d7b736b6dbd7c6e14150e580 0
56c0c5654889b41aae3c632861e3c31134ddc1dd76982f37fb5c0489bfaf9e6d 0
596abbb56d599905593f0de1810ec4a0d16949ece22b5fccb2fa347b8827d9a2 0
352aae8d6a79f8eba1966f4d054641c8c75b2169b14fa9c544be43463867d452 1
38a5a2361dc535a0474c5f339af59108bc9be24ad948f9c9d93e8aeb7e612cbb 0
fb15dc5fc29842a5d2427542c1a201c3033e5250781ea1ea2068ddab9f812614 0
bb5db57c9022681d6029fcc47919a588c84ee6efce66e39a1bec5d0ddf1c0306 1
24b7bd8e719941b298bf969f5e494e05374dc2213687f9d6a4979289b95e43d7 0
58e04bef26197864f1c09cc836e17553157dfcb756fe128290a0ce5257065270 0
d39a9f985a4320b0924a91df99073d4c1fb5c4734de9ded7a6135bd9cf981fa0 0
e786163bfc0e4fa0de69f89a38c5bd5ac19c3bb0e9bc31053de108a7c14410d5 0
a5ee3172734c6825578e8733b46181a69cec540f9531547d1eae0ace2e42b64e 0
651f82530e1132ef5594f8c46d32532406f668c3aa712977e38d1c2e46f24bf1 1
bfca9e00c86dbd93f0a4036a9abb4caeb48c512955be95014a5f72559763f6ca 0
2f87827c73d7248451157ad10e38f7ba0899b433ac7fc9e213dfff39b3fe4fc4 0
a003f6e26914c49020df02be9a39d4ac7c97b5c50af87a08fb1c49a0852a9b22 0
b1d5747dd4987723550e0e0bd4399160b7bba4ae175a1957c158ef64a5e40ba2 1
914e4c34724805cadb9a8a3d00634351bb1ec13ef045b1871ea462b6bb5b8fe5 0
cd0d11147fd1d2bf5ed2e7e4c5f318fa13b12b6050322763c7435b730b3f3260 0
71ebca6cdca00332c4e8651a838a2a528105abca595ad7e03e977d7485b99e1c 0
a97a9fc9ad79f48c0af2f8ad4ba205888f1502dfad241635e7b6afce78d43691 0
54738a6b0b1f819fbc1a0a90fb2243d45e7e2441222d1a7c01ce4c76feba62e1 0
8daace073b3277aa0a35e3fbec1350bef244d9d6d5626edf8019726015e10392 0
7016f018a7121ad901d397156f8a7a02f1a8429fc19377a2f99645eb7ae7c4b6 0
9d1dfb95b2928296fa0e91fd1c733de87040102e99fb3bc9e63470b3343b6ce5 0
4535fd2880c8cb078f2c95b5e49f892c2474f7f8542b302998d8d75b599f737d 0
f8cd2e3cb6c24337d4901d4a83b3c0f0bcc6ee6aa635763f572b6d8ac4784daf 1
ed97e68eb81134d503164497613686df9d392034e5fa31ca784ea3f38f9b4273 0
05e1c66c308c85376f8aad46ecca1437ae7caf72b601ccae0ad70623c6b98ea6 0
02f5c4d1354af94dfcfb79158ff5ef6cc30e13d673db8dd1c305e15506189f36 0
1f8c1c70f91fd3d221f1d756bde6eb926d78a5c95b9d3575f911e83885990f7b 0
c64f06f87d0b7fb9d71c3d629664ca37009edfc7f57ba28a98661ace69e7f251 0
7f1c190f24b343c7a201a1a2f124cbb3001bb3b4fbf20ef2340640f25264840b 0
194bde5b473d934b2c81c83b2401ebcd285e3bdddc7af32e892239b25f4a3720 0
4724ac0a771302b10c00a6e96015d4c222100f73e35e33840b6ad8eb64d043ed 1
33f5e4dfed199fb0e9b058cac72de775b24912bc0afd3d1c24f74aedd2c31227 1
8b86d8a72edf02554bfb4905eb4feb68403fbab24b238bfb8f948737483e69e3 0
7931c06994390a57f665037bc58ef46256fe14de16159f2ab6429c8c9a78cc73 0
e20cfbf23ddbeabbfe978777b6459d0075018e8f9ea7c935f2027bd793acea6a 1
eeb698d528de259ad905675e1bd9ef703839ff8126de9070d2069eb43aa4c5f9 0
83daaaca683d99b51aa5d93a4177748e71e58ac94911abdf13112c7545cfdf13 0
951342f0b72499d0934a3fe088d32f0e0b9e45d15e9794910757341d3b4306bb 1
6d09e0708f0a8de24cbe73e02b6e32ff550401f6a5e40e9d33b31fdaeef98ed8 0
4f4facf5593c4b3ef150ca978ba106550e2062c94bd0b84dfcfe888e3d31656d 1
e733e85c9d9ecc9d3eb7ef4368e5c75083c129acc9142eed4a0e987fac8cd382 0
43f9960e56dcfb6eeca017b6849d2cd4989951cfcbf6104a5f8ff2f75da63a09 0
52dee89ddd89174f1aae11f7b9565ebae24f85f8f4750c8487b0e2f071a0a22b 0
bbc34824c91447bc640e26612e8411384d9c1e8c755da39416b77834fbdd6c04 0
1e97819ae7febae315360a4bbcd091f6184ea40b63b1aa15753798acb72d7b65 0
3a8f37aade2255c0ad601a5753a610ea1c3bebf37eb7e646c8b25377b180fa88 1
9ef12c3a785897d5808121b42dbfbe68e78cdfb98f4b8b4bf5c4dc66e70436b4 0
28b5c8358b9b8e2fa3b97d4f1894baef5ff74d51f8317021a549480f95c1e31a 0
42c775bfc2273a720c7ecfddbd2d3cedcce5dca9f44bbaeec502f4fcb5bd6812 0
e4d4c99a61d8fe9eacd1a68f6af7f71c0700bc2a8d3d17dc184f666bb062c33e 0
ee84e43d50ac26586726d2c1f31e41ec849ae24fe22948cb53dd2ca8730d9b38 0
b77e1d395f81336908de55e7a16f546104c88e14dd8bdbb92df653fd51e83834 0
201c85f7feb5f54579d546ea73f8d52c07799a493d84f1dc516410578bea7cc3 0
d4b9eff8de1dac7372e49fb60f132107f5963d7702e1e289de7c595961961f64 0
0f8f45dd51160e499f5dd2f7070cd6d873437990c64f8029d58e9ff3c87a3b3b 0
428cd3090a4552bb52ce0d9c7daf25da6fa5b4654cc55d20b89e60495e3197d7 0
f40a52a95e066a5fdfdd0c4f4e0eae590e20f8484328631703df7bea6b5222d2 1
66597a62bcaf888f7a1739e70e95c852fea7514163833f6e59c6f626172f5825 0
2833444b5755ccf28c32f520179f4599cf4ed5a6c042a7dcbea5cfa6b61b0dc9 0
baf17fbf489a363f43d3ad87afe88521fb30570b6d4080cfe943445eec7cf19b 0
ac0c80723ce9f5a942ee9ed6cb7882f692b75d52ac94d0e531e888d142746f47 0
f1159d0f7c4b01de74033468d8b0fa404dde982788b0a61572c28e07242462dc 1
c14bb848ac2022b43193a32a86331a0c1180259ce619c111ccddb0988ad78708 0
10ddc86970968670961c71700f3db7e4d4fe6d132fec4a3f3124d27809ad29ad 0
82e7f4d03d0b57210f511b519c8a0befa31dbcee2eb96b5870c24f8b51840356 1
95d6aa9945ee2d29f3c1de2ac041652e1ce220f5f3b5cb2a5f4641114047bf56 0
4c9a0ea276f3e71c4a3f99dd4aa1449c6921e2ce71c0559fcf40ff81eb52452f 1
aec2e7aa6562732f1691b2e07a2e187b4b81702b2480e8f44cac72b644154c91 0
3f619c8bc95412a48449305330c4247fff13c3f3f49ef2c460678d615ff2271a 1
d2975e1fa555e1b9c87dce64677123101fc40cb15a9da88f0ae2390821d3d152 0
fb0a394674bab3f8d74980c39057a730e5418144fee1f7759b79f7a060f4f776 0
3a40fae6b94619321ff863b29239e0c4ed80659e8f90936d18b7c82cfadffcc0 1
91558f0630c25a88c12f6c1ce48e70b3c43c91909217a072244bf4d72d3e1c54 0
b82cd2fe174c65ce8d733e4cf6044def25454914d80d13e8bf728e10889f7668 0
e0e26196d0152f5feac5c0e488635f00857d5dcd8eede11c38def85e3b6620e5 1
a1610a58ca50af8fddb29fb6e6d757f63ecabd4c339541e1bc846fe04bb0ef26 1
7bb5f00fc6abc73c9981074080f3de89204bc796fcedf5ba7c4092aaa7fea1ac 0
50b7b750c96cb0cf8a836ebdbcb77a536daf7dca2f4c31f893f986cd463d6484 1
95ccd5fcbed8cfc3a77879300c0cc8190846b3e39f83b83de2d3c8c5f4ba3842 0
ea6b0c9c30cb6531b16cd001ad2fd584a58bf66e0527d8e8d233db2f75a8b114 0
ba288242977cac4ff9209d168bc8259a01884a0311868248d272b97ed510a3cd 0
28512d61cbe103cefce37ef8d4f0e31c85afe6c17ea7219a1af1f9ddc233e449 1
ae515dfea37de3d4f795c63cab684838fd4eaa987e63fe7b7e8bfa97ea45d247 1
2ef19374877a82d9c6dd6de6cb99bbc023f53e76e47247061b995271f69658c3 0
50e8f2211ccc2abb9250751cfba0332d3da628cd75143eed15925d498d5c59da 0
4021d9e2cad1ea1edb54680a1837fb1b6cab478751a98e2032fbd9fc636a9de4 1
840370cfeaaf3a831b9a882587d8837362520eb55b813223b61b202099c97984 0
0835c85924323463c5334cd6860cad5bd016c6d90db49960649e7085d043a0b2 0
8d0d0fdb4eaccf96a5139562a31abc9af2b18d8ba38ca4097fc2d8da57647493 0
aae8acfdeb5cee98ed665a1c2793a18db5a09d2b09a8ecb9f133b5d8ce9954a9 1
04c79a630b960f31c70f97a82c984d947f7269d4dae6b4d3ce12867133a11d08 0
2527e6e2b5e71ec7074b8cf9ba5e2638bf0d7cb57d2d2babd70fc1b72aa0d749 0
83e2a01c130e2cdcd9b8f838a5fcd7a3b37b3daa17008b3531bc11f43cd58a6d 0
d27af36c52654285885c7a0038e1e0006ddd275ed2283fdeb5588f7af8fb5610 0
e0ad7ef82349bb23f2806f987d517e15f7fb2bddc79cbceb732e2e1bbb3a2583 0
259a63fee1959a1e896563a1d01d6c609d14136fe15b619bc18b0677fb2a1ac8 1
0e8ad28e7201c15aa5a05914f174c86273692de904317944d08e9b2cbc5e0116 0
f397b63d2ba97dd383c1317224d2babf085d58b84a3736c1bfc65be25f40e6df 0
d1acb1b5a6374cefbf79599616c89ef417450b84235d562a7b2b79ee43cc3d0f 1
92364690cdf581a4b330a453f263e7ba062700e6fc5f2c78b730d2141b35d375 0
1ace0c1bf806e57b15fa05132cbc16cb7a0a6792c9b9e568dd5d413f32eb4599 1
c6a437aeb18ba57ae0c465f2a270c5b8ae761cd184dfc685faaa71132ddb0475 1
7983135a0aecc7b62461a05619a2a35debf4781912db52f66a119ddc58b8a316 0
442111804678fbac0076e9beee614799c1fa90f2bb84be9d641c3b75cf410eea 1
def76463289f66b433b3ae53af3a12116651d2897cda6f9e9c497ce61bdb670e 1
f80bc5aec8525b1838fdd6009598ecf4a361b5211060e218a8a246b6bf0823c1 1
eef0463b92c8e654e7d3d40c816da2d37dd1e1b610c8ee439bc1754e34707f11 0
abaefe49e63084e45c561d50a933b5404d2e450a785985b4b251b335f74c63d1 0
9ad8799c55e290e2bd4dda054d7856ef0950a5a2f31d3f3d72299373380a1e5f 0
8e6c2369beb0b39010df26fd7b60413c9ebd4b5001f866bd05990630b3b1fddb 1
89c526784ccdc890e0208f740b8612f36fe613529fd638932f46c499b06aa361 0
bc52258942b92527355fedde06319e65d144daee7628d0c5f778ac2d729c8576 0
31d6a816f1a2bb2ffcb8da8d03323aa5ce4a95f56a904eee004a48634f9b40fe 0
54c84fd85135617759c8de453948f25f46cb59417a506f16262c29cad9063277 0
2736c25fba137459d7745a2fed67ec808a8b7d481f99cf4ab0716297ff07d0dd 1
b4b3da34d1c1cbd36cc4fd025e0c878b1e5fe83331e17d339a81ed9249efdca3 0
f5ea3326223b506d4c426323fe93c2643d61c4ba5dc2a616f0ef8333dd888026 0
ed467bd73a1317fe5cb36d4d491b582792b5d5ebb03918e33899f5bfd1faf8b8 1
e573a990211626c41b98c0dadeceb512945b4219f252f4f07c152097ccfca3ca 0
3df131cb1639133f2b6cd537486346dd2df11a57d82b54e505efca0e1fc0dd9e 0
7cafe795f046e363aae7d8949c7b44aa831c3f0113cb8c1a5bc15a86e3c9e96c 1
03c824fb74570681640e053e257663afd1b92de58e099a6fc31df27d1d214c8c 0
7addf49e1dec4fa71ba05f34bbd9dde744aaa577a820920609d52a9f832aed39 0
bdb656292caddf24f4ea2710cb5bcdda8327ea0849ca991f700257ea0ab5fc13 1
aa543f7683bb24bc2d110027a5270ed40f1fa747624a7f543e0859e26e27fb0b 0
348ba64bbff6546a65b34cf295c0466d1beb5f3df1a5a38dfd91d58672afc391 0
b90ae9602f7ebcd394cb78f121c6ca353e5ca6a375af97a075cd0fd5698e1b03 1
b10801b732762edabb1e37fe2a3615092fd774c5c070f7513ef23cf4d246e1dd 0
08959aa1100e9c35c870b2b36af01187ec484f57c23580a6337c3380ec510980 1
b71b453d42cebe669e789467dc10000bd7d2e8d9c22a91cdbe6bd39384e77201 0
2ac021ffd715ed0e8e01a32b2a74754ba4cfedd4acc78f74878273a84f08f308 1
546dcd452fa16d987a8c9464a7c08d050d6b2b7eddea4a107fcd118dab8ce783 0
16c0ba2a924fcca600b37a893c3365cab0f6a87b982a2baa25abec4dba9a4b54 0
321612035640280fa1da23a23b414d1e824272e36f6e4c1ece5442cebbf002ad 0
5327f15322c200da0a0914c4cbfc885db8d8c6748b7519c561fc002fac07e92f 1
7c06686076e5ab721854226b3893a80758859490ed83f11f81849f274483ebe0 0
ac486ccba17f0da24ec6fabf807b1520ad32ddeba165d87fde643801f40accd8 0
047147db35bbbfa8949210102051456ae8b5dbe670f658d52d789f36d96c4d63 0
39bf21550e2569e205132e9173971ab845d00e170d8a84518f79349a07e7428f 0
2606133b2074a3c73502cb0999179694150384203586f9d5fe60509d432b1551 0
654f0b4571228d07fdafc5c722821fc183e6d6c1578ff3eaf60c709a58df0f7c 0
d3923a0135d114ef7d259cfc35431fd1b75795a5f8d7feb054416bd41db51784 1
8527f805029e5c9dece40eaa96ddb47f521f1c51e193d6c4e3deae69644b4028 0
301e66e9ad610c2e2f8aa85d5d0ed661e3381fbd9a505a31afb3571b20efb7f1 0
ac4ae44f12092c2a57368b0c806db4e78a924ed4e35e732e5e57cf76ad424baa 0
144ca0628a5441ecfc1a47e1c5d7995aec01cbd37a555fbf0ab21058d6bf4d91 0
7a39311e51eec4f8a557a4e254af724f27b54c57394992184083716862a979df 0
3ae64618ffee6c21f993faae03f6fe937cc1e50ba236378318ea243991857c8f 1
66732ea334d04c4a6d340453d54c7aba4fc5a250ba464ad1edb74b4768e7f6eb 0
3cc795a35db183b5313067ab35d5cec8356dd95101309475d025c6c60a1034ae 0
12546f7630a0eef5e7d969ed403d7c25a45cf4fb4110baff8caabd4a59a27db4 0
9c4d291d5fd2598941bd69f4a339128414e653de75117c6f4582e073139d749b 1
2634f11a998ef0ea5eaaf4835cb2c47dbbf429aed2c42fdcf1189d2f7051e1c6 0
466267f72eef787dfa508c521bf8f3cd07e040bab3addaab282d2c1ca57d977c 0
408a9848ab004d8725c874aa6a1347acfb4bd0f009b7ee25d98cd9181377f86f 0
7a9cecf92d071f59d153c6ec13870bfe830ff85cdd2459882fbc3278a912d069 1
d845f385f3a3549390d19c565b4a7ca2bf031b209af08329c2b0389e89f867d6 0
f6c6b3db18ca37ce6522cba5db580a0078304edceb72f9062aa5e6aa19336b8b 0
3e92f075fbb7f21802fa03da428fbb85d9bcc2031234c1ef135caf10cb06e4d1 1
11a10a5571c554508cfb737ce492058f4999bbeab6a2f478bf557ff1447fd464 0
2f159776f5357c957327c1ab6965622f0e8772398a15234aee61d2ba74ab68b3 0
05d134e22a126e805ba5fd357ea96c750c6b94d0f0ebfba4c840c2f88bc9119c 1
ddda50b97b3dc07d641ced3643f1aa495c1a6871f1466675566f1705b610c96e 0
3cd1bba14d773f1f1db4279d5342769794e5364dc7e68cd864ad81beac313835 0
7d771838208f55e07136cf96ea8b22f4ef70dd9b5e29c931081b6a0bb59be3a5 0
4e8d47793f720d20c1dc46e9833fc709b6aabc996070726df5ded4ff075ef0cf 0
e3de4efc08ce4d4beb5fdd849c327d81770c574bd71320313356920591a4783b 0
2633742cfc35c6f746bd7aacc6ce3717575cb0919eb49e36173103e1ea04991c 0
ae1f35967d2833fb99a51ef4b084f4da81c5d4c363dc4c23fd5111c28a3d1ad4 1
4c0ef57595db6cb98f90b76d80591fbdd881816329b4d6da9bef601aa608a9b7 0
9a7cc2793a59f29e3cb014b9718852a2aa125aeedab0616e6d6ba625354a2895 0
7e54ff73b028629aa004815619878f9e966fbd9ef9e998713152091b1599bbdc 0
e14f355b1ca4ad85bb530c856421ff3418ba1132ccc2df12266f650aae429963 0
da9aa26bd6855cb0942121218848f402e9782cd7f8570451c05f9580b98cc372 1
ddcf706b7c853785869b8abaeff21571866fe1a525154963b232f7c395842b00 1
9736b56b1ca67bd5bba9128851c9973e426469de41737c8f6cdc585b7b7f653e 1
8c2c5cbd488aa304b73ac412669dd964d1f5c31d901bd21c1d6a5597b7d293ec 1
f5ba4f4da77c583f1f66aae0a1bdb5cf0a213b9ae0263fbbbc5ae37f56cbd8f2 0
1ee0304defba445370e962e574ed75d2a28c9215d836de6464f2b488b0ef0486 0
51e472301f18c787ec1cadb017feec9572bf5c1e9e1ac3f281eee34276a4a479 0
4fb7a88c53ced1ad449932692509fd7c43d4411a5b2140f386a5e70de0615050 1
c4555acbbc4fdac0c73e6e8649904393b3070b100cfb56bf9ef89017beb00ba6 0
818ab027c5166272563aef4824e97b6a20664ab08e427c506df28dc119c71dca 0
38a4a15e39acc07038b1afdedd1c63905866fcfdce9193d913d6586b5da71d11 0
cc0770afb7c6ef7036564c26bdb0e65eab71a2c446284c0833d61ddb8c22c033 0
ae00649bb1cca4aba557e785eabc777d18bfa4bc012f5397ed7440a3090e7a04 1
428d74cdfb69bed5cffd2da5155ff3fbb583020f2e8522f92360ec6891209444 0
e63e4c04be13f80a533efcc96a27e16da1f65463315e8c3e4493b7faa58d83fe 1
052c3ee1f0e24dd224c7d627543c83caf08c86c94620c7cf267f05f62c472f48 0
299fb09caffaeb67f1bb8776681935dd22c7661168408dfa46788b5eeb41c019 0
7a8144efcceadef8461a27317e04b453ec82cdebed556e36b7523f9e6033e6cf 1
74b136e13cb9bef341d2e000a08c4a1ba74df2a98c71e360096a6934a2b6252e 0
83027366d1981802d4c7878628c70b0675b2a130f76fec1136e7c3af9cbe75a3 0
f7f79a7de339361222084141af75c8a0787288d7ebc09381cdb559116b329b5f 0
d312fbbc0fd732478836ebec19bc463456b2184a224374b22ab64d4b40255769 1
52d0392c6c497f81afa123a598f917b09ad9da584443c1228d46ae6e96afe8a8 0
898fde0980337f16fa8bdcff35eff0e642f6290d8d4278fa703e831340675cf7 1
a1a107e3051573d6a615f9075f2e5c9a9853cc9d90d3ff6604496681c56f979a 0
a4ad9c2d8bdefa735866b859ce2f3ae6e3a7d2e2e2432844026ed1f8f2379f40 1
89baa9ad4cea53216bc399229fc9842aeea2882b6014116a0f2a403afcbc10aa 0
7208331ce2459ee42f0e1377c2c56925241761c5c3ff2d2ff918360b5e3e8736 0
e084520e2f56dbeae8fcc7d8c3a9b6af61a3980d40cdda3b5bcae4d5c1705edc 1
a466af0e922d8ee6f5fa601ceefed3c022102bd0fd182e490e8afdd32b730df5 0
8f01613bcea61a7e44b335df630b5aabeebe724c274a96ed675b36f81290954e 0
14ce447b388313088413287bb337e09c1b896bcccd54b5aff77b2c8f76defe96 0
a63fa332b74ec4798a47066637f0c4553dd3ecef6e4c1343bbb7e9628c40fd5d 0
e1bf5ccd2cc9b5562b8cba46160f609b435cc1636b2ee983bf20b50244507a9e 0
dd54b89bb94ad58f188a1c2208e4e198d72836e292669128ad55700496d8acad 1
c0440bc5ba7fa0c58b67534a956bc48f23876fc672a5bde8728623f951f16805 0
7f2fa43783ca7a7fa93ebc62dadcf7f4a742fcf4158ef19dd7b94250c78eb18d 0
d721ff2c48cc129e8691f29c7153a47bd2c00d25d1583090155be21d2d3e83a1 0
0e18c0690e5240a6bbad13e19e921c5c7ee11591e3ee7f5c3c26f6b42703438a 0
c93cd790e421b46cde894c52be5468ad623be9244967c01c95826cb2d9063845 1
47573b4efe6bea0a36903ba27ae4b88732278026e1a06434dc5ea96efc0ee2ed 0
f2b3a723d14c10707312b1820f86a50812c03b0dfa49690960ce369ce600ac18 1
d56a37beef4020721a99fb3701bebc6769515b8e15dd881936719f4f7abb6195 0
6217c5f62a8514f7f64ded4e18cb15c651d9c7f05b24865e3a66764e50c606a8 0
47b72e22891f79aac77b8fc88f1a67a48b9cff37cce29ee1e785ba221cf67925 0
a241ba3e79163defcf89b9b438082b8aadd3bdeacef42e3a443676e20022a583 0
11ed5843885aefbd5bf8ac0ce2f2cee5ec4384bd3845ca146002eb025c727831 0
dd5cbf3035582d056d0f7a4573c2f530e25b6d27908a783795f45782a73160ab 1
4c707db37a4a555ac1deae8883bd50cfaa28fbee313acc77af092981f9f8ffd2 0
2cb58a688746ea747b29465422bf387724c71d7ac05b76468b8740e4ef77b10f 0
aceae38f6d406bae88536461df501994c71e5303c610111baeef73a54a117f17 0
6ec14ec89fc1c7c27034569529f516d26a71a95a723163b79bb959f99a2f9894 1
634d01987970433c26fd3ef8e544f745ec57098d1f0c4bf397f1d3014f918345 0
780c137378fd0edb38f2015a4c60da30d496e39992e7191539766b336778540c 0
4cf0b039aae9c0dde01d213b667113f4c6071db96707bc9b1b47369aee4bf8f7 1
8600b6d7f834bcb7aea2062f0ac4bf2b4dafc1fdfcc1e8bec65a5181504c762a 0
6995b3f60638db2854a9d1b7b1b341cb0bd51be9657765e7b6f725e79353396d 0
017ac5b8820cf2b1c64bc31f880afa5b5e8ac4627dc3f774aaa3561e043670ac 1
cf1ceb96efa71f93a9164ee66bbeac2ec3a8fec56687877dfc25b3b63da363d2 0
f3e77932feecb10adc945801c1ee4a6a67c29d0a143d6be85abedd999d7968e3 1
b69f3bd61e7791d829ec2becae4155a8c0c24492c9712d205fb08f18ef1bdb1c 0
742b128f396605ca4c3c29e4fad7365a16d4368a87691b0b5ae57c7ceb7f6117 0
c8ffaad89c64c3b7f10b0760f2dac2914a83406a8cd8452291903ca2bc69a370 1
5b8e0fd468480c64778c3f9d245eb192e40aac35b759279285d808a4ddd7efe9 0
e1378ada851291ac7a6b2adce3968a8e1331095ada664f6ff4909eb2ce87294a 1
0da89c0f02dab8639c9a6669863f4f7a1ac3ae5772af034996768ea2e061e95b 0
74a1c8e175368890241de088e1eccc52e108f825072f4b0161147b71ce7e802c 1
be042627117fcf9a498fbcfb637520169b240811713986c632b0d9d897b518e5 0
9c653c793c65c889ede9ea48d814b002c6f4265d042ee40491799c67869a0a44 1
5474cd9d612843f9c1266a8df4d49550c373aee032d13715a68f62ba8da300e2 1
5eedb50ff3ba0d07b9737104abc4d9f89a6aa85a2efe90980ad36d3041b4c891 0
e2b5366a7be5fd634e107b68d14a3ca3e8b4d3025eb70eb2a360a3c64081e41c 0
604c6a94e4106ffb4b2662ee654cfd8ea8e9e8bb05f4dc15b2a3e1708eecbf82 1
752c6322a16a22cf36fbc515dd1b746972be1007a28d91c44f8de3d986fe7cf6 0
c7f2fbe743c6486eb1eca9455d08b6bbc3ee5fc2fc368aca7fb152d54adb60a3 0
94bfa7f54057690ff135b0a92168055ce29999982620f788e83177fd5f4b38a1 0
ddf424e56431c63e60ee58c811ea1a50e396cce109b28296fde5ca96433c5b60 1
d4800553103dc9228582a9c94866abe2110128e770bcae2ebe30394dc17a8535 0
b94c7ce9e093eb9f1d451d416c5cfaa03c41f8275cf42b6318fce5e1000fafd2 0
98ff07a999b57b05be0250f64a221b10124fd568c989316d224fbd06cb479843 1
be42d0edbdbfa5db10390dd888f741fef02e87dd1caeea6edc98bfe7bc660535 0
057f98d09dd3850435b49ef352be45314647c66073945cc55ff5f63d0a2e628c 0
83d42e46f52be957c883af6077a559659288ada87e222be018d03f3fd391d267 1
51ec52a0aa9c73404d519cc804c3c603b32d8d31c4260a13ee1debc5eb9c59bb 0
ff8a223ac43a2c52b39a8d754a876bdafae62636309d8aac90cdfedbddbdac6c 0
93165d78f585a608d6fadc53a6a210ef6a605dd0c96d1e806447f8bfbaada97d 0
4ca464d4131b27fb992cf01791e18d02108526041efc236c5dd7b905ad9e1140 1
427c2484d3d68cdf7af75b849c9ab189171fd5be7364df38ede71f98174008c2 1
d4d77b23ee75617df162e5657442ab884a53778db24146146dce7e323c0c614c 0
cde4b7aec50e037bcc5680d36275df11f0c84a3e291d587823bbcf74adb0d43c 0
c206b28d00b807cceb8b88e440af37aa4ec1a1c880af9986ad122b0b27426bef 1
06cb8ebfd8fc587e9aa9db68df964586f423d383e8a51defa50674cf25200ae5 0
03c1e46051e17d82cfd2c8ac7172ad3841cabca7dd933597081d4869cda97843 0
ad85b3f1503fca5f9b1a5e59769236608900e29f29e2a9e6089ca88cd5023f31 0
752ff7212fe12cf70b2810e62cf04b22dfdefab1facb3fc94489cc50b3281416 0
f32ce64cb3d7411252af97b3826ed225fa4609c0ab82c8b41771af1734409537 0
54b7828ba2e9488fefe8e45b1a3c322a9b10857f4e0578ea8b008d782482a616 1
01107fddb86962be485eca30781ffbb689fff0c144152df79ca479149290ecbb 0
0d40223141ea69545c4e803a3d7683246a6b1e631d8f2c5333a75bbad839d5ac 0
c5afba83235cf050e11fe0deeae4228480074364e8b426ce48fb1778990a8184 0
1f1cbb71e8d017171c633b4a603a6f8d6b111417c1f2f27e1881b2e7bb945920 1
284ca6264d527bb53673b99a615707e1df671c942532105f550d94908c4bae6a 0
70e1cd1a93d509ac1912a8137a34fc0f05749182d7fa9276a3a8c339ecc77955 0
e0597717bed99cb23872e4fb23f5d579e6ca479ade6a4f63ce2538990f6e889a 0
0bf076327f0a3bf34a6b2df1b2a9c38dd78abaa5ed50d742814af7be9701021e 1
3f80342f82fc7d37e9156f1b4f43b737db63c1eca47dc2665262eea2a34d28aa 0
afa7d0779ec790895b02b469296cdc1455daa24ad6573dcc3c679736cd2a41a1 0
e06051aef358f275910c60bee5266cf721d8f849f5f021977efd06666bba6ccc 0
c335cddc7700a26e36304b7b21c5da50c21a1a001233d9be03766e3516c3640c 0
4595bc5101fc6e02c7f0b75523d94e824141f751b04fd0943d56c6c6550a4cfa 1
586114638b748a7883dfa63ff35dd5ea6b2534f53804bfc344ca1fd72ac4e68f 0
2bf6c6c2f8e668ba840b646f2b2e0209fcdde0ef8267f43fdc06ebcbdf9c4c9c 0
36fc414a1fb643b6701e7b61281e76730ce661b5c0d970125b26c61eacbf4ee7 0
72ca1fcbbb5d0f730a2a48470d9356f28edb229f45bb6b7ea1b339f764a891e0 1
a42410ed4662d4f52009261bec6777c96f03eecf956bc16a458df893ff230b52 0
a52a0b3f1309b15406c55c77cdee55eff5098fec37eaf7c33f86f33a16889b2f 0
1c52a7a7dfbe69eda9db6f5e41ca621453726459afdf9a3e415571ff5ae19ff0 1
e6623147722cea4b344aaada46193aecc5bc89a0ca6831a02b4f61000f8d86ad 0
d98d16a028ed2be5fc8fe61b0bb00ccde4eeea65bcfa07dd2058de648215f723 0
4e57b112fa9301cab58d72804288179eadd06cf4636263267ab604cf5b463296 1
0bdf23c417c1fea6b78c7b1fcb19871faf9ae8ab71a9877cc8596f3ef1fe09a3 0
5cbafc574ff77b0ab5d43efa771c797184e54efebf75f756c9ae437b62b2883d 0
0ee965481688031254c90b9eeec2d3978bb35c9e57cc198f2a9d9f2e1e9a8168 0
d095c6926374bd4bebb9d1637f8186c6145ab770dc29af37ea1ba7dd710a090f 0
9f827d6ba57ba8ca59916e1331ad12d63299483c47fc7e412f09696768bf40f3 1
3513ca5ac10fd9aca69246ef738f1b0fda20b9a4e3f0d98a7b6ed96b86a300f2 0
e9c030076f0401b2261eccfb6c7cec7658a99fe67c11cd01f527125041ae281c 0
1486cc1a4299f4c916c95547ff5a86f5011cbc8f95c63d684a74c2a610669415 0
54ac293de5573655258be80fda2a57b143be8aa5b39df1cba06ac26467403334 0
5d0b293fc20d76edb618ddefaae3081574bd86165b79a36ae1af94c73f4457bf 1
1ea3414b280d45e1cac869fee3cda84bcdfbd4b7be329e4b64348d7a1ca77a7e 0
0dd8c8ab8f129fe4a943dba85b1365ea8778dfc2679e1757a14be24c2d26d789 0
63a09ebd3e3de1f571e9a2dd88f4b7e703f5dd2473e37b3bdcd78db6cb7da811 0
46f4afa52f1b36cd27b904455538a0ce2c893325d3f9edb1d39fbf98ba3fb670 1
a3e69e8ade77456c7a027e06af021441290f057d2fc769e1a4813fdbf8a83834 0
5d2fc5364fbca1e6e870073a22fcc508e265ad402f06d7ad450cc4b31012861f 1
bd66b1ffcb937cc93e6f07e7567c5eb262124154b71108d86471e44b3992e509 0
54021fe4b30028a5ced9861ee817c9c4ba852e5f79189a586caad2cd6f1d9f63 0
fab444162169073e014e23ac0945fda41fcef999e20eb5128d3d356f01fddd83 1
8c64bd52f70e9fc10a2e938948fc37f0b69b7808f2365738d0d60572a8809101 1
275e1e35ddd72a1cf8de97938b0e23e36d1c5d62b7c05937db7c4e799895b87a 0
1060a5eabaff1a1fb4b00973f64baef71b080adbf8f09068c0a759a1f9d09bc2 1
7c344a3f6f768821b28452dab4cc596a868f927d4358050734458d70a86bfd47 0
498f6bce35ca5f35eccf1cc9979fc0b67845b3cbe09d7a41b35e4ef05690a1e9 1
8788ead4823af66f42b6c225dbc92197dc18fc60075a424452cef4fe3d12ed2d 0
6a577d489722e7bb14d4616d8f4c09f400ce00ac87a42d750f7268afe66ac000 1
683a7b257d83c1618655c5c694c18291f9472af5c8df6fb3e8bcabdefda21b8d 0
48e5b526e2c0eab596007beb6a2b40c121bb7add555735d5de5792f467bd74af 1
dcaabad66eaa92946c5fbf546a8b1b25b4b32fe2c0051b3f8e92fa801079c0f3 1
f65512390edf8345c2c40b1475ef3caf8b5a03d3168e15c31968e9fd8f33f14d 1
3b73d0e76c6105d58b5be140826ead7883331e8cec69ca335af757748df7d24c 1
dfb27dfd001be19977d836c3d2b9d32d0a5ad99aa8f78e6b456a262c5189ae65 0
e97729d797d86b9563854660cf9e57cfa3bdc73435b082bba6745cf94b61c2bd 1
666c09f958b5a6314a2d663dd340da80aaef48c4a73c14af171d311a5c0760f1 0
6f8a40692ef6a17af843bb421e1094ba8a0d59f6b2ee7882eb59f7f9b593cd4c 1
d551b28a9374c68ba3cecd7009a350806bd15909489a52b55261f44f3ed155a8 0
586f29caacb15041bcc21694a9b66bdf00daae6cd566a20cfd5c36a780c33d6a 1
ef51e7a95f8a4708e2c92179f3186c598793e4fe9fa320a7bbbf8410da9354c4 0
848e0668c1fd77861e2c40d282eae1270b54187695c072b041b87d61a820b43c 0
2ffc2483f227ddeca642cbe2fb68120dde16ceeee147402c347dc8dd4491f1d9 0
bcc40cd72f0539dd78f040664a54750a391d061461b68fd730cd5cec6c97cb3c 0
899773013a6fbc046239dad7b8b69006c46807553b905c86b68929f12a049270 0
8d0143eb15e59ff8afb7d9a73363313c5e5fce582c1b494c35180635a7b85b43 0
3ec1aa985f072e132bea404787a6da67cd1d6309f9159571ec54b0d9d3a58db9 1
266a300d726ff2d8ffeed8efbc1aca4c5403ee0a35b132f06542eecd9c192d95 0
401dc48ef55930cb55cd24727cdf21208aceefe1787ea4e3e559c785f9d06a8f 0
5999071c1f8fe9ca4d4cb8c53923643169dd6a464b75076bf5a31c777d466ef8 0
c010de98ec0d782b4c94587e5f2354948981d4df42dc642204dd8419d2a670ee 0
9b4d8e34cdfe8d1c8beb32092a5339a7a6ae5050c9c1e5dc22f96461043e68df 0
ba611469773ce3c42ffe95b08f3007892f66b851c01a67e122a187c1abc5ca1b 1
b7290c6c28f9ba55f791e954c2e8ecbc532de27f35278a68451ab1ad95371794 1
fd42df0fb4033d2d1d3c0aa579b6e87de7cf2fe5f368f44fc16611d3e177a096 0
4c3dea99e22ef8d4863ca3237bde662a1c3573a1e14b16d1662d6b77ce2287da 0
d5cad05767ace6945fa45a99c62c958cf0837dd16f5d65e7a3bd2f47706f731e 0
050f0a84006bd782c76217f3405f688a75d3f01d35b56df679034118b42bde78 1
3881f38f8bb916c8d2e43ba4161cb921493c4a8a947592abd41e5293d2cdb46f 0
4585e2e75b86d88a45688b871d5af22d01f3b1b93718e94574ba4f51c8f33c1b 0
8fcf576034bb0d45f459dc307d557b1f552b4567535dd9e2fd0511eeab632d01 0
d86e2340318a10c1b85bc71c43f72fabb1c143e65df6f59939f98c2014b59d67 0
62408aeaa1afddf2e4635115b43e49cc3357bac15640a849665b65e0e8194222 0
eb10adf92f383d04ec168ae6a4e6706829d7a19c617f8113263de3e3a88979a8 1
1c12a1f95975c84d694879bed497ad6ff27ee70b108f8f619ef48cfd7908ae3e 0
ca43c979a4fdee832f5b4663b941be00b9b353332f5138b16d8014f91ad27c0f 0
95e351e2b49470c33268943fd72d54aaaf3dc589f7b28088411a5bc2dc070d6e 0
8b736d1b286195cd9e4256383826f879b9061cf58e517bb1826d64e1a5dd6d02 0
f523e15ced771218470b6edbfb9993b47541f01aacd91a844f3a90551842bb65 0
44cd85adfce1e1dcf157b3847885e538c91b63c1a7683559fe509203ab612010 1
a40283df8d735dbcf0639ee181dbbca83ac5121073f73b89e2fe6c6121b1f756 0
9fce525e9e2f03e80c5649e28ae0d1a4bb53876d12d1a4650cb1bfcb5d609430 0
cb4976f25f62352eca8930bf73700398069e5538fd10194bafbba6820fa49ecd 0
13408be798001fdb9efe232c68a20741a2d4008ee8e54be6ae0cedd89f903200 0
bcbfde708449d2126df23207e7e92cc458402674e6c3822f83daf3d613efac93 1
d5812b7348aac3254b3132dd627d3a9dc293e1ef230fd35b89a0984a24da247a 0
c688326298015af51ab73eca7bcc6153bcde0769de97259bfe1dc00615294278 0
fc9b6a09c9a75dd6736f32fd4b9c31a95a4837670e6981cc441b84d1cb62fda8 0
374882574f5524e51742a5aeefad2fb93227c5792df03853c0f3f3037f7cfcf7 0
4fa963dc2c0edc0b620a28c5973319bc2f0162e6f88a314b7ae1482bbac56745 0
8c764436598575c2442adb67064fb88c734e649946244163eba947f768946626 1
f56238caad0303bedc42d55c80e07ed997e112c133477eb27be3a214d81ecfce 0
c3c25b300c98056e154701b2dbb305a4ed7bb9b0ef67d987c9470bea5e1910cc 0
d26971a3ecd308ba3da02744fda8d53494245086931965fabf7d423e7b96c44a 1
9bb335544e5d44c46e5f9db684e5943c31df7eb30d130685824f2fed9dced255 0
919640812e709ffe5dcf25e47351d07b7218376829fd0a1f6fbb9973553b0de2 1
afc6090aac2daec0a8f5aa1009d91922f8bfaee862de97adc7618bb4fbb3ac43 1
cba1f40a1deaa736d530b7b378fd925dd91839b127b5d16155926b9208dad03b 0
d20e3a3c0adb5fd0ba0293bdd88f46fd7be98d4411af14cfabb62017c698eaab 0
b8ed9d62a2227a6ec9f71a57b19756e3bed9f19e5376d2659dad54d7c2f10bca 0
199944c80eb6479501c625bc89596fc3602ea0865aafb655ca5c85e71b99dd82 1
77443d8a36c8bb8912017232f9fd9e7c50ddc47dd4f520cc41534daa2d88e43c 0
664d33ff888f9104972c245d210966246c08ef6275170ea818ac254a50ebffde 0
ed1bc61b66ee3888c79e2a456f68a5ff569528743210cbc9ee9ee7ae5c5e8d10 0
90328db78c84ce4e57e03a0fca052ca99dc01da8c2ac601525139b77b47308c2 0
9d3db68aa416d1ff0619fa8f37584477fcb5bcfd897b58c85e46a2f1c0442389 1
4a71ca0b9d6b774aff3be765ebf26349be8f2ee8be9be1410a90eb5a73f1993b 0
4aaf2d15c893ced175da27e04c26cda2134ca57dfe6de86cbc9ff7970375a23b 0
49039272f72c5a88fd5713cb6bcf1275af1361294f9c728abd6f49982aac1509 0
b995cacfc43d4f205e8703a23d8808945b313bcac48e6112b086818d77d3ebd9 0
42dedcac796f74bc758acd83728d14c540d6a7cbcb8bd8cdef7cbab56d5b9cbe 0
5904764a0caea875d0db6990e8a62e6395b7fb02b3c30b6bd75553cd26d5c624 0
6b1768828026f185a04cca010745b2d1e885ea6e8c55aea6a8a704f4aa0dfc24 1
ae62009e2265e86bbae25815856d897fd30291e16ceb52836b1931357ca0f9a5 0
b91aa2f4fb77c3ae2dbd517cd727584fa86f012d9eedc3eaa56d5dda928b4d41 0
4363b7defebbf23fb8a5f9c9247aa0a38ab55b558f53f91e9aea31b81c8d8ad8 0
75b17cef548839e19da1274c860561bd83652f932c7b44f2314509360e8f6a8e 0
2d1819fcae9518a3d84aebfe03965d385fc0772d71989d0ddde5952f67f01184 0
68ad539defa1cd4202015680104a9e7431361142c2d6e7f81aefc7a0a4dceb34 0
842ef587960b466b96bf86ee7f24809a3b43499db70c8d8642963b2faf7af8a8 1
63fda7c444e073a65076975ecae6c00e3d574fdae26e4e3e509174e164092d33 0
acad027ba6d38926d7c2a802c7151ded3e3297413c0508966039bf1cf19ca5de 0
66d01b0cf8796477ab7c12464afbd18b247cb970839adc9d8a824acef63b9b6f 0
2c01ae6906280fa2df207de03cee3dc7f88e3183eb6d726462df5b18ccb3b78d 1
da490b894f22f0d033e5f971fa2ca6cbe659946824e21c0afc9b0bf02dd6c28a 0
97ea0196b5f04695f6362fd2cb7600e5326de97eb618d11b14310cd0c3b19319 1
1b08197fc08438ad274b5bc48c19cef17b4345f66c97b0c2a3400e2ce28d9c0b 0
cd515e0cdf866612fde3cf29afa07833206cb93bd8551a011b7148819afd252a 0
442379393d177e220f7bd5272401c07dec12db55719fd2ca9dcf448760aa3861 1
432a43fb49a12f07ddd856d5caf297a3ddfee0d96620a21040b9d52955906643 0
31a0ef3cd6c5632a19da2c658c2f46e73b856cc9dc206dc5fa5937a93fb833c8 1
bd041fecc6bc65e55b4bb4b2e71c96867dab55aa7d08b2402e4573bd0c7af1ed 0
30a0858efdbfbc6760f939a0775a49d46dec02d4199f8102ea10d451723941cd 0
d94f1a923757a477e460370f44539ac9c5422e698c5e125dc2fc0c4f4edd40e1 1
3f9a45279a3bae0fd849060e898570dcf72dd8511d791f21745882dedd915585 0
d613eb79952b2cd7701ecae5ee8e88411a7b99b0132a4c83e63071ff43c2010d 0
0efafd003b3483a1c3086bc965fe2de8624c76580b8588422ab266ad9bef2f56 1
c02ad6d6157793b7ac033e9c2db642a714d16503419d81ca953218b464256dc4 0
eefc9078db8d0a0667845999d6836ed4da92c7987ed6826674b91b7082130403 0
d7cf773b37d60f095a4a2a1e1a2b5f70558ec539207b5d23f22baba221c75573 0
c69c4f21141fdc0f94aada930afe5a98815af1f60068cb82d31e641bb51b4cfc 1
d53cdbc8f33fb1995d2abf6e1871ccaeff7a251f57492712ed2126f3250830d4 0
a604b7f365edb005332dbc5590fa286ec7ef1e0ad7b16bdb59f591d79e05dc46 0
8fefa8739aea5308db430be655bb9c42c661e93149dd953a85c64ec4f32c4a75 1
dc907557dcf1fa881bbbfb36f8dbfdce5b2f5f94b3e8acf5cff67117741f3947 1
eadd354cdf30fd8bae4edea422e90519954cb94b52d4edc25c25d31ab25fe1a2 0
d15692d58d53846998171c2aa911b9d7d8ddc40e90e5164f573dcb7e17e3aa82 0
af0aec4aec3d5f0fbee02b636bec1c01d7b6760572b120e14234c1c29ae5b203 0
78eff0eaf0f8d45e3ee6f07e02a57cad98502ea7f35c91bd4ee0aeedcb1626ea 1
f245311eeba2488eba87c66da4083f66ffe6689a404cb93f0e09a60e9d403933 0
9f85bf13d8df350e62dd5293794daaf0a61b776e0d82b1c87973cd599a230e70 0
b29a8b540fe8af7f5e7d2b338e8aba6012aee906d3b32a0c7f2b8452f6acabab 1
cd3b253cd54386a7e27fd418b0870d16f5b3861e71706a66fa32b04148e9e218 1
81d423c173d97356e4e939640e1ad2983f74bd07b970871fe8d63a603fc75d93 0
d8ee034db054e0cf44ff410f38ce30efd47d4b02daf8e515af14f82c2d9ae628 0
6cc76efeea4f166b5e4e7f1b77eb62d3f0cca6c470c0e702924ebdc80b17d677 0
fa186f951a690366335f9e3c201a5dfda7e1b1460a736b19d7cac84bd1a625a0 0
1ab9fb9e79aa52cfb1b94c2b7d4c1bbf792f8deaf09489fc4e139538bb6624e1 0
1cf3d74c3941fe237d9bf0940982c09309e40b642cfbcb78d280ef5bce13993d 1
87554750d36a027d9a2df1f71e91d57bf883310252a9222d0243dfe338985b49 0
8092976d997cdbd59935b5b239e2d0a7140e3c48fb019b2f640c187c298ab860 0
6eea915adde518391b55edca2b1e9df77dbe48630e3a4841c6640abc969ae66b 0
5a2d5ab20ff418759b1ffedb88d4bed9697e857b03e4102b30894502799e5e2f 0
da921414c6bd0087d03e6dc7caf7bfa26889fb5ff16866ac554281d017f9c70d 1
c04518bbeb68ce861d9301fc3f0d0215c1ed6a18af6a05f30efda31cc4d2c863 1
c8c91e10472add98787f55d5ef755a62d703adc3ff74c888fa4e17391d233012 1
62bac18d8574ce50f99af7352bcdc64c7912f5afd59d7bcd949975f6ca614c29 0
8557c7feffd8fec5e1c2951c86d1d50ac297523f32edf29433ae6a225a3e1d0c 1
74f7644ea7aad704543a6d5c3819acb0400ab80e0d2aabf2a6d64618fbfafe99 0
fa3865522aba00aa01e97dd95948d295f2c78219745ccc2fd24922589b884d6c 1
8e99d5757b9d3c70a4d96554bd62b00d021388b6f75b97a6ddb2f54eed40bc39 0
99cb03b60c1247c186c61cda6ab51f4944bb80589db6114dbcba4e646a7a7138 0
ec32b39e6f3cc26866362fa50a2b7c7475e8c903b16bd754be304e0aa4a79ba8 1
b79eb2d5914a7ae01e73bfa53230afa98bc2f82f63548cbd88fc3f3e40b7632e 0
b8be588d31573a372ad31aa1c2a1bc08e754dd484552d2adf0c04847421adf26 0
836993aa2d09965bad8fa12ff7dc7533e04ab5aba54367587652916f25996533 1
f93ea0864c37157bd366ac290f78dd315454e524a86ee7c39d13cd755cc27ccd 0
dee02c5581ab5dd9ba1c21c1746f7666db1990fec95e3a2bb453391f0e5e5d8c 0
8463f01653bf51b2330af55807180d7a034e123ce672c0e326ccdeedde1db748 0
c9771ddb53a43e364f884a8854ac1028b13c73b7e6252a01f859245512a845de 0
d01603c0da9f7aa4fedd0abf99e33ff0733f4ecdd9018d47a34f1778070755b3 0
c852d8837cf639561e78043cf389ca2dca5333fd707ff6c0605af5bef52b6341 0
bb257004d0c76504b71b75eca0f62ac8ffa13e55ac2e4091bd1f594483e1d4da 0
34bed35fb2753a3f263f819f8b44333d7c2451589bb9780eb866fc35b0037eba 1
a4be61f13aee2f3fe27a35b7e2ea73bd27951e5d45edd49b60aeffd431767264 0
b674bfb4ceed576752610b6fed07e6f27079e0425daf8ced1cf0a5117b833aa2 0
f67ee0b9192be96fadff92b2ffb4ba45d8eac0d58e11a5cc1fdb0045abc0f1d7 0
cfba7d8042a1b9f806a32c64a8cc27c29b91b34b82574e65cf7bbacc4e88bfce 0
bd2ecbefdb844783a2f771d2d1ada0db07161a3fca48765359f345d6e74d7e8d 0
67be43b5416d132209de0dc84dae6c13c7a174c6421e67c6c66b93bca96b87cf 0
8db86252181381f616214aaeddb9ad54b7c33d422b4079ce462f978b7e1b9544 0
db376a65e5800d131e123c9fed3b70c66733826f160dd10f39b1afe8eb9c02a0 0
024a3410309f453c0b645ddcc51231d163cc1e6d45de318b50c3aa72fe9d8b4a 0
899cc08b7ee1ceaef8584a2c9a0a2612c5ebe1a15eef6bf0b30a5349752ec210 1
7a756d069a4681d6e275ac1ae79ff6b73a488ef9e47f7f8763ce2b0f56f43eac 0
d78570fc80276ba2adef84dc0969f5b7bd01e1d0ce9a27c20f44e058f222d4cb 0
93b31c4b04e2a8a30e7fc5f250a253b70151e0993b75f8f0ff05f6484bce3818 0
03c4f232425a37e8a0c74ec9bdbc64f4237ccce17dc8f09e55d6b9c10b2df4e8 0
665a472fb0e01048631d4260816f1da14fcacd68efb0559b9666d3f50ffb7b20 1
e80109df5bb3b2bfe664a4c80661b6dd9613def1bfecaecd3bfe73d96393fd7a 0
43c0b71a8456534eaa5f9e3cd06675c9d41f7dc8a4ddc2201f125bbea31b3976 0
d246788352a10b08cedd0184a22cf5ad22592bf999feb49babe33cc481a7da7e 1
eea6c3a6a6a877f023b5f0ebfd53493cb55573c951425b185d30a5684a122c00 0
97e8b4c7830314e7ad32f545d8eb4fcaa1856f06f10bf163c2fe7e27f71678da 0
1ddbca8b06be545174322cc40f404c22ccbc73ba290699f292da6f7a8eeaa043 0
7829f1c95eb665a965eae54a350150ecc6df759db3c786db22570bc917803e26 0
2dfa0795cdf469f0e892f04b75de0c3f4506048588b82bfa6e6c5dd2752098f7 0
60dafe4c5840aab28c8e5d58bace63d05a8338552dc4a7e407afd053fe78eab3 0
d146828491ac5d534a235b22edfe7909dc0b6f6172b46c0631ee1ca2e723ee79 1
d84f071a66ae5fb72c6ad6fbf655a7f471842eb2529b5b4de8d7a8d3f2ae5e19 0
0c0b8d3baae6a3cac0c71b5adb1cbb1d50d9d54451455c723f20b7fb265e3cbf 0
54f63bfa73402dcd8f42b91a8177935be9cfea8f8c2eb14eee9b1628dc8b2628 0
8b3a40f4f121501f356782cfc222c05897567310e8edc0a89d7b6ee7b846f369 0
a97e675f331815570b88c13e09fff9dcc2ad41fcb5e761c7f66e79ce8a0ae536 0
cd289e822faf863020781354ca20656cdb9af3f8dfa87b9d7f00817929632f8e 1
e86a2d5ecfa547ce22c8a7c5a42c2b5409d57d82beae690ee9ecfd4a381f75f2 1
ae6f581af06624be52c5df8c9c6c45c1e3d5877a76ef4a1749a22a1078b58b9d 0
f814619685e986596623262247dfaa9f45f6d05d17f9704e650bde9fcfbe9626 1
d52f546beaa2f5845f9c2f8fdfd0dd7d8f7ea17a103650259673f4b1ca5d9904 0
9199bb2f5b5a5c8058e6aea9eb024ecd3d645f5c54b1b230aba4fffdc104feeb 0
45ade834fdf2de939e63723301d21a148e900518ae2e0f862e22ca9645f176fe 0
29476d9b448c732fccda3f9cf9634811b1ed3d7ce5928dadcbd6b423de005363 1
ca8b8a020cfdd9e705817d4531c74684e952008738cd3d48cdd3ecd8812af981 0
ca0b48337ac431703969a467af9230a6aa740f26def7f57fd6085c962be7a775 0
c0f12492523dabe783ae8ae4fdfbf3db066d10dcf727dab36acf5ee1fe55a963 0
df0ad752701663e514e8035839f4a38aa4a1755dba6e8290d86b8f859a6a378a 1
a9271fc8308f6d9788cf0353e6f38f0f0b2501b88271b0a35756df9704630573 0
7fecdda7278751b38fcb737041650b15ebaf747eabacad5f7724869a4ca51454 0
8c0de35f386b685645e1b749ba73f09f7cf963916ec4acdd9c9a3ad79a083952 0
61c2aa7bd386f7a746400cd22a4b820fee25dfc66f3b9308fce73a9e827aeebf 1
effa1d247ae2dbe829de252df0ebd4807296a87c169968f34b2444764eb9fa1e 0
e132aea7ecdc2bbfb0bba98c499ef51b478cff5a37df15bdb9f3fa6fa546fd98 0
90eac9e6cb2cf1a7a1424b0092275d37e0d0e6505c776ae333287dd3f233f546 1
2712603f97821e4eb91e3d49ac884b7065584362170e7aeadad7b0f17d92a85f 0
771547609419160dca7f6fb3fb17122aba3a7da8ebac9873d82165af2afc8041 0
5fc8fd9bd4b8ac33cacc5272be49d6127686e2fe17c8e0d15fb24f1b56ba6cff 0
e90579dc7076875948ca1fe4e53b0fcc2336ea1cd07c64ebba411be208365b69 0
7583137499297ceeb10c6ee5d62aab79cd5b372630645759caa4a49fe4cd4339 0
d95d59ed4e214c4b55cc7ebe4c67e8fb5abbe4a50996edd90ba31d2811cd2a98 0
150713aaefbb9a6375a8850465773944f80fd0d66d1eb830d65527c5f8034031 0
0e1d1fd43e5f1d552fce1d0e05f50197111b43e2cab0fa421a3367bb8d9611b4 0
a6ae17ea83618a4d3e86159a3729d20b8c655f53f36284b59853256174412b7b 0
dc1c8d81a55b681cf1ec8890b0d7684644214b512999b7281861b039d4c05b63 1
1e5ea946ee5c3b0a1a0221ea5278457f784ef757a24656c549bb5700b49dc2cc 0
74b34fcd912530464a99e226f97fe6f9d5c7a8ef2609df052a667bc42bf9bee4 0
aafe3b0303d1a1e5a1a745d0e2e572dbef0d913adfb43f2d9c230ded57a9bddb 0
bf1e7a814232cc7ae3e94cfe730a4b19125e8d485ec6c12426167828a29f799b 0
3a6c2bab0727432097c0db9d2b150a42c2a26e95ba63ab2547c4c8cb350e7e4d 0
08443c3d9e03681455d665100ce5f2c3a25c63dce15498bef0b0fe618100e023 0
b9044625d2f9c35f84bd813c5108b17ef7ae8ce454682773908d9136efa61e79 0
7804e60067295ed4f73ac19d31fbf31edb2c1c261026e85cf41bf420132cf1e4 1
24f96c256f16939c2de2aaf40b45d31f9cca985ecfd629811cd7ec69a54a32b9 0
392746329329a3f338002a6b1f07c2ae8431570ab8cbaf279527639507581f3f 0
3d789c1b55bd07be5f7e04a30ef2f0866d5df4c1e1186b55ed79952fe56b0ede 0
84fd611e88d2ceaa39ab9c82a025801cf90eb6db2e76761198b38a584fd5f896 1
c33d850e4230454727644936e922e0fe2e729f850fd1fe558603d2bd53ace01b 1
0f420f423ef094bf9855c9cce689722715bb9091f2e9a2a598675c7d39570860 1
ec9ab05955b745fc921f80b3536cf16a705cdcab62fec1d8bd12b3ec7a5c092b 0
1d1b076af874e8a1f5e1b7dfd7b66a351869a816f79933ef7b63a6abbd46d7ce 1
a8c42384e499936d9064d687d597695930fca8f98bc4eb36d203bf9b434af063 0
f3d2cbe80757b1c370e195228cff54e38809465bfea682562635d47ad38807f0 0
4bd9f25aa6854b8a31818601b0aacf90a809a2c077d11a3f306b0eb938cceafa 1
30344c516c01818968cb8e664ce72c03f077289fc7e4e59fcafb7b1d88be56e9 0
dd88f9d7639adbfac3bf21d8c4ffe1ca13b28c546854b6511581ed0126f2cf3c 0
95a2fcdb2ac8e190a27caa224566b1403a194a20c4af9c804e019c2abf9c08f7 0
1fa2f89f2cc43011f8118e3a6ba7c17896ffbc063f3eb6d27a2b04f0d6fa59fc 0
21423c45e5b33e7e9ade65edcd791291b3c71c7672383df9baffa1db0439028d 1
5b12b3b0d58bbbaa9a791382486cdb0090be53cce15d1d61c5099fe9c53a8ae3 0
9fc7f878caf4f742016438425a0b169e51cfdbf967ccdc8c968b77bef3baa018 0
0f4ed2a04b8dec7fd4f4b8762c067dc751170738e3fcc916708e13a48bd4eb23 0
4ca464d4131b27fb992cf01791e18d02108526041efc236c5dd7b905ad9e1140 1
c5313848a447ab8065307bcbacf5cb6ff433e82969befa8c135f0d1ace029976 0
6eba8c3bbec7f25c31dcf3a180225be614e6c960842b241a6fd9718c1d2d48cc 1
29648e0209624d1823a840d6565693e6e34a830c3ffbb5972b820f42f20888ef 0
a988a68a4975ee066c10988775f003320e6d4db13b8a01d603709c0a5f30ee31 0
5673c8cb90d59d64df415573c9a0e89ebad684400745da7f5fab7c7e2e854036 0
ab12af5bb05b8f9b457d5f78a244049b8d9cc8b775d36a3fd45bd33da9402c6a 0
5a7d72048b7dc24bc70678cd6ffabe0d3ccaddde565dda18b55cf1acf91b60f1 0
036ddc2c10ff253caa61c5b9609ffa0fe7d9d0e3bb3c3166eba07a6bb57c06a9 0
28eca9e9534b26aa1675a45f635aeba9c445b5692da7789780f4dc22cbe7c474 1
6faec0b86520d06be62c4687ccb8af4d020251192705a1b63f9bc77248acd578 0
c87a92e634a51e7d12478afedb9b36ba56f12710f120254997c06de889285a8c 0
2dfc942059618624e46410bc0511b963649bbac38da592de7b0ace25afa3fcf1 0
d6ece20ed88987809f6f104d3f25c7df6dcfc4d444c90a595273973688fb80b2 0
dbf23177142a676ff95a766dd4199a2af1da4a39be8279d366cf0194158be65f 0
887622d11fc345eb253cc5467fc947a3b595877c497584dc68349d14d58128e7 0
902c3b014edc6e18fc8171264344a76f9d04e85b3a676983f2c3d4dff1ab7fc2 1
8148371c6f3a80b3d0a0732e51c5c801d5cda57040ae86c6e3cb9c224e4c9680 0
b61103e877da7b8336d85653acc7cc9247be75204b1e19e7a01d043467a5030c 0
bde218b01b176a1963c8499aeea098918683e1b281a9d46e2d40f752ca18c6cd 1
59e5df997f7d63313c5a3181075845ec2a9e3f85561d910fde4c573bd2816632 0
8f20fd6cae479a53b10cc9c55cb6fb1f6f6d9fac768af517c6884e20fcc1d726 0
0e266719dd3bb656ff53683bba55f760fa452315ae64e47805f9e13a4e453679 1
2e34c5a2179334488c67351eeba8c1023628a9cd38ab5cb97cdac400491e8f92 0
d11d107a1123b7730a144a54566e9d38119a0466eb852823c440ef841906ee56 0
2deb350b532aa865faaeb0e1c810480b0785764c71164f568aff960d7c595b5a 1
99c9f36c4d8e0b0ea1401d66c23f8b583bddb6a4d1cc483a3ca74a840e196560 0
4e46b546b2375ce36493d3a3ab55db0078c39cd0da1f124453ec303ff1765f0b 1
0b70a901ebac8a7fb9f6147f32ca36b48aab0c23c96903ab4f711828bbe6002f 1
89bcd962110372fb68018fdf7a23c8e6668a913c974bc5bd1fa6ab32abf13ba2 1
624a7afb15b598945dffff6352cebf61dc278d662cacd6408330a27f6ecd146d 0
0bdf4b107b1ae7631476caff8617c4bb112f7cf70e1b325932f938836b4d84d8 1
7722e077b4a04b88ddcb9b96a4ded4b82cf59602c07e812ce6fff88e2ea65ab4 0
3c49da9cc8534bdcf47448d5cd2d6350cf0e24f2ef9c5dca01d5f3f7d707a2c4 1
f244989230fd6ccea930b0305cb8d70d1f45da2188a5ec9650c51d59c43ad5b6 0
db8631ac7d3f258742768441515b33a03ec62aa91559844f66225846b9a838f2 0
f3de42435eda9d9230ae650103c2e75a41e2c8fa73b9d50603cb94f4afe036b1 0
cc4e96fd97a49b89004f575c588775fba6d71c03c0e251d595152ade98cd869e 1
e1d732ec96e35156f9cb6197d9010513d275d1b88e328ec11515ae439e6df995 0
0e5c95720d3ec2a805ea6832a82eef69a5707891a55b8c363080602d72cfd7ee 0
c0af570059b9e24d792e990ba63346744f202f071cc8f39937466615c5fec13c 1
3c0bcfebfb86eaf3a2762a556f3fc34e3a2624ee1ca2e68e8725867b3c1d47e9 1
19c484cf71bdca260f4ae7f259d0a449d028671ae82ba922750f3a982e49f185 1
02d51eb55e245997b393b5724f6d7470f5bc5e0d628e0192e27726ea077e9381 1
fff386092db74b46929f51a8e890c7d230f24fa3d023a08a76423c85a7dd1342 1
fe0b511d34041e4f4ad70b7d585732e95a2e184c844a455deae5c1e3706718bf 0
49dd9512ee1179c1f4292381aa2bc1e6f037c22dfe23a8280ab054b0c4d68fd9 1
905c6e3c83cf3fcfca43635c96a2b9583d5c15b7cfcbd1b6373b4a92e36fa22a 0
ea4ca3717f48f93c77f85d046794bd187324281b6cf0a37e33134dc86bda6d28 1
1e2c42e0898a4e33fff4a8216b04af6dfd5d925bf1cf128c11401ebe2e86e2f7 1
2099489eb018254f25ed0fb7d09bfab719f6011c41fe4e1d982e30eba438d42f 0
9c4c6738bf9576185baaa77cb6b05f3e3da35344feabcc1475927c947d8ae6ac 0
9a000e7337f8ea048475185f60d9642b7f3fc990bc4d57deffca3f27a2295e28 0
451f9eb8d0c7c362cd4bb95232713fef6a884f0b287001ce965d90e473b2f45c 0
be65f225b09af4128b76353dad24eb3559650ba0a7dafea03da502c3868f4598 0
c7f3a992dac0a95e12bb65622df4cce7f1c487461dcb484492e6d3a2cfb07e78 1
3847d6249e4b9fa28189b21c4b79cd44240b19bc2d39b1138c1bc9cab118cc32 0
ff5d33f3d273dc29ec3396ecfeb075d59b63f672b82d8b02965fc9ad6da0d4bd 0
f5d708cdb267e974023bafd2e6df857d1ed4872161ae21801956ebe5bddea89a 0
c877259f1ba9920fd821723494a26771f4cf543623b8583cc333d07c82ef16c7 0
113d9ad3709054c96c5b0373e6cdf3b34284fabd1f07e3508cf3c5ee644303ce 0
695526d981b972a04e8ce61089ccef12e00e319c122f57420e71b6d1708802e5 1
0a9c565c2adcd4f08e7457e95b2ed23c0a30fbd4baac962bc8bbbe60f90802d0 0
fb90a2a3c5c34a23d722259cd42c07936cebc51cb3be90b1e4e57d152256418c 1
5b6fae3c9ebe21f5ddab368d7aed9c5673fb97af480cb66bcbd3fac41c62f608 0
a7bdf81e7eabad41d53131f92b11085b2a474055ec18fcd40342b05384322a5c 1
4117ff3589c5ff0ef1fd54f67089f7107d30b2508159bbe925bd47da157032b1 0
5fa42cb23674850c130c6ed194899c99b833893b1c59fa7e764caae0e47d34e1 1
f84caf4095e731a1427076fbb4e3e102fe2b092cb09c4cfa6d581e338f2cea21 1
68de7ca1166cd9afeeedecf1b7d9267dc4304f5fad0619cd6a0b89968269dadf 0
48425d2f77f2279a8e96f8812eec561dae1a75d1dd3df69e1b6dad984833c9a7 0
8f1399caf63e210d135fb6570354b086e0bd6118b16d54d88d20a4f38de4418a 0
ace970b9442a1767bd30b084078ac66eb2f1f72dc3c01bd1668372476eb6e899 1
fc62221c6f33898a82882970f938aded1e27ae1ce3009c2d2aba0162f6f5a9f5 0
4ed33c1ef3abd36bb67a14cce65e9b1c968f3642dfdeba1f4e498018c8a91df8 0
281889090f18933ee682b0409c3e048d378ea54f1a16f8ff165d6670cda84493 0
12bfdc0f3cb0179ef68f64ae18ecb10471af49765abe0fed836e1da1e4bf86ab 1
9b469f946860662d229af7ebe02e86be6ebc9f7836166b20cd53e5b7ea52dc4d 1
1c34f4ec21381035c11cb1b1afea168b8414f1b186ffdd39ebf7a97b79afc7dd 0
2b7940db2e52bd012973309d84552332a4a9bee3487b4cfc5829917935046c4b 0
00470e323b1f9933522d78e12012a0b6a5d9692bcdb6b02a38ce0e94538f9bb2 1
bea6454e95b15216ecd193f76fcb08191ffd13afc8e6fa41131216289d894d5b 0
0464b34b765fd446e890988f6fd1275fd1a553c36975ebbe40db8697a07932ed 1
cfebd19c2baa2a6cc0b1669518def51a0126399b169d096cb69e5fc36aa7a949 1
a7d1eaa6c91a23d70e9d895c8f25b9591fc89a54e9d1f67eaff407d28e172786 0
62f4cef65baa97d1d944a72038512b247d1c1eb75aa4c327f6a2b1964b143ba3 1
49f6191f74f8cf092e702a6cc78e30f0f527196a815bd3ba001835387a1ae037 0
352aae8d6a79f8eba1966f4d054641c8c75b2169b14fa9c544be43463867d452 1
36aab69885d6a832443aa2cec1900a0fb3832ecdb0331f000b761ee89ef6ff38 0
102dce2b3c77defe525835815fe02cffa4fe3d2b4da7f0923793cf3056fd84bd 0
49b0579df0d723a98c7cbde61ded6a47b14fa5c041c17b1658ae942df629f3dd 0
5a26e75f3ced8a6eaa1cc9feb802e143859ba04f55e8fdd43a6af78052e71afd 0
79c13bda9806361460f0f5e0ba6337a7d21e5f679e35c837e9e303fd6844198c 0
828c6b65e4d6175e9bdf6bb9b1714f07f9f0827e4e5ddd55b70be9bcac9d6b7c 0
6f137abbc1854bc0b75717652f7617ab1ce75613da0132ec2343d3f2475b31a6 1
7b296a9ed46e3063e9f99e58531eb6937a7438ef2e9dc2b0e0c9c399c40aca7a 0
5352c46c145ca85f654654883058cb26bfe9b68e14ef9136e6ada7539d8657bd 0
71cae6fa7c838a183b92b7bcb4cdef5ad2d3b5798a2e98cac11502e9de6da271 0
9041c39d773445d346d14eedc5f79e60892e99ba0e7dd36fb6bd652d8693fc22 0
a3a13284c78d0b70c30c49713085b2391e530ddba674d727e6d9e93361a96162 0
052d8b778cc8fb9f8ee0fac7d782c16f9ee1e1565d8ac813fcc8acaa46e259e7 1
7bdc32464813368c641ff931c868361519ac7284215b214001375a7b2c94f035 0
74ebfd32e3835beb7e168016e314ab502ab32a8d758d9588c56b1640a4f7f292 0
5eafa94e3058ec160b77145434fd75596b29004dad3c6da20f1ccade09a638e7 0
e92970f2887a086e9a5914d7f314ac88e34cb7813a497a2e8f85dc5056e54ba8 0
59e3cf2eba73fa25257775770a91b60a3c05f39364a2954746d0328c5f436365 0
ddb79bbbf2a9b610b2a29bb470bd2b471808d490b0c380033e56405ec2754188 0
057f8a4767c42812989c97523aa9085a608e1b64b707dd34d4015fc06bfa9529 0
e5e938152e5c3b0369f8827f0e5cef7a439f690e7f7c1c3890bc153c318582b7 0
3fc373a2b32735e01dc8e54029368ca3035a07c20b49048c035472ffafd0b4a4 0
9d4786b6b1d658b7dd203143cb9ba9f8d9f135470b23f6ad8ba4f0ab927c5742 1
c9a79a63d55106d14f5c7edd9380a6ee0c731c886b2d68ee7dc3fa3a8f9dcb6f 0
2c0f366c6a352f2b8e4ab4386cc530b9babe4d4bc0d117580dc2819084dfc8e4 0
ec5e6e2515f023243de424bd7bc03fe98890264392e69754820c3d9fbc602296 0
7874ebebc097773b91038d6248e227c38d47a766cd960749c0f38aaa0e6f3337 0
7931b0a60e1527697694acf938cffdf2439e7d4a1f0d61a5eb307189fbab4165 0
a4fc7f79754e4bc5c8812f2c1ac2993b2d26250b87e7915960c84437a7b26325 1
ed059f504f18e4b032e42d5c85e77738dfd6ffcd657b6fe8b0a882c689cfd35b 0
45cb9a5368c8c7842935c0b0b1a5878f84d5f6f2d81c097130b155b1c1a4a027 1
ce6dc75c0dead829f81ec8d038b6426d0a51ef5fee0ead8a361a43019d026cfe 1
882f763b70c5c4ff5593c8cd39367e2a71089914197dfe511a374f9f5021f678 0
b2ce6fbc96068c7d5da57d459bd947f5175de2e48b16b50eeb016910d336499d 1
ca86a52be5fb57a5daf6bcb32d076702498a8be0f0d3adbd6228ca03df28d2b7 0
32492dcdfad02e1b8756d3483c76e14976daeeb6152d04886920c7ff9cbbf7f9 0
4c52567a8f5a6adfc3b6611b817029e1940e83b9ae4deecadb41dd841f41479f 1
6951572ddbdf34d294bccd9eefcba4d6485985c6cc2c631ca06b390b2e04afa2 1
4660401e955cfd24e7ab9a9b54a6e990d411a5849bfab279a39493c86882b01f 0
8dd40751a4815168b94491b46576b8b54381f4320eae8a14a2e7bbbd196963d6 0
651b11165ff44a326cfdca5e7fb3654666025eb4b54f0129eb62f542194a5d8f 1
d98170c10bee51070e2968d5d4d86f2b992e6d62d20d1d362ede87a3f566d917 0
694d1414efa00a676150e3621ea5d14cb9145da1140c6f8c78321fa6fabf8c2e 0
b5c8a15af3d8b1d9a85a706a3ae250231c40f45f0364b7155dffe77a63af602c 0
ea585611e2123bfa3b48596e0a21397d7a14c76b028b5c7bd62260e0728ba611 1
ee735bdacbb310b632593f4917f41d000869c9e620eea7cafddefd8e6255d545 0
d2d30452a935827962aee7abf4bf092a4f956f8b95927ba1d10266e8b2fca1e8 1
e94793b477709e5697a60a8e24dfdb06c1a78641c38d1cee94483a49210b1d03 0
334f4a3634b184f1b6e055094bbc15d409da08285b4c44cbcdb7082666ce526b 1
b5fc5f8b9eacb5420dd64694e62ee485cdd446fc903eb27b146e5d82e308f117 0
3e94eeb9902f1e3c9dc1fa2c1531146f1957e73721e894c21c5816498d59c422 0
d77c633b9714024f925c482b65b98d146d1a8e9c7bc00c6e8f0a00cc336f97fd 1
758668f39b6419dcca7fd4b6921b286f994772357fbb7b60a41159518ce1f74d 0
162ddc817b61cfe5ac96820aaaee8b088264ba301bfa8da586112f5638687f26 0
02d9f1c16bf9bac4f1b81961a3e48a655a10e651296f32210ca93ebb16561802 1
5d5fa987c6d39f7ec0820f18e88061c8906f2c696ec16b57eccbf69511a88f8a 0
8a68f5da4e9916cbc83a57ee5745339c62328b307a692590cbcf1757a9717d7c 0
0858a7834db3375cc2d2fa76ff978c24742b3ea20c1f653c8a64dfdfffc886d1 0
678c47427db342f8cbe081155c95688ffd377f642817522561cac0ddddf62984 1
7e562304b347121c90d77be0cfbcae609ea968152912b23157193bd64a1e3b3b 0
eae6b57d642b2071099cb1e05561efe27d74887fcc0f39341b7304eb8057af59 0
3406580dee78fb20bffb1a789023296a0b9e7b2f7599b2db3f6656d31e38b487 0
6e859272372922e8537c81592c9c82859a93a53f7a38b76778868771af354e4d 0
e6f878d5be56b0e506cb47b431421a558c5f4364f6700ad7e83cac58671886a2 0
ff4b907cc7d919be79694795b31e29957ae0f248100daf6c8a5ee810d1da7282 0
087ffe6562104dbfe9fe429dc85c1edda6356dc652a2df111df1cedaf92cdf03 0
1c58ce613bbae5775aca3ec8b2a184c78b4863f5ea42d2ba154caaf6cfc41d01 1
bc9cec20e592bad4f2ef83572fb07ab7e98cff8e6048dc2632666f36190a83b2 0
8d2db3cb058168cc3a8fbd370cb76182b82c6cd7ffde7f3b5dec40c7dc750f28 0
5b09501b25023bd5ef2c69f840bb0a47705843f975e5ca9fe96dba6f73fffae8 0
fea2114e48dca4a162801d3ff5915d968b708894f3f8badea5142fca8898a670 0
fe0e5a7538ceae8d467b8e79c232b5fdef9614e07ceb2feb89ae52fbcbb97704 1
26a3a70da06f47dff8e6c084ae83f59e736e579f96387a9b1f8cee11bfb58ff1 0
e626508579c1b316c3699dd7aa3e15fdc0369c154d8cb1da3e5d2e9091a30a1f 0
69934f9271c0d414e568c8148411f7501d066b941ec7ff0a26142ece49d67d05 0
1f45b0d3bbcf461360b8ee5819539b51836851d4a4aa050c0c7d96623e3a4556 1
c351a419938d420c99b4585692b97dbe9f7a6735e638a5a767ae6baee6fea830 0
952b5bad0dd99f1c1792b303778d035b32b47de48c8fa9bd6da9b51b735772e5 1
837cf00d1bad01fd549b5956d7ea15c3f607baf8a74c24350e6c9f43d98e38f9 0
c4299f86886d31db426e95ec03118f815a89c7406cb5162a61d72f80161da52f 1
b3162acd705f7c77fe84f3b673c3c6a507e4334c034d84b4508541f428b15545 0
e277bf50292a49933b1b327f38ea22dbddb74cdd7c63e96614865f56fa74437a 1
901b26e140ec526ad1c8d16aeb7d8fd69034cf69c6e8cf7771f36e4cc5815350 0
b4f85f33c267274a7379e0c9967d0c6ccbd85c5fe477c800f79ec94fabc647c0 0
8c2d23435c8dffcb358fafb938c37227440e2fef897c27e6e94800bd2ad6e9d9 1
99654d5a1337efb3a76678475b4bcbe1ab3a92a7aa07cf416f28fd0b527e6809 0
fbb09a1cf3210809828f4757ac427c1a76826822ebe7c7f95bbc0d31898a3526 0
4f382c7c459d6ef9197011201589a1a790fb9738e0cf281c5479f678c853aeb3 0
5d882123d60b9b308fc9ce3ddd5e0e2cf4556ed7be6d1737efaa031c4c8a2cf5 1
dc4ae8c6dcc220439589b1e196da7aed73c9c6e5caa7c2bac71be0ac94197644 0
8c1af441b484199bc404bc3d1a05f035044d386971a4439cf9d9139baeb03fb0 0
de3d1ca0861e532deb70374c0ea0b2daeed99fc0f7ae4556ba29e4ca654eb9f3 0
9dc1663ae0cd560988e07ab3c3d2c88ef8feb5fb974d233adbc278825bec0409 1
6b082fcfa9a24c7ae14c23cdcdf12db70ab24f4c88dec48a152a6485cfcb758d 0
f96d3ba9a81930a3edf182854dde4f8c0526ebccd39daf0756622e86427f2c6a 0
06d2e7470165c40a01b0c81e0ef81f59a40339ce5acf8dd9a90077af519972c6 1
7836d0abac194f6c8c2ca9add13f57843340b222ec832c7d5819b7a6adab10d0 0
c4732dd203602c0104e4cdcd97d77fa9178aa4e0649f1271dec5a2e825d6d15d 0
7035dbdce7123fe225d09895c51766bd9132a74d810c416a44ad722ff5733224 0
01635044ad58a9fd11a26653d15637c93f43fe4a46e84498ebe398944e129387 0
0feff051df650bed3a7658d238f444a2d707ff46be83fb719bf943a5bc6e5d42 1
636e5a64454cb4ea3406eb6cac4dbe4f581a2cb436c1f307038fb65a62cb8616 0
e912a8bff55f70ba48d11ab0561ab5783352bf6ebb1e65d26791a193d7b540b9 0
eec1ce3e88741f36d6e7585c3b47109db3a07d5c1f9feb1993dd42ed491f34e1 0
e0e26196d0152f5feac5c0e488635f00857d5dcd8eede11c38def85e3b6620e5 1
a8318f022b0a08032fec7ba1fab7e54b33954f444a4ad1da1e94762a51f471a1 1
7823f43dd62e6003f364d2c33471b559fde1b004ff09b80aa4c370efd562b693 0
12bfdc0f3cb0179ef68f64ae18ecb10471af49765abe0fed836e1da1e4bf86ab 1
f2010a3b9c4cc86e58b8af38765f3bb2c446ceb96f453d8ef2a43c524d561e2d 1
066723034feac1f80bb9c9ade9db90e90c7115ce73cd81e28690f18362c74db9 0
cf58410862da11d73ca4f2a24004307901d9674174ad45f964da7c690f6bb17e 0
786f664214affc763a2bc53919b70aef7bf60ac6a5ee570aa810689dfbd93cd6 1
db472205ba8579def86419bbbd8e3ae5b976600d2ac64aafe9e1b7edbc05ee83 0
757d703b97356234fed17112da5ecc47c9369aa4e71b159b4709fdbfcb4392ed 0
e946a37468c3bf77e676b1457ca5543ef8b45a53b6f4de8682a4d51b450a306b 0
5f554d1be840d41f110a6606e751abbe8e676aca238f35e50c706379955ad128 1
8ccd954c84bb1f89c7e3e9fd1b794e52bb50b69447ed43b1045e51ab2980566a 0
2ee4be54089e7166ea1ce9cb3f99b79526504f4aaa52311d31f95277f4e23004 0
18576ab11efdb1075dfa7763d01ba52cb46249461a4c1b74e3529013a8ae5024 1
7f56d877fc143638d425c4c92129b7fb79c8488f60c15c3abc4b713fb5aefcef 0
7e716bcc2b69f12390e0430731a84973deedd0a0d7f2228809b48686717f94cd 0
0347b83738a1356bbead57341263f3be938251ae750b191b3a38f4f27a9f75d4 0
8b2411c226e994264652d72f5f2631ff5d65e2779d3b6bde45518ff20551e0b7 1
5cf9913c89c34db4a7af70a6c91d56198fd28740c5790ca1351cac6916c6b977 0
c74c942051e182d97bca0f2b99e1f65c9063548752977cacde400d1f04443dc6 0
90a2f9b9e4e5b5bb8faee8bad9f17ebab3604a3608cdba80f8be4cf868b32474 1
db36bb4f31a3751eddaeb2a87a0212023acab3b28baa87b0ee439e4eca6b41b2 0
fd1db79498caf457aaf59b99a09a99a4b386dc5bae924149e97da58de9b11b40 0
abb074ed77b63cb1efea565c3d35c1a2084477ff5e72d040e39a165084126746 1
09ea4b947753c0264f1150b97536280f001de47fb97b08049024aa1bcb7963a9 0
41cfa660676cc363b5f4561c73d01e40542ebcf5ed58b1edf67dcdbf508129e3 1
3bae5f0bc6a88d22dcc3ef66b4a207e5f2b28f9b798585c36e6c68ed3166c9e0 1
7050dc57ed72ac1c354c29d9308c62d28f902f19c9080197bfa02a4bbaae2e00 0
9e4b87b4bf951273115d2decbaa2c3ea005afc98897c6a46c7578f94e30a3edd 0
6942444322b5de8814891a2f61f332d67e7e81605be86300a4f56079fc4e327f 1
c0b4fb6ea96132e875dfba6fc680a2aa8f0addd3c61b299bc335d638a988ffc1 0
5df9b7b30e7558c47559c11fb91453b9e35d9d0f63455d87650b054e7d737889 0
5505d86f8f688e279a4249917338a0016fb711cde11b3577b8c3ba0026042434 1
9f96945284171cfea85c9107ab8658fede11bb06effca3b62c7cb0b9e3ca2073 0
2839c9ffa1d10f2d440a8c0c253e00965ecb5376840540fa451e44baadd7ce1b 1
e6edfde4e261a2eee9bf64a542cbd95acbb4880848914f3aec701a0350f79d3d 0
5e6f8a5c2c9b707da7dd179f513aae8faac677270d0ca93585f76ce187d7c0b8 1
a54bc69f26a4c2113a5254f16090c9bd89893ace4d14b1e72d4597f6448fc435 0
84409353afa5317c5593ec3ff4c823448d28b6b790887f67d8d1afeba47112fa 1
aad308f930b101d3889fa4054746c0096f7eac728f395e7c368b6240ef0afd09 0
cab741a843ca5de748f1186693282aaf2873a4bf80de1c1846410bc52c3fcb5e 0
2c4c33e6374ae9b00d399ff89f7e3e71cb71fa253bc26c0c5c5344d2d15a9508 1
02de3e60fdb7abf9f03f15018dbdc6b92c52411f0aeda2bc5a9acdd079e59c88 0
1a2b20d358ded71c4d8f7eb2b8a12f423a93f7a063d91dc841faa2cb61c8a6aa 0
6ba5d23fff99df83818824a0d92edd15949002184025e04ed966cd96b5a7291f 1
84b56fe1f1871e38882ba87c4e3f86b1335a724be2bf6248defe10802ff6bc49 0
4898fc6a5d5afce48a03e9662774f91a43e73039be0538359f2c05eb7f486448 1
2091382736f358454f64f92b36b6ca141df2e249a9c5c7391a7ed41189e1f5ae 0
90bc56bac8d99db390dcb2b11ff57bb90944a36d9e7a81576fb5d7ee1f954196 1
9966c9ec0a281b06f137650a1a6f30640890d677653d1c802e165ba0c2416ec2 0
f13d577f7073d29b73d43692ae4c012f2b6061dc32f05898b55f009c8e134a0f 0
ba4375009efe718fc3af2df354d055f8e3303f5af9dc3471ff99169f239f3122 1
337317381e2ee6c5111e180621dde6085f9d244f8097abddf85de567ac58778f 0
1d1b076af874e8a1f5e1b7dfd7b66a351869a816f79933ef7b63a6abbd46d7ce 1
e036e32ea709d46af79820cc6deec35dafdb3017315f459f759ea34cd772c143 0
f876f50d0403f74e412e7380c193b96e267ba4fb7bad522e94afecbbb435fb4d 0
b62a8b4192256158cd323cce37c6b15719984ddd50891c8a6d31858627612063 0
081337c0e63628f9f98008589084b93ed3973fa62bab7a5c06471f5c23c14e0e 0
cfb610ded07cf3fd260f2e217816fdab03116a1750851739da22517a89c8393d 0
07576c7296a3242b1f0db88042e1fe0ff85e944a2df9e03c35252fb079c57b55 1
c8fc60220593d95294b4969546227bde84ea1e4148eac682fa05be12a349637e 0
1c825de6a8fe9ff03bc5c52b51df2751c1035a283cf6cc1ffdd58b3f552dfe76 0
7afb88fbe35f7a37156fb592a35c64b5a3476bc828ab30ae671c5d21c9ed7f4f 0
b8d92bc7fa2048a7da658027a67a245a4652de9d10c69b1d65018437046ed726 0
b0c2ad5e106f2e31395ea7a7dc08fe1f27435336c8a33aa9b26fb7dde1594a52 1
f59b01c2cb6194efd3d5dd49ddf18056483542b79094f5994f1db61eedbfb275 0
9a04d699fe5699586dc5997dd7f979497d3a47fb73219d84aed9ef33d721e6b8 1
862deb1ea7c37307e5043d5dada642df02f9f1683680dfbc89dd2b7747704a1b 0
df67c092af67c79b3c2983714654cb7392d632675f65156cd07c767de1791969 1
99c9f36c4d8e0b0ea1401d66c23f8b583bddb6a4d1cc483a3ca74a840e196560 0
ffdb6ff9e522d5234ee54fc01f7e63676e31681eed58ed9313a420f6cd478fa7 0
9edb894bcc4ee8adab9bdd1a570a3d86963347754c24002ddb9eab9c0bbb9757 0
cec26e3d261b86f98f91d9b31faf28fc58fd92d2946d66c9980b3dd895c4fc08 0
b1ed1a3c5aaba6569dd06275c2d379e8f9c5aaab8312bd384df54e3416fe665b 0
16abb1562a59458285501527cbd735260d0e8283b4bb2b66b52cf6823818193e 1
6d13800fbfc647a8574f8c41fdb63f05441b85cc79b63d9b8d9023a840a4f811 0
d43cd3a124910e92345439c6d93d98213a84606fa76b9c1a6a5cb2ad80baf838 0
6952b835c7e6b1594233dcbf4a382201b2644086f0c71d4211fa9a96a989265b 0
6aea4db421bd2503d176c6f3f7fb322ef68c616929d4e98d259dcced1392a009 0
457213d7734c6569e534e23ff6a0405ea76cb0cce57182383965b4fbcce62545 0
3b10c2b1cb9a3dbeb3f9a833700443f7e2ab33111bbc37ac12b13473a46588ac 1
c99aa65ff709250de6f79646b723ed0e107eaf026e6f6afcda998b174e5b2a73 0
5a45f0d9c7ad05a9afb2e008851e41132d7fc0b063a765106b25e15bb1f727b9 0
6bcbb041ff693e09d0296290c27e2e0079e3bf74a4cf11411cb0b10be4cd26fc 1
3daf72a1eaf5e383016e2b688604594fc438230e9ad209e3f852aa8f7386b277 1
b79dbf0facb3d817cf16f3e6aee2f82a2165fc7b81f6d06414ffaa711c9ec6c1 0
8c391c40798dc855f40edd59ab7efd6eaea2e06e1f59985fbd0835d4a46d0713 1
5b33ecf4d0171cb10b5b85fd158e5452092883157635dd7c275cbf13a9b798f3 0
fe29bbbb5e9bd7c54f8c9a41709027fafb341af70c293e87ccd63f9db6c5dcd6 0
e8c7d87a01e69ecaa8aa9abebca7fb9bf9dbe34b91439ed2b762b58f8503c944 0
271edb96a4810fd500a685ca368d40b258a7c29dbf6bf7d329fb55505c5c8f5d 0
95cf9c0828b997a1495051355d2fcdd42875c25f5a86e91bbca24515e7dd3b90 1
1ade1c1d77b96a3e37fb7d41f4182c0364f8fc62cc60098e3d1930f97f8b119c 0
727f8756bef11eab9f2cf52fb588400ecb42c6d0bb72e9f1d0dbd4222508cd0a 0
2f2478bcacc18b942075560763e73835524c3e66de68627101f2e7bc73b076df 0
fbef8b8c75d691cebac04acdaf2fc78c5e88e55882d341d96e30e104052bb857 0
53b70d3e79bdbf9597870e2dfc4c40c441f8c06145ef934bf41a95254ddf5636 1
c6f372ac29825129a9f0be3ac632b399fcd239ddb72b5617e40f149ac2abf7b0 0
086d02d44f07e922b5938730ad2dffdd5e0ba39fe26198df3802798bd1df0164 0
619d92c267d69652b1acd9b11c3d740041c79632475b54ac70d00ba29a857cde 0
e75583fbdfb549a1ea90a4646c0d9ced075e4cddc2499529e594b7d15481f33c 1
3feee8002081347414daf84f9decf5906446bdaed159e071940a3ded69a88b2b 0
e86a2d5ecfa547ce22c8a7c5a42c2b5409d57d82beae690ee9ecfd4a381f75f2 1
62bd1cf6840eaa4166b947558c19cf5031fbc3cb78f2cc054b678f072f0ceeaa 0
c21b0c5e8e580d56d744e67d4b6659c602994c2dba4ffc5bf808c4f409854586 0
1ff7dc8c4add8f8d7f670f9317756aed7f9245af0dc02d371bf67c6daaa96c43 1
e7ed2966f9920d1f59791ae07130bfa0bc121139f73d66e1dc06608fb00fa4e1 0
e95b0187d9aefef74e64211fec661d4718da46691f6f6cd874667703778f7be0 0
a2f7814232bff9484ed143af57d7878e799c3199e9f7ff3eda2c9153710ea82f 0
00d29dbed2d80296b3cb74d2d6f8ba34b515d73502b65793df13ce24965ea6cb 1
f45bbcbdd466c99268719628e66d1069f01e9972ada068978f460f4f8f1e5fad 0
8d5d2dd2f525408bdf6bb6d680bcb63320fdcef0f137c34c17c28e4b98339279 1
6a8c0a08172e98f8b6c25e5ce752fdc3ae79d279fa155254ec20e097c412b51d 0
c770ca7afaad285ba423c347a007be38b5addf003c4950e47091d944ad79d67b 1
df086138613932aebc5e0af2f8785fb594ac355bb31a748d906e2a4055fd8267 1
4493f3e69e62527f4c6500f86028e0940ba8d3ae6c8ee507757272c9ccbb5af3 0
d353a341310b36cf079ce04593e8cc4221de7631874c24c0f017194d35f5f14a 1
b09eb0f88e821ce0b1fcdd08ba95e5d541abce1d93767aa8e68cdc94743029c4 0
48087cb1a8ae177154b1a162b23888bebb1a6c7e0cd99d9530853f2613a0733a 1
b69d34b91a6b4d66c6b2383b3d34c9ce72666099c9000207331e5a95132f038e 1
1cd4e04388802e4ed7a6f5602c01e7b456d903e3130ae27c1ed51e7b55033312 1
4d6522ac2f7acb10f6bbd6c8c11ec027d0d03b47439307b88e458bff97fc21fd 0
b8de96e118625dc450855dcd805100e51dd4738d9b6f82bb6d426ed8a830728a 0
374b5c09670cfafd1c3562cd9667e660f48f5778ef2159b7a7246672d3b930ed 1
7acb590558027a0fd803e3baa33d0d3f2d9be921ff4c5ca98dec2bde473ab89b 0
45219a1d8df6f6c87d7212876633af7a18d7f2f445f6663811120e25bb9f5c31 1
94c6aad6497066182490576a6cc0674a975fd4e25a64e37861f6ecc2cf2de1de 0
c2e4c122486536b99b96727be8c880a9d3c086beaaaca37cb1e979db21c983dc 0
04a9650991b6c393736073e0cf854468695fe8b4fd3b4927ef7ff70283ddba60 0
0d7b827af6fdd9425ed1e96ea2c63b6889309ed0808e181740eaf7b46148b362 0
37ce302dc0e777d5b4db41edc525eaac81e329588f2f1bb5df516879ea2b4434 0
c44b0a74873eeca61b36b7257ff432bc9cde890ab5dc4b9dbc99f6362f8f5412 1
00d7b26f815ba39b43f19e615ca0d432c3441a99d3345ea2677878c82e3e7f1d 0
f1d2d1bd8bf4553320b131843695a4850d9118c6c13d2aba3682313390d215d0 0
a4dfb9fa7de732b00242072054e19da04feb683f7c58f02f167f01cfc40cd35c 0
df59abc7812d307b859abbbfa9a0f7ee11e9e75fa6f15a5331f308856319a76a 0
13b3975a43c90d7c8826d761e883f8be332f7925c341fcdb639863a73786a6ca 0
f67de211053a31111ed9c03f1a408fe87cb83bf4971ecdcb2c36b31d40d94861 1
f5196ef466f5c49d5713135f498791917021c6935d6b5dce870227968dcf15ca 0
46cf5836d2d25ec40d9a04ad008d3eff59cf2a835d418e8825744a327c366213 0
1451b0b3d92e23ed5abbb05d0a391a9b0d50e2890efbbaac637bb7b9a2fa5206 1
868dadcdb67625b4466c8787b31372ffc0fc21705825b0c672581f0e162bc822 0
9f85966334aa1b8d5cfeb864c927a89c4e16d5dc56b4d943fff4389886b8ad83 0
1c00a3d4c2bfa9849d2f9791218b36a6a42ab4fee8fbfa218f61b59bdc111bcb 0
c6b934324353c78c70ad3d5ad5743d8822dba512b49108c4c2b5ecca0488de9a 0
b42aa7fae0aee97fa179943b28e8455ca82af1800973f83ec86dfa1ff0a3baf5 1
742bc55ead3f1cfe196d42fd20d0f417d3c286c453be482a8fb8666b0fbce3c1 0
d0b6cf39b558f967bf69a22638e02bd91def1fd43d0a2e4e42844b0a74325434 1
f0d3529b54a1aa0ce72c21752230f8f1e317be2c16e933eab12bcb1b6d6d93e3 0
8cf1dbfc5f560955db6defbae4da162f2cc0e05e1f6c2359a67ce19f670e99db 0
1b9d02f6871f9fc4f2fc682ac9ace4a20f967bb7cf771c948fcf9c1efb1e6fe7 0
d7bef5d40a3c64222d033bc73874bceb4f174a225cecf8ac1e47319bb778d17a 1
65c2470b8e55ee0eaa41cfa0768560ce48a74c9b8ea7a4545707cbe831943e14 0
06836345d573352532f8ad037742fbb5e0a44e39d0d302274545912f762fe655 0
b95f56735cbffd595f559c9544bf8734218e027f817bc0de3de58aa78441bc18 0
ad209cb438271cdab1ab10a9fa6d610384d17c703cc81719c9471c41c9b9827d 1
432123a16c1a2a5d7dfc402df4d96e5551dab7d538a1672b784aacb5494a04b9 1
fc92e902946183c315828cc31f0513bfddffe7bf8eaa2b78b15fc08590a5cbe7 1
549bd11511e0ec47303bbdd0f2fb4a55533aeda750149371048f7937c2be1339 1
5b21b175554585f965335051064d88d61fd13103cda6dd427596e4599d21401d 1
c8d5048493ede9441f68a44e340e84a44d8d67d477199413b21edc3758cd2c20 0
d86f2b2d15f8c56348d322c5ec28c4e1567683c1c07ad60749f1a852ab371634 1
0353a930765411489f87c9d0ec9e141819939717ff3d6d9c6049f63192934583 0
db2e7d52be89045209c9c8ce2976ad365eaa043f3109778e7c0439a26755f49f 0
1347775f12a6c6d43575d0cd76260c12de01053cc9dc8bbc340432480341d258 1
3e209b3f1a3f761f410b62835d5f7ba6b6e33616d9be0e63988da18415b4df11 0
1c0b12f3f064b5f03b56f07ffbd0675f685b6c80dcb4f2baac975a4efbdd3cdd 0
594f9d835d84b198cbff9ce81ad003c93b80c1eb7c0d6d97a9e5499bfacbf639 1
8dd701c7aa7384c07adb258baeec7909bb021c59775a72efcc7b8a32c339ea06 0
edd4e6691d47e54474884fed7ae3a322be49751e352821f2fe211508ac903858 1
33df6c801c07486be0b1e61d10925e28ae420a7a1c8c4b81b32f939138488e19 0
c0f211c3883c32574d82dde80ad284f17f13f5e2dd0a1dc64e034c911022dc23 1
832c7e2d6509eb0c621a8ab571b646edfc51314ad87a4b290acc413346e8ab7c 1
ca49bd8566432f2f7726fe6e8bb593c5c77f980af31043e2acfef77bd565186a 1
9f75ae591a0a871b6583b393c7fd45bc24d3db635ae87cefb3520cbe7714597a 0
1cfb83a9ac1b6a67f9cac71018eca566874acc0145849842499e59aea5603030 0
e4bcb8a48c690191bcad72c2563a9c59b54895569f62bcd694479fb4a74105fd 0
ca40afbe7fcacc3f6641a071a7a9ae7a9a9e4d22bc4dc05e08f1735a9fb88c0c 1
9c12c7710a3081c9953a5d1ea8b9264f3d1384bdf799389ec00a1278118eaeff 0
3bd73806c65b39b4fef42bf5cca9ea6bd7036b9d0decfc55885e12c2d82cb14f 0
a6ad4ce3850be261df70174973d5811f2f149ab6d02efdb5d44a5264ca32852a 0
1d365a0f4f4a3d22db50015b6f0a96794aefd8f59190b2547cfb7932be27ea5a 0
9a82798123092af91fb160589bf57f3b0a1b17051417a1b630750d14b817c808 1
19f05c549fc7aee8847487f71d0832da2eb0b283646356ce28572aef6bd0851f 0
40f4086429d7b1f4ce4b9ef2428770629a0e884d6c5f5eb44cf71bcbe987ac3b 1
2a62142b790914bd19b1920bcddaa8e0b32c526853540e1803c00794af4e4185 0
098fb434f0224e4752820b7e28dab76d35ba31d7b343541ffcef59a9199f6436 1
700ec5d92e2b0369bd79a492beb1546429bce43d04c520150ac24a4287ab5a35 0
cb41b715985f5d918ebd1dde6390d01207eb9703ddd550ee3b2577b337a22e6a 0
e690a67cd4db4f8efe5d59e025bb9494eb0c2828df349841ab150f8269fd0b1c 1
29f93bd407b24ce48c0d967211b5e5cef80d7b3df94535d47391756a95c35f74 0
2863eaea593cf71e2601e94ada20ea355038a67d2263f238c7bd6338f04e5e0c 1
4c1674c6153fff9640ffeef66df6538eda50fffffd98a6fec1d5c70ed57f70fe 0
1f2b651854d3b4f826f35987f51fe04005ff5a085fde2e43a70b38e2caff4aee 0
f56d2e3a6a0ca92ebe7bc622fd7fdfcb5ce4d67e0c1bbf1239e1a1f517c60063 1
3be74959314c17d80b92a146d8d00061ed16d68f77f38502058dd1c2ca6e8848 0
ddcb9828f77ead8f03230f28292c0925fbe49fcdd9a456cf63b3b3c75ae63575 0
274d0f65479f1e073fd603753c58c4cf953a81044db3ea9656896b3be5225863 1
c8156d0264b96780e99476221aaf31fab296c9a47b1ba49e6dc077151505c185 1
e8d2bc1c6e7c2c72f8bfd1577845ec44e2ceb0269bb18a7b9387d6dd310f00ec 0
d7a1d180b98fa61937d5c24d99c95f362fa5511ffcba7168de5eb4478a69e009 1
e90b297785e77d383714d5a700f67ea9bb7846725c961e4bbce459ec89bab1fd 1
732ac6bb85d5beadb35801b9307948b3b8716fc1ff1fd8b8bffd34f6387587b1 0
3bccc5f1b6a4c6fb62a843d4a00f4b022572620d847010a7a55b5830b77883ba 0
e764f50a87f789b8e2ca0f01bb0c9b82c9554739387135abff1529adfa1b0f2a 1
864fd0743879698a692b99b579057d348756a1ab065168cf428b7d2092313ef2 0
8d5c4a20c38f0f0a0a3bebff50ba4ce509a25722deff29abbdf3d486d997de51 0
1420fb8a35ab586b426db3b92c5ffe21909ec635d664921039ca4289cd206aec 1
9f4d7d3d05609de35c944bce0a115b4230077bde0dd0014f4ff48a3275b5f917 0
02f2e47536073ca7d24b3e1cc2584922511a4349b53ebd2b3ea99d8c5d1a6f94 0
e78252675336f3d5b8e35e8d12e03f31881010682380dace4a9a51547bff17a6 0
32df5c7bc6d9abe8b283c05f8480476512cdf0c09b87a20fa9ca65d9985ed6f5 1
dc9df54565ef55e1ca76886672d87da0f50372a76105a6c84bee1238fdc44d2f 0
aca6984e55e4d27a9fcd9ecc93e22d96e759515f6edc5327219ae92d4d71b6a7 0
cd9bde6e912b7fe74f680a7869b1ebdf38fd9baa2e63f0e3523cfad3dfb1650b 0
79ee55d0f971b8485923152d4cdd02b72e8343f02e39e1ece1ed00c3784b2689 1
bf8d55e7a6247ee80b5ab28a1a38ec59b3ff145c5a907d4a680b3766cdb53c7f 0
2991a485b347c6bf7da3f53a8a159293d24cc89df516e99996e9da2a07fbebc0 0
8caea75029843db721df078a8d9abb43a4e110e3471d0646b65f7575f8e77287 1
bdce6bf94e75bd93eb6084d74727942c35bf3a9dc13c73e12abd6cb76b27878f 0
8c2e5d3ce850893fbdb03e732f1a0adecfe4420095999aaa76a895509f8805f7 0
2f404afea8500e0c17e98a5b3b644ee5ab476b51bd896b95e827e6b92dbf5d93 1
b9e442419cf899143d640b9c53d68ccf1c00e50b238b059d55f7a44938a931f2 0
e851bfae1af1aedc519e94781013529572c15edbbf20c8a0916071c5231906ce 0
8007b0addd7c3b8c8dd47bad4eb92af27f0faa10b7db119ffd3d768c95fc2bcf 1
57c563422e9aa78cafca5fe66c0f452d32a60957eb97e7c40a07fffa60911d68 0
eb6035d32a7fa80822619dc9c3860fe42ef015d1e61826da2ca4c9b932a7d3a5 0
5e22939076acf975a3c448473be9e2cefa0d48af25dc26239fca61fa043c1a38 0
38e62e19be912ce6a68ae91a4a75c6cadfe40924c73d669c96c0ea2f37532187 1
bffc44692e689cedf525f98d6a213c53bed38ceb2fb6c5d5c79651c889dcaa63 0
563129a396f80a7e5d9caaebbfe4352f4d6a6e2d3610ae2c67e7f35785f7982f 0
0a9b6e70bdedd04c17ee1ba28b16da8b59714051594026b338a7973c750b877d 1
e5253e0c737a1b43c8dc005ae7f679913a7da4f4cf413e9a1462e3ec696605f0 1
5e80b51df642ecf587a5de0ce95c570f0bda4ca849faebd74da1f7a8b45116e9 1
85911fc481cc5623ae195c06150418f9ee85ec5e0f1d9072de41ee3569ceab1e 1
b769cb375fd67f4a502e7a2cd341b80e844c27edb6c4572cf819b68b30078aac 0
da30a4a39790e384bc432708cde86f23ef7dd4f36188414408a803e383f80a0e 1
77aca1fe6c002aabde80c8edbc87f37f0c0b5c64221bfe65a4e2bb3e28b35be5 0
688c20de57b83a3eaa450fab03af33160ce2542bdb1a54d3633cb2d19597be7e 1
639bb006022e3877d911e29e16edfd8a36f13ecdafa0fd620f220084427ec718 0
b08584f8dee09275cbece5d4634906815d01db532975a2a2178b501e85dbcebd 0
db113475f61619eba3ef838b48e2245ed542aed6fddaece3e1970ed229781845 1
8f9ed1e7256cdde2c5d00507f9f674fcb278420a7e8ad92af335744fe622fa77 0
7951202e49d9abdce98c8245683f6afe9160e3aa1fa3258290a2c08bbaab9547 1
faa8680ac441c5fdde2e3215ed201f2d974aa0a579773af03aea65726d70ac7b 0
ae6440dde7c5bb167f6868bfd9a269387ee3da967de6891e918fd32c14d31d08 1
82d29947fa95ee413a8ae4cb254d4f3ca9a64375ef4ee0743775cf7d46b06c0b 0
880b10c63da22d68a82c9f6e73c3b37d062cfc1c19985b351481840d574656dd 0
ee52d795f4073812baf0c00a252be4e466666a9e58ba730e0d62ddaef7ab801e 0
d280e38ce070857257c130d36bddda1e05a32d0f13094ffbe24d4c0839daf3d9 1
67649545281995f30fa387dae74cd248a4a46f4c395123fafc886d64a7cba948 0
e54b7194a6ad73e1459c07b9f9ebbef037ecba2da187bd144603bd482d788f70 0
36726e8b6ee52c0a7381e7aabaefbf94b860e1d210623538a8a0ee06773a8ad0 0
6300173640cc34f6f036c6c5081369c8402a675a71ed0ad66c7d18b2764834a1 0
0c389e81948dea9a90b8180af5ffb740b46cdeef99bf73887ec79ee55e36e95b 0
33d057eb5f219399d6a16718e5ae952a1dd649df719d40f70f905c14c1a7b8ef 1
dfc4d3837efdb82bc24b61d2d2020d656476a8eaafba6ecd450d257b0159cde4 0
87e6454ab23a42349d977ba4495877ad367c4c1741308decaba2db8b638b1acc 0
c041d85dbf1a42871222d80d9ad9cab69aba88c6bec07970e4e9da1a367baaca 0
67cd5fdef43870463d09e14aa6d7e0f2b2d52cad6bfd2422e500eda668152234 0
7d4ae193723a6ecb54e07183a859bdf29a8c23c3e96b38060e7491aea1275c78 0
a47d5eeb900d8b5d7756ee31916bf6edcc64e8c9f8dc08e625071ab22fd1125f 0
74d309572555aa61c68d9665efacd59a3ca8cb4da28537f37134264bebb3f95c 1
aa626ff6ee1c99cd6c6237503ea054254fab60e0b1dcb59deaa4091e154a5a04 0
99a85a3ed2ca71faee825214762b1c6d222bffd321032e7b62856db678932874 0
e47950e86e360e38dfddf9a676340b65202322f5d6477ca4ae5188b407ee1927 0
0626ba8259b136ca093fa52b0452d7b693f9ac40135f529b62b131f1a5257260 0
4a837b6c9c6fec0f6dce7e81825fa4981d2ac733b2360d270b3f15714fef5ae7 1
5a50517544466222eb04a18a2daa2acb41d81956166c8cb0a44674c206498857 0
50753bc5164ea7d948a4d16600b92f58855ab2f88d786517eea388039caa151d 1
917735b8befbbe816103f915dce25b1173573bfd84f9329ede46e3211cf475e9 0
76198ae64e1704c71adea4fc28d1cafff05d0d7789cd40d1769593b8e9239852 0
c5c656db59bfe179529823655bd66d7ffd81e134f9c3eda03fb71526804bb8f5 0
f262dfd4f0e5b3173ab17e0452b61065230b5c69d48fc6d7808e2163e7ef2057 0
243d7100bec6dc68389b133232996f6903e44e32639777fb3662287c1c965c81 1
e608febbca5218d8a52c303e2c0e7b4cc18726d6baa587dd188e590a55ab943f 0
ebed8aef89c86061162dd3c3676f55f5efc6167d8b24e80ee65e348a4351f863 0
e2cfb0573ade53272f5be50ad4085e04bcf0ea247d44127484c0ce1729f93bfd 0
e3289a3d83ad8a842842c92e1eebe36218a800c66d8d408979a3ef144a863183 0
5896d1e24d7ab62a5dc5a0b9899578a62eb5ad0c3edb905083b139dc00983850 0
bd5714e0a3170d49b9f0fe3e462c0fb762be7702bcb2d1101c538d4959435398 1
060fd51884cfe80257b79575e3fa5e5b6031c49f34458a7606f27aa5acabf29d 0
8bd692e18cde2016391043b595498e072b422289c31f65d444eb807018490495 0
10648c6717e38c691e26f45ffb561b46415ad30d1593ece33841f7597dcf089c 1
912bfe7316e28dacfd1865da38b82403096a657295b88c83d74aea2bc90132a1 0
6ce29553b61792e39ff8e320c59819ec9813293a53de2de655a9b5b70752945b 0
1dc3e9a75573bfc709135911a096f0abf01fc10582510aaaf4c0168fb4634742 1
c2c953017077455df5c1be334d185451e8cb728f679ea139bab8398b8e4c747d 0
eb97700c420f8fedba72b3ea217ea8c896cb6e9c803252dd6a089c4fbe89eca4 1
9dc5888dba4277f508ccbe9411ee41fd1caec3c170d0b8b7fa53fe924758ce07 0
1fc28a814893bae73ee369a850ff8e6af8fda00a868935fcc01b2ffed1538050 1
420211ba45126a3f62bbd70b192984dabef9be384a89340b99ef4ad303fc0761 0
09610caac452616bafdd8a54c7fb5dc896a531878fed921d93c46c698d78f840 0
9e9c96c3fde46ad1911410ca22bc3e385cf39f04c723d745122847b6b8f40487 1
838e6718d6cd1c7b8d73e34e8868bdb9a04826bfb42eadfb77fadd846296f626 0
065c873f6596a8c7d5455e7ad59ba36e323cdd9e85fc2c3140b62b45c99f9996 1
f1346d37a3393fbdecda805daedb06353ab2dc7674f5072902e40c0782e60320 0
e7a47a244a295756b70b8f74dbb8400b1e7099c769dfedfd8c3e6c2109a80b74 0
283cffe9683bb9481b4b1ecc0d5101f9ad5255501aca0b1d29b23e24fcec9226 1
b957f2a8d87f2fcbc28425e039c2f95fb79aeda2fe6478478e3647926bd5d710 0
cabd2152326a48c0bf5d05900b4e54f9a644db7e30a3e8a1a8eea80c2a550343 1
0c2a0c76660526b13810be42352e69f4d41546811f00fc58f80bd5a32f7502d6 1
90620abaf645cea31710a1c7718f9340bee2891b20b42bec665d1188d3efac4b 0
ee5f02884692cb807c0f9fa87a19d9e794ed0631b1c5778b1d7b376838f11a8f 0
f41801af68fafdbef2b0b09eaf863574331385eca1bc761022abd3ad1db50da2 1
945677afc7c9c509f48422785754a68fa96c9024595a797ff81f4224b798789b 0
8ccb80f1536c6be53970a9e5d171e09ef091013938f4d2dbb4826f27e40045ce 1
978baf1b8a827c46379b0a7945f98a5d4268c81c4c9f9717a8871f5982717d76 0
20324f685f2469bebb526cdadc368dd093cf26efa7640038a2868cff156ee279 0
51d95159fabb69c534df065283a05d9494e3fb614c4b2866b916bf1e311492ea 0
2f66203cc6f32faefc0f0cfd90f092dd24dbee26c911900224f55e8fe5a3eae8 0
aafff8f11e0c6078b777693a9a9fc85b0825c53f6a3693fc4252eb3278216a7b 1
fbf865e63f0c803ac720db2616e7ce875d8623fa97f68d66a3232a5c8c8e5d5c 0
e24985801d94f49a388b39a0abf239c14a70b33072aa44e7a7a4becc204e2b60 0
cdaa95c33bf26d47f4edff604a715c608ae430579d5ecb226386eade328cc52a 0
12c2c4ac9e6e2a6541dc7abd12497bf7e8894b41d29b73baff4294b84f99ee89 1
392a3ae39bb7329c1bb99493d9808d2aeaba04415a99ffb77a82b84994efdbb9 0
d625da9d4aa0b86cfd6eaf8cb2d8737cfb87b361d2d5414b5e553a39151f7e6b 0
7d36caa82305c3ea87364e59f2dddab074333723e6077432c22bfd6bdeddfb41 1
a3c284c950391a68d1b822f51c915dad73d6de96bc07cbce85f8aebf235a863a 0
6003860f03d706ca1766acce13947fe13250575fa3dd1b220bc97cfdec128f32 1
70f940b93e75858e1ddf8e4eaf8984c3f7011e28fa9f0429ff921810bc9c529a 1
fe10ddebee4fc50b012af130a04e60884027d26efec7be68389aa12214a8fa3b 0
451a6863417da58b2c3d1c8f6b05d7023ca31e5da0a965c2b4c64fa395a75461 0
8b72e41c0f26602a53b6f70d6c4f23219bd90613e3879968526f9b52fd384bf6 0
8f247b8011941e27ef54d11d118fb5b2c2ccb51f2860ef904a35f5fb8ee7bd46 0
a20edb4cbd2107c01e6a6a0dcf67901080bfcdd947cdc00f5fbca96a8e7cd700 1
fc9daaa97eb7e85fb577a748e4e5322641c6d7394fd829d6d94998a1e0d3443b 0
4bda4d110479c49003dbc08fd769b3eb31f0491200d5ed884f36724c0c64f7c5 0
5009410b31c74c1a95277b86d610434dfd5a8bfc432f50e569b4d5944533c7a8 0
f99114add76cc14910b77439ef74c8f3b67cee9047e6fc530b367ccdf41049e4 1
00304c7939f39410b9a1408ad38909a4c76e20fa059ea208333afae6e619c544 1
b10801b732762edabb1e37fe2a3615092fd774c5c070f7513ef23cf4d246e1dd 0
6705b9040c41ae3a6328d25ddfae58f9c11edfd0dc38e6c6e6b91d2717ede248 1
e99d263937632c771766995246199bc1353316aa29c78a5ccca4d2c22638abab 1
f3e2240c0cfa809ad2271a26cdda6403c5732158c948b6e27dd284574eb18999 0
82c43c26e2995e5c254e70844d2531e5bcf659592ab62b415b39d5c840446291 1
7dccd0fe7c9fb171019f47f0bc9d4d5193d628498f492cd1d5779068c406a9a4 0
c51e38622bf26e2932f59a007461fa861484a86b5f37d24a0db70d454119512c 1
d6c3a0aeebfc5ec116b9bf77f7f62570fa34bb630e9e4c9c8b541b3ff75f211d 1
5e5bc8671a3271cc7f305dfea60b3c25b5978eaf29d6ddf21cfe84f9a2533962 0
dda2bf14728576f42d219f49092aa531bf82dbdfac52c2644acd74293a0450ae 0
8fefa8739aea5308db430be655bb9c42c661e93149dd953a85c64ec4f32c4a75 1
74f9f2aadca3a83121dcd72b6aa6566963ebd41d5d7f91217d8c7b1f8ff9d3ea 1
06a1649b4c71a1ed0124fcef91434914d590800c9b223d41180fa69c7f1ea0af 0
3548faf62c06a4c7d917af10ac7e061d904dec46b5889990a7d5bd773db05042 0
917a4d8847633018055dd3334e85aed12904aff6720dd82cdfc05f5c3e17770e 1
aa157801849a2b85f35a1b486ff93d09f7377edb4cf905b18049a85e14ed8faf 0
a5aff980112dc106e35f39e675b4f8728af827ebedb2e1c8bec353609a1f04e3 0
9896e3a190c82e0252effdbbf9023cc8c1deefdf69886d67b56de3cb605cc7ad 1
b2d437ca617a5d836ce781e6854183b8a1b17b48ee87b903c9fd39301e8e73a1 0
6ee83cb0b1e6ebca42199c15f52a9fa22f8c2b7277654f5697641fa813cc183b 0
7fffaae56d995f4bd3fdf91986089ae204d085369bd3bc8fb19bf275f715f4d0 1
793cbc3595520653657b1ebf0be63bb2d832ad59ada1bd1258e70ca7c487f2e3 0
e3496be43303e45ccecf9f74149d25adad1000c2594571bec1986d8096aa42bc 1
bc770c10ef0eca5d464c68bde023e14af4d8739ba2b70c37a8b5e44c42adb10f 0
d933c1fe9ed9de1cd2876f5e21bacdcb0383d100fe737cfa4b8b34d40c4863f7 1
19229dcaa13c86fc1d2e16bdf9a7fb4e832f93f10fb8d3b4d1f7c048aaeb47b9 1
c1399c8f49725c6e849fdba218f16c2b735512da9f4f1bb200406c69dc4a500f 0
d1bb25a9f31114344e40f87fe7ffbfad410000cb64672a579852da71fea22b4d 0
6bc06cc94a890fcc5dd2fa9aaf56fd3cd1447792657139ca734efff98b33ba1a 1
1736a4ee321615c36e39bfbb69ad097c952a0779e504c470d885f86e1a533d58 0
81f414f29af6c29d30c2922471d2dbd59cceb32a5b385a27f660cbd648c0ade3 1
421847f666f70605edb4bb7fa98d75e4f33c7aca3ceb6a7d102fae6797d0b232 0
8c6459cbfb3bd867529c9ce08eaa4ba69984feed3254c81ce85116e96dd78121 1
bf36c05ccb05183210034fa077230caf2a5e0502c75f5af4c10e5b695bc08507 0
5b7a9188cd0e1889e1dea97a966cebfa2d04e3b4dfac4d7d8a47d79e3cd2424c 0
330b2a4c0695be97c10d46c2c8c2e9d713044501f0a2d03999094bf1d127eac9 0
a0092ddd98b1d7d3140b9d8a8a5d6147a8c389ca34acbb1cecbc5f63466fac31 0
2c9d46bae2139c63c1638b6b3f0d454f1cd93efea5b06e07af67909a6e81b70e 0
d2762ce327e270ee2172df3a0a72192735738ea24ef3449adcf014a6fce5c042 0
8322eb79773bbd2307983d3ddd3255cd642733bb9a08d7d4b45b7d7402537c6c 1
ab2411c40acdc4ff73151bd1a4f99b530fd183c7da7a43d5125cbcf3b1f04272 0
3b2fc3a2faca176184077111154a3aa536b75f63004a4fd1db918f24b32be3a6 0
20410c6cc1e71c651a06933fd449a2bbac91b373dc9cc5169ce9d72f834bea55 0
a8d8117087a231e0a070e4198effac79069ab9266c7bcb2cee221e481e14d9b5 0
f581b85fceaeb4ec1d2d74d4011acbf2e042f42602e46b74366205473a5e88f4 0
e3058f2376ad5b53f3e92263be1d60bd17cf4bf57e9f216e49d33c4188292dda 1
72c4e0d30fac089be792bb38ab05892b3db99833384e55417f89e776d4611c39 0
d44f6d161b0492885c8982ef0fce4974b5f3283fa2060a926755a57fdbd8245c 1
60f4810c6909be21bfa1613fe3e690a5c70e190cab17b4aa3a1683dd4e6afac5 0
cfc841938596fdf1a60db97c685edffbf12c27e0a5dd424dd324cec7fb37727d 0
fa30102537fa6b48b02703749304c8f870ac71bc2b9db8576dfba1673665585f 0
4b91b11ad0cd0e9e06fd61ed9349f271f814c4dc411ae30a82320a9f7089267d 0
21a48284f61ff6f5d7ca5967d98fb8199999a68d5dbbc2e238f87a57329cd612 1
35eba21e86cfbb47c64c2f50cb4b76ea92734b657b9e8dfa7142c5ae6f58ff9a 0
79a2e711b303d971728c95744d57dd2e2274d639752abb971556d32fa2883e3c 0
cb0951ac26c0aea52b3b6fa2b3c4fc6482cd69ddb5235c07522f206c7079c29e 1
d7e317749df842a0e82576581fa52833b30c7a78e2822611d96ac80074037e56 0
402b79fa96f4f80eaec8e6b895556462ee310725bd4da75d7a788682d39023e3 1
5a3c386e4dc23134347235983b5a50320704e2b6cee02aa3d7de1d6c32d2b712 0
944a1b93bb6cea391d66b77fda5c3ff479f50c1d78b376a68461b24d7973fd49 1
18fcf126c66ca78bfe48adeddff040efef6ac68c72dff3ea5d40b5f687abecfd 0
de123dde411fb6a80f1ba56927451d582e0ee967c111a783f94e63c3e6749b8e 1
caf7cab61e19025bc27cafa726b21adb2f274bbcf3003bcbab46ead6fee83a84 0
6650bce75368d4531697ba355fde7852bf263ac2c0a270b2a52089a43d0780b7 1
d4ed9e3dff6158d598f4328cbc98776b05a406cd19c8c29dd73d3c3415fe43bc 1
6833bae361aeaa792679bd3486b54c644720f4732c2c54fa5741377dd3f19130 0
e885646c6abff252362324b54feb2045a201bfca86ca31ec94224625a36991bc 0
d32be22b0bb20b87e4b3527c5cc6ef2da5dba20c7af5802db9d41c4dad1e0e90 1
6439f660ad7bd0d3a6d97820494cca5c619680e67676fd940ef047ad86b9867a 0
819fce2ae3a7a8957f004f4179343691dc876ddf21426d3b1650028f79da9849 0
b11d5f5d96e107914a3cd120337d421d9cf6158dcd9666128d92ca7915716b74 0
a82f8c52a7353c8db48e2670932c59f44babfeba4a112d27ca4ef863be5e58c7 1
9612aa7f06173476098aa1ad5dcd57f1b18522ad369aed492278ce7ab0fad0f3 0
709fd932ed38536c789b12ce76911077242d832e337c5323f021729a25fe0836 1
c44aa16ced7c168b3aca6cf5b21b19f786e6c0482150609dd96d8eb8e2ed9df5 0
5d9578295e62ddd23b907c7e0bcb6847b7258bc3e3a24b0104ad0d61a09238b9 1
82f4c070800edc9b6dcf7136f08d0ade8538a796e3365c26de06e074479a33b8 1
f93f1141b9aa1ea35a2a23c89be065c4de98a0e669bb4a35d8c6235b1a0b0a65 0
cfa282e213a10b603436847a899f5062cf68aa1bf2ff4dab90904ef762139ebc 0
cc82797341c94d8831e720e343117dd282eab383c24a96ffeb0116bcc612eb54 1
bc709858a711f4ea6df9ef2bd0649c58034206b92c89e00090ccb7b847ae846e 0
29042782c8df2dc1b2c7b07c616785bd65c1831709b8d057a1c4c852d757bccb 0
b6cbfc3e2a66d55c54ad7a5e3310dcd0da0366182d4f3bc76e593c51faa5fbd4 0
5bcd1577e937529f36d95459acaa6a929ab03d94ed80fbcb683708c77ed3b6c2 0
396ae08f34dc650f8cf0c553a7adaccdb67deb9a5b1a54502a28398fb1c5cb3a 1
debd3a3b69a137e5424843b26a7dd95d316710cba94306af64b2c8bd63754128 0
462b2cdd117d6ae3134c6706061f6e330d8d6b0cc3a167b7959f1c55d386f775 0
2f916ccb659b5c4f9ab52e4e156e31e1bc000760a3a837447160d6a4185ce66a 1
77b5b6a2713cde47ec7228e63df59d11c4e62e1f447c9418e2614b65254ebeb8 0
340d44db4b585412e389b86a70e9c4d6dcbb0013295edb84666d055367104403 1
64e6b8d41f878493fa1852f960d0044c2f1aba732048c73e33e9991a5cef0006 0
96fd6aaf54017165de0044b0831a2113e2c53cff133c0b5d8933b45c899e761c 0
3efdefdc3cd671956a0f9f57cd81f26378f78a1846f92f57630dcae17f3ace9b 1
15fae6129d60fee792b45c428aa47da9b1041cf70ce160ae501573d83994d546 0
6b37ce65ec94b2a6080367b24248fc47dc03e4b01c9ae7c6e736fe5c3be0eae8 0
367aacf36b1216d7857de7e5882713c20006b4a98edc677a26adddc9f5e6f554 1
afec538b2015a6e70fcaeed5dae13dfa0e9e80ad3998b5f949eb4a982a14568f 0
6a6f2041dc7223c4f2fac7d7fb62bc1d78e53965720e9c7bc8613bd45dd607f4 0
5e49da0627b89029ecab7f0b2521280f344f5961577159f587d18057053cf49f 1
30f64740e6ad70a65c6088f5a1ceadbb9c27a6b777b6cf9e1af9e35fc2438fd3 0
9fb7f30f04affdf9c22474fce3b1b4247a6663da6619f622000d25b4fb8ebec7 1
dd663bbd5abcc66690880acff6e4b2862978c51ef88604bb2199f598648f248e 1
5977741956746c109e9ae0982fe6f97ac807768fbfd4b9693dd224e07f356d82 1
019227828ca58dc2ce18a8f097bb255caf36a9ee75dc2188dde4e0d800302190 0
c39a927cef1932d157395167760ce94dfa69138cf66180f386c79ee5da42f106 0
04525ef6873a33286dd8c2db37ed60a92300b99fe5bc34ae4c5bd583e61f27af 1
a0d2dc4d6461c66a63cda4fa0ad8091991a8bbccde63b179e4b4f0108041bb77 1
e5ea89c927efefb8311311725cac62a4497df950e5e61cb5c96e3520db967e71 0
a83521c8cbdd8e7ca5b71ff32d0dba476cc37a83953579c3c9fd64d6a435ec97 0
59afa178f64abcaebdc9cad68c9439d58dd5b3e0b83a88acae0600211ee0e040 1
914453e75625d46f3bbd87b5dfc4256312fd5411a68d32ce8083e3b5d2178fb7 0
b0e334ecd47b08d57ab380cf4ada448a85987de9730662f6bce11828f5d7bedf 0
a54d2a96d93d4109052bd8a6e43f1e8e033f125638847010fdec19a855814620 0
415e8e1582d79d49d701062e7b6ec0cd32ef6ccd09fe89b24e8af75ade6ffcec 1
38c61858daa4298dca1ad8fee29866c118e457b288707dfa0406ef5fa42dc5e9 0
8de9725ae1ca0c9a0c78a6bf9bd6b21226ce52efe72e37afd39de89555dfac8e 0
db35d738e61a1307cc7a587257dc16046b65c7ccfc11adfb9ef0dff320c358de 1
0edd40681eb9032c832e92862b0835c4a8af2bced1ee38f6dc95ae806f82c550 1
807110c458e178fdb706dc427985c46f84f9d9097f5adb2904f5ac706ed6073f 0
e29445f2a7f6a02af45372d7a01b3dd941d98f3a4f0386d0938805cab08b81d7 1
d11138599b69ba6cc6755b02ad1f39bbe0c03587c564e15e5adcf1caf81aea50 0
97bfb08485cc2758d3e18dca6f0ce70197d05832c082d7195c8dceecaa799cbe 0
75e4cd1455576174c7ec38631c56bf23194e38cd006523b6997c902335ab5d69 1
fff97fd4c1f51449c999d185938486cab34f9d324f0cb361458e14d2cb8191bf 0
68f0e0a3ddc6df18213e86823f4d8a8b20d2fb77749d91e90ef77fcb80bf17c4 1
e5295b56a7a96f7449d7b2630a606c8486f0ad015b57e342b26267fa12af56cd 0
4ba58e6f458e2d1e7e418e741d0217e2360448e54f8ca0bf92ee630c9f7d79b6 0
478174b7f620b0008a7653c73e886fcd3c09a9240f852e2a97dedf8dccd3e828 1
d8c9d8336f89b1bf832b3dadcef6a32dd3ae775c7bf2b15cf990a37ff9371c52 0
ddd091979f556a7552ab376f9d8972623c310a20ced5c28c03d2e96665b51892 0
9a009ee3c10e3300cd8f7f7b3262e702d2bc2831bb7bf5ab38178161cc37a994 0
5534a48e3ce7253266ae8931eb4da3cfedece0c166839a234d1e732162630764 1
a2665b6ad9a5a025481b71cf10ceed801371cc1385f8ca74ca5c22a67224c122 0
8f6ab0536bf4181663f78122c338436e2d40582b5267ce5ca87b98656a5439c2 1
6f270363a6e11299a27c929bffd15d332ab51ac9ef3cf5c6ee9b65135ffa8285 0
25fa189462fadaadaed933d9a5ec3d38eca0282e03e6a9f5319188023cc7e9d1 0
667aeb846abc3cde603289f307ee364a1691292090b9c262c2c7b56c12325313 0
e8e9c7108c45fd7e57e404e429c2efafdd2aae74559a9673ff24cd85f64cb8ae 1
817e7a7132213f2bcd20bfaebdec8c9c7fa87c7ce950d6e2cbfa744dce343b37 0
df345e93a1b3afbc24bd2725a9bcbb1096b645a7b0e36325c1d5010b168161d5 1
76c0845f38db9f49395e8393e37f4e5091560dac0837fc936cf4c8c82d7f7804 0
9ae0864d703f02c818408271c04b5573c10b20f93ba9eff731e184f00364d678 0
698293c1eaa780d835ce7ccdc4dd4c22293b14550fe0fcf8ee3f6835c0bfd3fb 0
bfbfc3615eeb21aafd0411ac70d9beb4bc3a3110a5ff790d3955791ccacc63b1 1
55a40641581bcc49964ccfcd0901864f8fa2e9f73097bd1011d9592abde16085 0
7f2f9c7e222bf0651b64610c6cf5a86b9998f03efad07a2d37840c95bbcdb20e 0
c46539645c6803ade92fb9f19a1fcc75e31c629428d5ba6cfbe0781668c512a6 0
9c1acbe7f4a9172ff101dc5f5d2cbbcc740c488ef8c992ac9878529b85ab3c65 1
bbb7be7334c371d2dfd41368e880c3b1352deb6aa5de083bffa16e11cc070fa0 0
f1df9a69483c86f39572daa7d73ae5478638ddd1baa198caca4270ea06b8bb49 0
0f3b4596f2b7dd0ace69eb5975607b98dce329ef6fe9e6cadd16d39c903fe8d0 0
7a7ac67dc1855b26d85e4d5a36238d1058e7b29728dedba93fa764dccf9ab5f8 0
b6a89a99bb118a5bf78edad18395d655930bd492e52730f5bbf540c0dc37324e 0
bab2a51bbdc08c822213ad3ecab91d9655a10b9e1a3fc281fae944d5fbf4aeba 0
c6e8e2e3c9971a77ee7b59624960ea52caccaf4517d5a2c9af834cbf2b5a592e 1
fccfb920c74bbd82f171bd984b349faa696ecdfac63c1cb3a770b1d5c29222c3 0
3e623c7233fca55cf747b15700c6f69c98bf8d6cc072cecc1d37308fd188912a 0
4aee58f3df10f0accd35bd928f1854c72e5db7379904c35e1675687d99919503 0
d44b8b7ae71cf2c270213112fcb885cd263d53491d22a0868c234ea9897023c7 0
0c3cb7bbed9aaa74025f4a63fa70c1f0debb13be82f2b1292cc85af13062f686 0
cf508c599de266032d9e5b7fe50630f384c0af80e3d1279a44375e18576f7835 1
f696846891ede099fc3bb4f2b7b43853a36c6c97a7410800953648af897fdb82 0
1bb737d4a33eb89b62e45fa76e9833b20c29a7abeff6c37774323cc74cad9ead 0
c50983ef3436bd589d134163ff60f8e44526d7be9c5db219229e507dfbb4002b 1
21efe54aa8653ef1ecb296a15ce7ac82d5a38c62374776594bca307ea5a8a993 0
65fcc97841a872322d72b268f581419de35de51bed67b3305a1b57926898fede 1
8c61704a5ba2708b17dbbec818a93622486c3398903261e6e5fe757328e27b7f 0
218888be716b55c300c1d2af4f0a2f3ca43a6b55caf02b15f7e8cd2d9795a3a7 0
2e84e077535a2ca5d64218f5a00e2b3a9832f781756a1beeb6b49f95c62e7dac 1
4feb19a415216b71dca55c8e2dc0282bfab385c271e7ecbcb89b09e64d43ad72 0
cda76a77817aad2cd4ab6cabe6a19378b1a7eeb598f60d218fc200db6ebd6b54 1
0046cfaf42450e328cc207c67e78709a3a713839069b4f25471b8c37031fcf44 0
d3caa043725283fb6a616b26dd9cb06b31b0ad84c31ccfba5117505e1eb8ad20 1
a323ed8b60a8ffce5a8e2e351235364354605c89a5badbee010fc9d24d1664bd 0
3089a7aba06b4b0b3a0c1051de404c587deaa1d28f241e3b3ea3e6c57c82783d 0
a53d6b4b68c692b0d6f22ec2fce2369e284e508cd1de153e5cb213e37a9ca38f 0
b32e66c14b9ee04b349afe16489b71a34d3e05ae1cbf3320fbc1cac2c5ae41fb 0
dc6810870e3544cdbf99beed43b8130eedf30bf80ca24a8f79e426e18a769076 0
6fca877bd43e3ddb13d3cc56616d6373c7e137be9eab5870f8ec036615954e9c 0
1d6b25b76dcd7dfebc581afb7672f517571506d03ae7022987476d641c1fd91d 1
82cb5f4b3ca4fd7c9acfb8fb25817c3c6dbc6f1c2149a52a24723dbaf80515e8 0
45f27be4b605a571b62fa220dd77d7c64ca7d7338aeaaf12a70729130131a815 0
bb5a912cd89179982b37c5a5713ac6ee21ddc3e613345c410c47952ff1c9d0ba 0
0d579842af2f90c0e9de33cd88b08c52da165cc7464d56c1983e319bdf15006b 0
53596f99f3322a4b48bf7b4357767bbdb5c76c696bd683ac373f75e77560a60f 1
c3d455bbb3eac5865683021493dd6b7c4ed51824008664045c9a87d012b9468d 0
1f9b2c9c452f05735db3139ad9683afa94604ebfdcc8b1dfb75bf71f770f74c1 0
239bb3028a84c93537c57458c0b44276e8b8bc719071959ab9d1583c31093ef2 0
563580f377a701832d911ac1261cf166d685b3f1e977ecf63c4704645d412be1 1
ff7865482e7ffc5c036ee8ffd89579b0477f1597302f3eb53699eb230adae419 0
92e3d7ce581db3c00f4986bfc730718aab571b0ab3fb8142bd685434353aa2ad 0
f9fd0c313808c8d360e8607d183127e7fc801e8fd3a6c6eba0ba9a5546766450 0
1af839f5cd102a6b65e03fcdad11f579be25334485f08a788ff797aec7b7e238 1
bfc2c215a9ab8fb5d8adfafb7a74ca962b9bd09a848dce24b2fb72552dd7e017 0
69262f1947d5577617d9fb7e20b147ed6772d321b41e4dfb514ea8d60c8c6444 0
ae8282c80f2039883b4fe1f4e78412dff427bf824d7bdbe8ea6a4e684c23447c 1
bca862936583741e1dc7b16134305f979ec467553b72fe2e312d099d9f30496a 0
06670b03344cc0c6edc3768526b53db739b97e08b066c61341bfa649fd7a292e 0
6c1aacc50a93c01b15ba24a696da0cdb4b32b625550cb5e3b583ac7ac12808cb 1
5e6a90846ec85a675e3954bb9b265e9c38f6b13554ac38ba0ba90ae69cc2c407 0
38316b86440dd81e9c4b14a5f5e3ca74f5c58a96f7b4df715b243b4036944633 1
0140023dbd328ffbf5579035f2713a84af79bbc6957e0d553d7e5f671a74af7f 0
fb9ac5b126bd2ed48b7b28e0a819e66cc9d11cc463c9edd88e9586b034a95ada 0
4ed77c7586a362525f0f9ef38a861a187f9713342cb1592a5e1ab970cc46dedd 1
4c22542a79cb21ab65640fe83b3f7007db81a97038853c9ee6458b19cd2b560e 0
cc24890172139502d99b987d601b0d63af1c9771b9781766743cab3f90a0609e 0
f2885e353731df8adf7ad1bd34d0179f50e99c41b38f3fa2fae932d0d528f242 0
e3063ef0ed119679f793f29f19731374712c5d1b019bb83d94b1f895ef1a68c5 1
a859e153abbc0c7d86646dc7091f387083bb5762c21c1f70cefdd2543b6ecb15 0
e1fc1082f430af9bd893b095759047dc8bc9018c56d9ed5ee18646253b9009a7 1
6b280794d5b7a3e5ab6b11af67a06f39397c33390852c6d46cb8a2052941a44c 1
62d52546272b80ead4f4b6c0508e495ef549a6a66ae7b2bb61bbd187d546aa09 0
40a44b95b41185d44967c00b79e502c7f3ba22cbbd1349e0d5f602eb996d1308 1
fdb17cd75f84e3ecbe6be3690c6d74320e7d82dded8a3540ebb14027db2ef590 0
bcbc399b96d2be1048f1669a2cf82e942be3265fcc7b55a31be3c07efdf33cba 1
7eb0f51c29da915a7ef79d043714cc8289fc90c645ecd223958c7008362778c7 0
29b67528b5bb05cd68be366eaa7b279ba359ceb87b34cdd595284e79cc6865a7 0
505902530ba73883268c0421c5b4def16707fd63638803387efdc6ee170e29a7 1
9af296647ce5681f56b6bc39fd9364b7a7dad369f18879ad32ee0953a1d0ae31 0
a9e477a6069dd41853f4aab885c374b61be18324e660708a3969ae6334eedec4 1
71ab06cbe2bd02b2dec552536fd214c78a7ceb8602fe634dee74f7250e704173 1
dca7b6ea904afc5d23a11c30ef97edc1be762554f5a59d4bdeba40608b10e96a 0
1c8bf41b74a35d8225362f5db43bfa68efdc7ef05964f54936a1ef4e6980ce42 0
e7757dfb7e6f49392d756bd05855484e7262948c5155476d1ca2e74d54609b45 1
3b3a38ff2803ed3fb156cbf0dca17088b35b383be2dab950295a0a087aa98fed 0
0d3be6f3d94e9152ce826832fbcc29938b1f56f8b289be36b93a8d01622c1cd6 0
8683ab7f8652986efbb3f6b0f6faa4a71875f6231b11ca5afc462edab3ad5c62 0
59ccdb5b11832eee990747ae9fffe7cbbe89ad6868cb3c43e10b824bf46c2637 1
f7741b9da34e55a5bff0ff56a7dea96549cd3c3a7abdc4729b79dd38ab72f97d 0
d49665e8da45ba342d4560cf44feb30b4283d813648f339225f77db9fb5b3a4f 0
ccaf92299979833780323a151a26018ddbb9a9c3957e603afee8b761450d269e 0
af440c0aae976e1408137d31c2947402735d15b07d9d3eae4798b2dd1e89cfb7 1
35efc74e9832c179ebe19c1b6b2084ccf49a3fbd59051c454524f7adb98d22ba 0
219bf4f1bf1b90ea699ca5b53be030a324144b523e2de5d1ff969f7f2baf4f1e 0
68fc2621edc55c97906bd90faddf509de8f77b8f8d6aa1767c28c56782051d3b 0
b01fefb7e48e559fa3a1c001456b4fec46e62e0319cecde84f479366d24e4fab 1
7eddf3990ee1a1501f64871b3bffdb74e27b096e3c8e4f99b5fe85b36f54f7dc 0
b7dbc97459aece468600a32e6394fee07cdfe7276b33af0beb96429000b2bf36 0
50753bc5164ea7d948a4d16600b92f58855ab2f88d786517eea388039caa151d 1
f563af714e37e34af2de11ef2c3b99e64bf95308857aba34d342ef7eb2fe399d 0
eb9142de9ae9f3e0a40f6f0c74e15f327ae087be89a3e76aa393f3281ca786f6 1
71b450d79c5b23dfad36f2fbc06a5fecb9439c77720b72e250b5b0e33245ccab 0
65e259a3e76097253e5c9bfbfe54b3a0c9821a2c18b6379080ca24bbe88ed9b2 1
77cfba1c648b9d796da361c25454de00f5692efe330ea548540b9d100f4de153 0
44be63bca8fcb4a65bbc99273d9c7c455359c6aff088d50ebd539c88034e1dbe 0
58ad6c248373d4d6b60e98fbb221135be6c777befb3a728167fb9bd3c483d674 1
503c55d6c31b254a6391ee50c7a1139ddfcb3f879cfb1c43ba0454d061d1da71 0
21d22e50d7ef4a9c599de7962ce0264df971510aa13decc09b6b802566624c43 1
c79fc98ccf433d2d7b09559db67a8305bb42d6ff9c15ee91d9dad6a792487ca4 0
6481f3686a82b3fc35a0039afbe577b338ac510d0b36ec1e8cc5a695574d59d7 1
85fdd68588f5be90acf30d31aa454d92763d455e4e36e0dc6d4cb6c21a56a0da 0
038269fbb6c8eb3791270d7f0d64dbf0a8b0f4072d632b30a6c572fca7c16cae 0
22e7ebf7733b6f4c5f1313eadb4a129b8d5f161e7f66a4fc9a3ed1a87d92d2d8 0
d5567bbd3da9b0a08f621508bcb7428b4bb08fc15fc4b3c5998007543a8dca5f 1
c2bad7d649ff2c0dc5736374347b058533a42fcf1b71647ce22cd774ba64b394 0
4d6b28cffac84478fe8005f51a2d26ce6f7b65f96e9fcf2f67742cd9010fc631 0
c125590b5fac40790d751893ef6263bcecb3a0052f87a9a47bfe830a543119d4 1
608029d3927bde05671433efc751bd10bba936c51b73580bd73bf6e67ac1f130 0
7e6047c3e9d3846d8505ced481e3954f6a53d51d9f10fe2c2f1e63ecd9333a8c 0
23d1c4a4f02417de6b40f79b192f89036e2dfce0b6120761e71fa804badca759 1
5dd3ee2a34be759fa3f73de06dd4781f7f2a8f625e62ae068bad36c747fbfcae 0
8d35c76b99159120a11dcb82f35eefd2d560c3735c38ba90d3c5a62d0b3646c4 1
a3a273944108c6d8ab5651858cc7c356eb1a2ace1a6195f4b561aca680c4b97d 0
9463dc9f8434ccc03824abd01190ad49d35c90863de1556fb8cd3e58ef365f1b 0
87f2a193184e41844c45eb61f07079a267c88e53a85c5544af61f0162b8e7f40 0
42f46a3ee4d341c6f14d25cc7d547e54f198b1c31493f0674946fd6511f79b5a 0
e16b6e19f98646bfddba39764af5a6bf07520e67d9f164625b50b2762014ac5a 0
be7256d4b67085a1ee50c478b22fdcd11563144fad3169894a3fb3a406234744 0
80e762e04299ff930e7b7815cb989b8bdd3c58112a6eb2b3d00dc5c31fb0f86d 1
644e2b56faf0995fffded048215f18b5c124910d8be109dc2fff5d935f7123a1 0
df83b949ccf916713fbbd54337d8615b97193259d11a4afe32689befd45a502b 0
c65f03bd04f4d37be138d916346d69e8ea777a3e8283a719a99ff5f465116d31 0
4913f2dc7b7c62c04ab10011569776d12547a0dd6633866bb71cc030e470bf34 0
213b6a59f3ada6a2dca0c6df997836260d504204b080bd767569d4f08843f536 1
c06b652f73f790148c83f16ecd033a11d0ffb97a9d5d59cdd6a04206e38d3c12 0
31ca6210a5f8580e59127261c860bb3e459ea008724ad008c3b6f4e7aff39b3c 0
0b70a901ebac8a7fb9f6147f32ca36b48aab0c23c96903ab4f711828bbe6002f 1
0ecbd60c60ccf356c221212fa76369a9e64bcc09a9ddccfdc058b4f31243b8b2 1
f1628ab8d32bb68e7e4ceb59b60df49dcee38ec115f2c2b642e1e4a087619c38 0
2e2daad7c7c21e3d84778bb59e854f59fbd7b4ec89534c74f2bdc8a371e38d94 1
747f04dfe38392f310c8502de28fdc50fd92b1f9fbee16d0ea27a5c302898fb6 0
a923a877f1432c45868465e108b9a89c17a39c68e5b6f529878a9e7c9cd52020 0
867fa185da66e984567952afb297c10566b088b76ba2ff3e5b86aab2d728a01c 0
01d6b38086dd744a00b14f283e726421f6021012ff0867727ab0a0287227b5d0 1
df0c882f054c47c679745be49af0986b4b711ff4d7b5c0e22ffd200a488cb420 0
1535e7dddce92e0ad990eb226c3950dbd01f55988d6550d5e364a54941586aa6 0
280d71966efbbce3849619c489d60848274c7a015d0105569b5d62005df76833 0
af2f9af90bfa8fb0f350be2f3571bce74e38b70977f4eb26f9205115fe576a3f 0
50efbc56606f2d8adbbfbb7c1fc7a9f3eeaf0c0e8e7e51135922a41e949ed271 1
d14b765006180704faa5a643c2356a7ae2c9a87ee6dfb262d140c6c2838829f5 0
d269664ab24bcbe3f45da92c336fc8f174c5c96287facaa512da112bd95aeb1d 0
2d9d8aef9fd6e3a7870a892b7c58caef660fcb6d064814857ae28415354e80a8 0
057cb1e1b18877934e54b2f1c29adf8d019cf302f990dc49acf331338697673e 0
64804dbea3552b7593a143f4afb53f01e73f2aa5579deaa9de9ed896ac140da2 1
3d9d9737e1ba2890699b6c538901edb467b7ff04032c9ae63e8affcd21fe5364 0
f3368b71eff2fd28416b1b2b67f1f256ee6be2b36fc07359eb6487deead0adf0 0
9bc6e81a0e6b6bb248e8c09a9707ee15ea5744c94a2684667e60a06677d7fd1f 1
9a1de0ea86a46543d2c7524b24c6a917ffb70e17f4512a6d9a3439f3ceb34011 0
45db25e0d61fd80aed11670f8281b9a18aeb30ca5464b29968f8d4e68fe65da2 0
f5f9cc04deba5f0b68ee7e125ac7bca8b68c68402aee710be3651f72a01dd75c 1
b71ee9171f88a88c9a9b9a267c4f7fdd018c118cf13a38a220d4923c2c49c451 0
311402fb2cea31bcd8a9c13a8ffa570fdb3826f64cf332bff03fa9ee8840a098 0
5a65e20225a6f7692c4e08144e8e7d0c80145f4ec6833b9baafa51ae2348fb9c 0
f9745f258e8e5a791b82dbc3836235d9f12780569f73a73257cb4fbab6b93804 0
047e7b9e672c6c6b5c8b7154db0dc8dff34ce288bd9f2ed2f1f9fca980fb3d3a 1
c512ac6aeb247494497129bdf0c14d93124b1689dc85a2f2757afbcef7b12411 0
cee88a9bc4c2b67ea3f4fafaf411ddfa916d2c8afa4551231bcb6b7a7ed61535 0
f0a194ea8d05385b03458a6476f8fb1bc3c07621ac76d9456014c0afec353a11 0
58b2b17e611e314d92f3519a9a04e1431876a6d877b1b58f3436f72ddb924358 1
30bd8ac5060f1e452a0f3922f1d86226bac8f5a7bee4dcf55ccb00b56a9768f6 0
f41b8f8e48318f9a1dad0cd5899493461161ba242bcc92d6c1b3bed169b22615 0
4a3c3d39965d7c1e6e5d88a2deef41225474e71dfd8ae4e169b44c6ac78f8ba8 1
092a330af99e906cdc9f6ac2acf6df2a0b2a9cc209fe60cd2492621a6ea9b757 0
e042d1a83bcaeb38517938f83601bbf75f2401d835ce0b371ca8c289ac6062b5 0
62f96189605a944ec76c812d5a97a38d4197a0f4938fc898e4146bfdd1ed972e 1
2d7bb2ad7752e1bb64dc5a5635782e5e4b5225051d5d7b338ae6b76fd0289a9a 0
f57d84471587fcab3929384542e408a79cad7bceeda7f30f782380aa34879f15 1
9517b684dccff51ff738eeb8fdf416bd185d835d1cbd0b02e7c710b6185afc3d 0
9454139a79d0bea2889aee731b01493e78a51cc67c354805695c913e83839a5f 1
2b11b73179966948ed86a05ac66f39f60b335e841040218ed2e2c1331a338c89 0
2d6f9ccc1e6d51db94b07fb945d7c53ee8c1b5fea55951d422aa3be9a2912895 1
8b86d8a72edf02554bfb4905eb4feb68403fbab24b238bfb8f948737483e69e3 0
7ad85549cd859006267941ae5d1f33070e37253919e3969b2f21329df9b6d6a9 0
62371fc9ea60210fc1b5626159bfb1816add139b990b22bd7553e7bc71f8668f 1
9e1f70e3b2305af7dde044e17b33a333c95b97f78233f05181b3b81285ec2650 1
20fae0a33d3ebb2c10ea798cdc35077ec6cc82bc79fddb015195f6f5609fe0b0 1
d73180d53c4d8f7803e685ebce418a7e5600280bd384d75611ab0412fd255b85 0
bca01ad3d4f16f347d342efaa11ffdcd0d72ae7e8ccc53acd541a6b19a55604c 1
7c4e7b0530050add5b87f902478291f6d701e074f105e1f0e6f65083ca44ca7a 0
6ec3e4b8b11655d1133cbef5017823735ef977219b111d5a5c07a541d5db8d06 0
e81827dea6549662d4512b24c5024a8310b2628065a480551bd62c652a01eae5 0
2350e264a95f2fefb646284ed4078c0d2edad2c46ff97ef3667eaa5378e7d512 0
fd48e1f60232b7d0233df72b70b9f2200876521fac6dd44bbab003315ca0e169 1
2794770625603817cf1759d38ae0d3cf56e2c552f350b3f2bcb6c1eb924eef8c 0
52273a36af06f55eef1fdf993e68468047c4a66bf4072bfb81a95168577aa6c1 0
c0e107dbc49d29fccd83e4450dc7f8091cfa75880ab62012814d9fe255da43e7 0
e7b3b2193ffb61c5b878a1b9217607e92aa562cc3284e2ce77da093423f979f5 0
9de1cc11f2ef3ffb059e2673b6a51e8a640ce385062fae71f7826d565afa3a41 1
b4f0ac12058cf1d4aaa597f5b1abd1180e92a5ef0be8df5929d9f7907ad683e2 0
6e6e9f4b383dd45b7a909eebe0350111e18056a8965a3c3b25c70872a9c9a6ce 0
3cc595f72e3a8c15df41d27b531ca768358fdeefa6da25ab021aa172e0b8dec2 0
c8cb14f9ad1c7cc7509d20e1dd853b9ea3e6a08c13781f1f0d2e8c5147ab8f13 1
122305406463df57757268e13a3afd5eeab0565656aa1cdbd0d88b3ed5348d28 0
9aa9d3177e2b581846fd8aab5d867e799ff6f262e98681ce8795e6beccb1ff82 0
e5a59362d8eadbdefdf20f6f7fce337b4a2b7d6bd8ee47d8fea6e89f61767dba 0
970bda56fdcea1adbaddc2a544bb5c96ecce5a8f740ce282cbd14c1f4109a614 1
fb254872eba3b607f8264e730f3a3c1b5d837c29f2114bd7e9f1d5fe5df13d8d 0
1dd59dc106018fa77135e71d7fb3eaa4909b75a97904d7f35b3debab10a64b95 0
e2f27e89cd2efddaedf346e890700a20b2fbeac0f6a182e067f5c62c39de1f60 0
a22a9e1310bab4171fa3368ea645ba9a90dd69c08ce1d52e7960c20402a62bbb 0
55729654bbd2d20b545715640103757e7ee542de324ce45b3005357f75cf0483 1
738c07271727a94b30684dcc7cf4d568153513f5cd71566f2469adf9f39079c7 0
ac2f4c139d760dd7418982ceb7e2f0e7b4bd3b4bdb28871b0c94bc470e1e96d8 0
01321962cb306b9f6a19e2020803e46de04d62be722cce6bf5faaaefbbe07550 0
5f713f8b68efbacbbff422162c69bfae81d03073c300a7e04b146a85e1b195ed 0
9de40a3c839282c22b513e309534c382a9da379100778729dba45cc88244c1b1 1
22104ab4ab5c3086bba0cfcdc2545df568c2841d67ca0e6c5b13c1a62a886014 0
88518f13d4ac91a41f48d48c6d092538e96e46e35e6269bcd3ec24a3d5d19133 0
f43bc17fb7ed11f7586cc582ec43b857e6ab0ec435c2785fb363f9553fbf8978 1
83d03b3ef0b231e0333ae19f81013f611fcbac224a95af4786f17170df1f20eb 1
94472092ada4677a59354d7984027bc3cf59713819e18c2aea0130243ff1f094 0
b0b18dcc0b8af4f07342b32787c9325789a2ebf54624f86db7ea1446819e4859 0
a3a666d1ae31a1599d1815db55a43d5f286949b6ffc3130e19a65b1aa45945cb 0
699f56a746fb995a746a7fc7a5d518ea1700ed4a65f59e47332ca82a5892058e 1
8811943dbbd49e051acc0fb862ff583030b42a67fbbd0848b2041a4039327a2b 0
e25864fcf52a05711d8194f8b7b109c4f02b2dd08b85aa2d5a5cef71a366574d 0
b7f564d0950ce9aff7a2fc2bdb43649c4797bf5870a6bbd00f8e29003ba169c1 0
5b58848bc5c4acc6cd7ed7cd4bc618c163b85991638a04de7af1e095506fc3f3 1
6f9ca9441a4d4406b4df095efd686815e484f1e7e90ede9f02d3330754b1247c 0
7fdc21ad3b6a974a50ba39555969b74f2978771554b5ca8d8d3be12cd5ee5ff2 0
0a9680e2bb4df94e58b7eb244ecde6bce4b3b9560f54b5436005d242d660bceb 1
8bb1ca29ba9251950d0840f9facbafb517f6c0813e9359559590f88cb0a2aed7 0
0c9ceb937f736ecf3a14b430762b3e01483749a996f20829692356102b407c40 0
056d65c02827972571a9069cb03144e4c733c13f1cdbf65cd4080bb9531977d9 0
18aba582cf96add173832e78f4913db2b3956dd23789fe67a67762d191b80681 1
a90d21f1f9bf10d4b0fe38c461c406ca9dd2f7369cb6f72f7d16f0d94a9ffd8a 0
1750c353f4d12e85c1357255bc2297c3013ccee26bccfea27bcfc807aa1578d9 0
1f3f8a4e5aaf74e0ae87d04d8b124047f6d6d01fb372726b206ac4c6abc928f2 0
5128458e27fbe02387a6b7f5fa426441e6962d85d92cced48ae841bd307091cd 0
a04330b49171034e2a572e12fc29fe872cc9c07db267be200df6ee4782bb1a69 1
5c34f3fdb60cbdf7af6bbcf5561f1d7ac68392816d7ef5fb6b3e5fce5326c838 0
d8f78f2305ce0a65adac07e07629350e4ff32e41f484b63a51049e34f520cdfb 0
e5f0c66f8ec5f91e15c49add1030116d1f06906e9e2ed338fe2b4d76c7630701 0
363b8f746d8bfa08b7b5a50560ae2cf560ffe7ce276c92a0a76667ded06ca387 0
c43a8f9ed598823129b61abfc2055a778031b926023d134a6739d37474b6519a 0
334864e193a4b01ce4b7f0f4203e2c167406e768a3d9ddff9149cc2e5fea93b2 1
93f3b1833339ae56c8c1872f3bd93cf749d7d0d9c4c554de99bfdce1a3ee50c7 0
19acf0212c4fd444c41e971f691af873bd88238537769b0318b9678a91aa9b17 0
f9e3f55abce78fb7d08f329a171a445d9aad44611adb936e2eabb7b6929ab9fb 0
d94029e33b178baa1328306cff912fd3a92e63382314cc3a94f23a293b564e06 1
574e766c2b91eccb544f3e158f0a9e19a39d054f70d43ea6fcb43750771112be 1
9b0308c2e2d8095830fcfc8e3dadc2f0322f5fe807f10b0455b0a4864501409c 0
6f0a01d21a4971c4c87d286376277c7e4d82fe4d5b2ac22209e5755a9a25541c 0
285d081c4fdd264802036af6add0a3a7c2851d5466c5c7ddf556e1af1c03eee0 0
bab54fa3eb1ddf2272d3e535303dbad01b67490028037546870702e6f4e9bbc0 1
7ad65b5c2e34bcd97f859f20d8caa9bf4ba80d35560d3905e74b0016faed0eed 0
623451934d252730d178fc0c1ccee57062ffd25f241a863fdca63f4936aa361a 0
9bb58a792d2725c687e994c22e6609040a45c580322e70f829c0e46e92b55299 0
0ab7bd1502a469a40015616bf372262a9e8a71d31454a06710ed1ceacae9a73c 0
c700d259849754920a0fa959b657a8ac68443888ca7411222bf649b9f350e242 0
363f64af243a2eb4c125e7cbc8fb0200fe511b607bb0ca3f51b1e515b5b789dd 0
f09188106780379afeb3e655fc79a54163dc73c34a2ffdc40c718e1ff3a3bf8a 0
813c40161c5f364f11a16d745e6068f66a8e8debf8f90db91b3722b365d39982 1
6bd1c7d9aca0d92361dace2b6e8a7e67901d62bd6e17f9771bc76f7dfa2c2d45 0
cc45d3b6b121d08a71b5527377bc9d3e4305510566ea71c0f8c5c542e3c18d51 0
a547597fdfd2c9c5841b28ae0096dd0b40b8025614c8352a5bb4acc4cff9e830 0
11c32a16e15714b88a02a4faf7d15d3a9bf61016acab0a4982ea25a3886f72da 0
2d988e0f515c2ac10e02b9e0cd78ed03495503d6c6cddac293b88189e7dc893b 0
492bd1971f474fe6ea947d26f98c2d1a3750e97298a000312086c62f4ff8f538 0
a933263835aab211d65d5bd12406edd04a794e136ca0138ae352a07ad02d194b 1
79af3fd274182e4461f94f54a88579555f83e509612595e8f8a9f1d60a8e84cf 1
4edc52c5efa63e4a49431b9248c4ce61aed4d394439ceb8c2e38dbc7e5fefb8a 0
fa323f66dc7020a02377cfe9ea71e3f5b045286e3ef7435b83b56f7b7f29fdb8 1
fa0df6f4fcf47cb5eaae47945e4e0765ce586e15646e9cf7c6debd147cabb706 0
9da2b47ded25d44535a7e19c11be4c93448e5f815c3388938714e9b7ad78a0f7 0
269d0c4de32403f8591a5bdd55c2f7ea0a402d420ce005c37a88d831a2942c99 0
71c82aef9f05711c9b87d47ac5e0254a4698b12690723d275b39a672bc06db42 1
e5d0181b91cbcffce0f6f04d40ad38fc893408b92b3af6a68c9ecb76211668c7 0
a22b5207cc9c96c0c227f9df49b1e197b108d66ef18d05e0550994bab39a3129 0
b5971c30b136a47a045fe1e9430baf588ed75304cf4b768619db5de9e616f068 0
2ff8094a01bf7ae57502cc6ca8a95d033a9d8e9e969aca75f09f88455b4a9bde 0
1762dfe7d0b03949d7904dfb2ccff61499ae4098f0c73d6fe3f95cf0b89e5e11 1
b1c7c92c44925b4664469139f2cf3b88786b8a90332cdb2e51052c2e345f80f8 0
b582b67e27a96e89dd8e12670c1c934e74dac35e846e60c1a79dd5d4084ff602 0
b14889401975a256e608fdff104f4c363c60e3a593fcfe9d77d5910f3d11c271 0
caf75b4818cf7b83c78e97278594983e4082deda889b6954c4d4521fee8f726a 0
e6735484e323f735beea00cc3b06fcfc4cfdf920dc37fd43f657b22863710698 0
d9b6cfad7854411218bcf9feb0fab80ae96a5d5bf30e79827e7b4c57b4670d54 1
86b042d2947540e1b1f805ade4bf0c59ba6498f859d77ae7fd7da53901d1be4e 0
0eb9ae9c6b99272ddb4b327814e1bf6331deb66dc1444042db306d3ead25c374 1
e2059d034792e4df7edee61850da1c0bdffbfc8f406359f51296b378edd9b3f1 1
2a9c1964263eb2d00ae048f616f185f4463247b891f6a5a207b0095f80b6d148 1
de3ef9ff47ef7dd3d4e844a80abd9c5d68abd3aa2d81ba56e9c547a4b6d9b954 0
7a3f36e4c3e04fb02235de06e72c5ffb38a4a277e7f756844a016f1471d7f873 1
4e159c9640f389963495bd5c3f081b9c065d9fff2232200aefe77e43cc46657c 0
15ac2429244198f1277483246c653c26ce2a1a829c06d0dd2b6e0e732a845b54 0
07ae1cc1838620475b709bcdb85b72a4d94e917b0d7d30d7b336ec97a1ea8fe0 0
a28607552d396622a8728201471501ff23856843cb6b861a5953dc226b390b7a 1
79b360f0c4ca35c01625802f82ea21f150cbd4fc6cfe08da92dff875f8734b67 0
9ea164b165c879364782de30ad4a1d4f78a342eaaad499d53bc676ef0a063903 0
b0f0cf2dc6bdb83ecee4a44c3b28603f09611e86988c29e725dfbccac54acab7 0
b77db9b50e1ba8e80ea065c1e2553729070e921b8f97b70e227f8c177b6cd3b1 0
527e94770bb733ffaad446c7e2e600c70e9cdc41f2e87a64571e9982805a2934 0
61b772fa301a6d3cb0b86354118e58b94d2a050307e98062fcad444026ea8832 1
14f33b5871138b7e5c82db957bdd04de50c38941eff55b0d6507a0dca74d95cf 0
70a72eb3f97375575e8c01ed6ee856e11d32e22822dd422abbdc40d8f6e0702c 1
b4f31d85c811539f3978c537aad5f732d22cf232d8d84255c318aa8858195be1 0
fcb907ba1a092373d359d577c8efe174402852289a9fba27ff4911f43f007332 0
aece4443516d4be8ea5979cfce55a03277d60306c2535472ba3dfc86f381efe6 0
57be9e3dacc1160925904e74504fbe23bd48a9814ec0c9b83d6e3674c313b36d 1
ccc710b877a579aa0ef1629ef2f0a1eeea9e9ddbfe5b6951989188cc58306384 0
9657ff6f65d6c76d7d0a37ce2950653651ec820312838cfa139ef5e0bb294879 0
2941f86033111b922665118fa234d0a4797e6f28da50cad163e1cde94c6172db 0
174b02de0817f877957a61b067c6430ee333d2eb27710f47bd95247308cc3388 1
8e3ddbc84e2f73457893e061d30c8a198014b537d6ade0aee64b7b437c8792d1 0
58ebf2950a6b534521675c54a9fe67c141bf2440b219200ff71e8fde24f3697e 1
b5dd7ee73bb2b29a96303702c0a6c6d51f4410fe3423501b3980f74ee0df3e58 0
1b1de6a1fcad2b8c752ec15d74ab2e9fff87f0a3ce6bfb63b405b56b92e63000 1
f793850336eeae2cb222eeeee67586126f7181ed8b0e027509b92f52c22dd0e2 0
84362f9c9baba1a72675d4d055ceeb9f4ec0b399696f58f08e909943711bf77b 0
705bc2bb18693140ea49e5e9347e836683cc889bdee439525ade739bff856bdb 1
11d97c544e484d57f23c3205b3dfcc172ab968ac14d3523def3d401a7cb25209 0
4c82b822670358c15b6d7caca0f6689944a44112c0764fc42ad9e4e03d11cc9a 0
edcaf3df7983140812c800ea34b62e96d2fc8a1969d20046ca50cff52879d5df 1
7e805dcf4310917fbe90a18203dc18b04063a8030767b88fbacff623132bc29d 0
9448811a30053aa350755207a7d5230a65116a02b7919dc6c992bd81c0566e04 0
242790a6a3489cc7e6361533e0ac78d56c470b5d9b41d55707a085ed8822280b 1
be6f466b4467090a7e1828a4d3673ec6f88d2f2678e7f346e9308ae2c565ffa1 0
b142c97c3881dbc28862f622fa847f76a012b01e9aba69f00c3aa89b6991c2b3 0
5afd745045ef6b6d2763c6cbf6a282674a9234ba3f8a665088422ff40ce05768 1
7454199ab51237ba5dafb7dd0169b6b75d5787f023768f91182fdfd649006ed5 1
4aec14476eb38f30fa18c7fb7b750c892fcf6cf678f30fb5f54821c3380a274b 1
02305702011297bcf6188b7fac925036d3f1a6991b449c7f924125d6a5e841d9 0
52d5f0283d7b7e9c2ddd9ac2e6abd87fe95ecf9a9c7485d57a1a4b5c45f88aa5 0
bcdead440f9d80ba3a6e974a0ff23c2824be95a015e1dd3117f50bb2df8f6e30 1
650cbc05c0c5dff70a0791bb9e1f0d7630368796b5d8a3424a0bedcdec9e66dd 0
67f8c0e6202d0171f1e1d74306b3f92f88b63a70e55b3f11ea0d17b04e9a40ca 0
9f22757407af8afb228b0d7802c81dbba0eceb6ec476c84bf0d405842cde0dac 0
df43a6021256521409addfef9d827ac87448d84fea2dec59ff1fe6edac54ffac 0
9cdcb23300badb48714298166fc5805061a5fff8efb31f666c210107a68cbb8c 0
01866620da337a5c3c7d66591802f5b738ff2a5903ad74f1fe00c2fdc11ed91f 1
5cbfba9293e4074c779371e036ee27bec0bb070fc3e2437a27d97c4206888278 0
b3d4ce54d02c9721dfe658f5635dc36c3623fd7c95918f20699d0a6b84a0c0cc 0
181e50c93cabb3e181c1bbd0e6da3b40b1a47b45b003c1b7f64dfa4f870965c5 0
940b029826f4c9aafa445ef545cf818832d1bef62a8d0b652f36c3354d991cec 0
b969c27f415f9f9796764ecada4517942dc6eb84bb2281dd3e6030b21ed45aa2 0
981fbb9d359edd2b54fd8a450bbc288cff6a2c929a15d998c7a443a8114d8b6d 0
b7807317f0b0e90b5a68e4c004e665f6fcd5449a752b0cdf0fb1c81d0da22f3e 0
dae88d4d2538b2f1ef5bf145a06839fc329f627f14b7a9dcc23019d17faecbdd 1
96369eb6a2133f615c13d37690d5139d667c6b320a45b1f9adaa5bc02dbdaac5 0
ba284671017ca440dac0bbd9a6823c3873abd01f9ef80ef2d1f904e61b3bc7c8 0
c7aeee6baf351e7a40a2cf420b06e2e572ecc8f8fabf9cd1c1c4191416ae5dc6 0
3b7d4f92915562603a2bf4c5bb152f8e764da93014fc031fd5277e663b85e05f 0
f27907180e7047b27a14921e0cfbc04f20d54811a9bdf3e806bc207be040a6cc 0
dc37e90571105bd7731908ca941864aab36050eedd149e4b27f5c23c60be2774 0
e10dac9f1f62abf7bed274d0e4d7aeb96764dea84d9434b350944e1a1ad792a9 1
723940d2299a28df042688df568970aef5f5cc913025af8947dd37ea8dda0db8 0
49f63c687d95b44b4653b73b12e5d8472f00f1df26f61545618453f00fdf1f5f 0
2a870655cd74852b6347f125e5f9f5d1fad6f04ccf5578971f7e3c132c04bc9c 0
15cf718cbf282426585da0820077e68ea142a9b578433bec6c39317f6a90b797 1
b289ecccf0780e5a53310405cbab443b1f257130d41b05811c498f8dce2d2eef 0
2e71c3b9d14ea971f530b8180eb728530804a9012e44d1b1d9dbaee1c9e28dbc 0
5deafdcf2f88ca84c33b19e209fbb43f6fe379c70c4315c7a0002c28b3e96200 1
dc17fd1a20740343384f5a92ff2b9ac39f4040e04d56648720a5dc004cd775fa 1
5797935f81ba77e36c5deb755ab9101884eeb27bb4aa4f095d7a727236b211c9 0
356241feb0ca8e3ebfd9e65ff815d35f68aa09c90cc6090da5fba0f663dfe0ee 1
c65843de932433605576fcf820e57beb37a9e64fa58a637611cada8565481122 0
3f28d62681544a6e33b3c9e82600f638ca3a9ed35df7edc50e11e6552ee93cdc 1
1b53e993032418831b791fa1809ff9c18d2b516f49786ae66a59ee80bb2c9c96 0
e8b5d4688478ff3bab0e87122a21f66bcde135ac17dcc32898a7f0ec505f9503 1
4acbf006c9a506e7ea0bc025304967eadb8eaae6c92acd027d94bd5c297879ee 1
7d73cd3633d5cf5b500fe17c6c4fcc41d6effd3acd9e666461aaddccd45f9ee7 0
9c862e6c69690ef1df90b6c93dffd6142359326bf666fedde5b8dc5ac3ced407 0
77974d9a489856c271d5b653c3b480c2f43ee79700035aed7c7e0d84ffeb456f 0
dc00964d51e3f143048ddc5dcb5ea537f4e43ed33042c78240c7091e148fb478 0
a66c993e8138943ee76d833663d2e5060635e3dcaaa877f1609cbcdecb292f24 0
e1d15ab724e9944a8658380d93f3e8e4b0ef878f0d1882ff4a3c4c38829a26b5 1
67d21b630d1a91a15fe4243978f9d1cc29ee6d336c20e0783f65cdf962476f1a 0
31672867dcab82f897515ec114acc223f5efbb5dce77f00d29faa7d2214bf2f0 0
187305b23bea50a34f8884d3f67c51464077c0c18251b60c69c4acaf334ad643 0
a90536c90e12b6c7a779ef456faefa3b23b2852db9fadb0000d5c63035eeeb20 0
71b1de7308a833ede6563a434ee81d3cca6d9cc4b17f80c9ea1f274214373056 0
11140a362702a4007dee85c3a7f20cf1ee667649013637f7f77933c14000e079 0
efa5b4ad377230d94156e1228af41431d72d29fa943923096917543c931fdaae 1
e69397fefa31c1aa251840a909d64f5816223312a8f7552222efc9ba64bdf649 0
bc3ea793afeb7defe052e631aa3d5f436bb4c73211be27a5ae7d46e143388a8e 0
83a07a5f831fc0ee9471a4fb71c17954bb3916d91e4c084c04eada3860f20546 0
0bca9874a3545fda0c2222cd923a78c29e19d7cd407e43c3bafc79b3dab9adec 1
805a23ca782bfbf8cb883eb9ebf291f17d18c1ad956e63969c085e6e0308b1c7 1
707696cd7b868182cfb9b0e726c17dcb97bf939952300fb64c1f66b553639c79 0
3a6efe8325fe5797ec5cc1a669e0c97f4438f6ecedf2ac0c360a3d50c97310dd 0
a7eb648ec8faffc01051572061e1770bc590139b0643bdc1e2fe57c531b3a84d 1
5d0598ee57e1b1f25229b475288df7e89a2795b3c13a8918cc81ae78d629dcb5 1
421a42ccf4bdb379fa44b58e3ae5b5c48389a8777ae10d35fa9a536eb988371e 0
9bbf0c3602d133797f0284390130b7b8f4cfa634f55f495a1fdc00327217f20f 1
072fec500abc0557b075d34d1106ff66cd49f361ff64fdcc869a9df0370d8b2c 1
e869debf97395919995b31446f8fdf617cf460f3deb5e79a59a80041079f47fe 0
79909300831a628be7e80914091fec6b3ba830c6092a0a87067f47e7468af46e 1
432fdc1b8baadfd8531664a332a12eca90eec188ec4de0a469071fbda3e62237 0
4a6f1d5e4b02e322cc4e64902faca6b418050b2dd8a6cd3ce5d4aefcbbb5df60 0
4899c163907a7a86a01dc8cca094a3f9563a038bf42d3f47e3cc2ca6ee71c97d 1
57cf8cfcea2b2d18cbb06152c1c0a16a87d76f7ada9558c5787a1f8dadd47d77 0
9f7fb9a0694f0f44bd6a10930c2ffb822a5635b5d76848931aaaa9985f471105 1
c3f2b7b609e84e39935e4a5957a3608d926b1c6e9c951cf17b72e25b39bad4a7 0
abc7213c8f67ac609121c0255f023650d5f1952e5c4f9699755f79f34ca348e5 1
e38cd553b22140d02ff120919f5a9c429bb7ad844f491d87fb453c1804cc84c3 0
98613fd02876f2e1c4479cc716e4d2119fdf278088f2629bfeb5b46af63bb626 0
a73fd7a39368986fd668564e9c549aa23eca9976cec7293d85beb08eecdbb54d 0
8698b2e09dbc0877bc496686b15eabf1852ec212f6e65b7ed1defa769efd6c43 0
7c9a56559e2477648e9f3e36e24d41ddd3427c42db0cb471472b89b6ad50741b 1
114ff874fb82303d907c8aae8f15721846e36c2065017b373514f3c3a307f886 0
6e53c0881754629c86351831f880a0715f459c1a2dbaa17f721d166c3409b8b6 0
30762897a8ea50ac0296aadebeb1c615294c3a6d232aa7b46be21e9880b07c4c 1
43abf7ebdfa2f9eefdcc87704f0caea88a44d551c2bacdfa7d47634a715b1b00 0
55e7b4ac7836dc45588a8ecd3f479fb19df1f491e6bd8661aeb7afb84d11bc2d 1
ce8d92d3a68a2d9cf8729309df9d69ebb9bfc6df7af2458449d44db151e5a1ab 1
6b2c1f82a43a6622b0a8f447676c52587409e561bea91a8c436e5c661efe154f 0
919407655c71d94a771e9ac4baf57b501bb3143ee3880a5dd62a8efd36ff23e6 0
89875fc20fdd4d64d6f0eb633773f403ca2e3f0d27b6e5b6ebd25eead8bed515 0
5d97489eab50956629aaaea9d190d6d55a6bd0bc51d803405a86085b2ae8d00e 1
675c9fcecba4ff2ad81e1dceba1e3740370d89d55f4a46ce8239c91e0e88a569 0
30873fca61f9c90c5797925de17d28e3b51420d9c564b1b0aad110bbe183ac54 0
e88e9aae311e5455b98349eb8bd0771b5e25b934063e3449a65c1168ae8cd96c 0
b71854453706c0bbf475b38a225c739a9501ada4ee47f1feeaa1abcb69a78dad 0
a807350b141152b64f5b28ea4a6c477e320bbddeb654863961a62365abe12abf 1
fc1f97eabcabaebd8afe11cd6bf9d99994eb3a0ccd25bc7b1aef541008fa4f61 0
5424330af1afe3f7b17e93ab9825bebdf1649c2ced9da56575c87ded9d3bd39b 0
415c7dc4a683c0179e49f6c7cf914059f791414dc1384a15a9a3d1f0fd054c07 1
f53209eadd0536e9cc3aa4bc2359f2b6aae97dfbfe70eecaae1bf8d3719af324 0
12c5c1ac2a1aa89f57cc5532ecde30e1fd72fa260f306149f9c6d93c03ba2639 0
f6ebe7b71a0a375cd62cf74e12e15b34d844133edeb0f9c6f52e3d4715d9a1dd 1
64ef975aba91786e20f188c528413f8415be5e157f2dd408b3391cad09db1c09 0
cac845147c544866f958a3989c5353a10deaf57b7b0a820ba58f57af8483ed47 0
6118352b1eedc1364d198e68fab65e72c732a4193c67b10d15b3509f7b6699da 0
723e48f362cd7aab358f08bd7491ccc7b1a63e1aead06a77b5689561798a5032 1
da40e93350605f2221ea545bf553fd482f7bddd1b2acb1c3607eddad40a3a654 0
a794404d62436c2277f1f2a9bda6a10536d9be5ffef66a578002d7dfeba0e82c 0
4585ea9a17c5b8ec31a37d30484f9cd4ded808c04c182a15ef39f6a7ce22958f 0
452fb02b631951c9bec8b8d672c90851d6ce75d60145b456f3bd869e0321e39b 0
4d1f631d7ed532478c7e3ff74c518f065f1a23b6acc6dd2f2c23766a1dbadd34 0
3a66d90d38c34a10c9760bb83acfdc77fac5ee115517789b88ac99000548ead6 0
239e6b8cacfef722b6a0ebb78044fd1e158d53a7b0a9367ad44ef8ee0a68a6ae 0
cfdc0da2d9c36aef126c182a7eae328df0e742129fcde8cf35f07873d182a494 1
389077ca728e088d3b9e9770c6b8b8f4e264581d000c738e701f5aa7ca82c5cb 0
5cb57519dc11f8a06bbe44348457a89de21244ea3c31f6dfd7b688c3b6175697 0
0110473f0521098b7acd23ef43573138d0ac62d961028ca43688c7e615a0d4ee 0
643ff1620e31cbf6256827ec36eeb3a56f02b8de642858cd6518ef14f2f9315c 0
81a3ad4e754fe408fa3c84c0134ad31e172194ba3b625445f070fa4045e76ee3 1
c1a9ef3a4f3bd2ac35747bd1ce78dac8dc9c612e79c6689738e4923434af3112 0
91d43e0a32498855c3dbfeeb79ca28f2831d523dd9dfce31218b5b8ffd24f5e4 1
aac4909eed42d4d3dfbc5fbd41d74c6d66155bd2d2e98f59ef67d724fdc55a0c 0
149340bb7efb40a50f5e157711c0f57a3e71ea8d04bbb35f774642d0c76cabbb 0
5d4b89dc748845a02c4be37d427a9d1c31bb4d34e8e2956dd739cb19ac027141 1
f16e16590d6e487f07d316dde90a56adb50a02263cf0b8847103f7d2a7323d0c 0
93b726a6ebec4e7d976b95c372bc8bf9330806287233d1fb253089d8eccead98 0
107293da07aa8f0d8252f5d87c130ccb50e9f54aa3ff28c1f4914706cce2f4ca 1
597bb129f938d92c823c6e2840f04af16d60bc5c0fe02f05700f9c9b1997fa9f 0
3bc9c2605875e7c86af72b1d60b7e3122bafe6d2d3227a7c320ae12bcfb083b3 1
df17e0aea2127525e491293ab014299a0237b9ac9782305f7fd2964addca1f60 0
409d441b08f9567f2552115987f3add838dedbe3a30baad07764f91dc6b28f62 0
cba645ba47858ffd9b1621756a44c354958342c0b76d3f4b48806a7a704baa71 1
e9603e9eb9580d03684ab91168fba7e077016768b4bc3e13ed355eb91ad0eea3 0
25d3ab21158379117003fd93d9c7781b6131e209a773d79318a6d07aff6fdae7 0
e7e8fcbb21cb2d512a906da7112021a54be291c8e9f37a5868d34fa6a382a906 1
9b1bf1cdcdcf1f9a37dafc8f3d863f5b53388c5ef6c8cbcddd9a91004709e923 1
8c6a6d47d2f6118604d5af5a2dbf0762b6e0d099efaf587571862960edc15fd5 0
a10f2962a0d27d58e5450906f5199acdcbe927a2465f6c67ef24958518ba74c6 0
606c02ff010d211f1f1313fcc7cf5b46b98191dfe94f4faeb538c2255f95eaf4 0
4f52b3947f3ffac9f4a6ab9eff33c0f58361a1bb3e8807f09c4f23222929619e 0
9591692762981a1652c97f5b63232b9fafa0f2ff33c7bd960cc6fc2abf85a4f3 1
2de0130f40095702a5233007f7b0778e8f230590194821a34f46b30810b2b65b 0
cfaa7b1a7a50acceb2c4f5fd801769a1d24be0f06b7a9ee11c93619fd5fc452c 0
2357fc635f79a6aa32e422572b2775fd3617d1de88dbc887dc9dc110d57b9ff4 0
da2305da9ac28cdcf9117ad67b9572753eb3fa8c00e498dbb99fce98d4a624b5 0
6c81a18715ea662327f7a0cd51d83fc379d726b390968db3daa83e3e9320ee91 1
4c5105b3139383f05b21af73d579e6466b2f0e1991a2ebebc2ba921b3ba74e3e 0
6dde3117275260a5b2ee6b1ca60e9285a57b559326c5c22011eb63b841f91c3e 0
75bb9ef9020fc56d004104db2a0a580391f414760406bba7aa5af1b16b6f50fb 1
a1a8503daeb188c9bbbdd10feb64c13572776f48d9bc567f593902f586d9f569 0
5fe8c066ba002a42e8cbe6c2be53c6c10eaf4d5f7313845d1b8cf8b8a395f622 1
575f1528958cfac3e8f7e7020220724edc75b96e28274b1564ee6621fb726bca 0
fbe982d2c6d698e3339fc71b733f149c1e528e607e854d9b82f523eea197bf5a 0
cbcb572677f6e63fad08e9a88868a78ee8da561fbd47cc6f6c3bfe2c5fbdd7f1 0
45e587245600a5228cf616eda09d7bb5e6c420683cdd0576ac06c8e287b51e62 0
b775d14e99ba866a2584e9394b7a75a564d8c159dd3a57d26465368658045cc6 0
03af44aa9b40329fb32695cfa8acdff70377dc5f777b7f97bd391153d6aa677c 0
047d48a632044337726e4ed15c615328741895a705ca8a22fc384defe68df77c 1
4d64255da4f8cd64abe033daf011cab085fdf0c1374b305c905a11ec3bbba169 0
36b0430b0c6a2981e00af46658e42f1663ceabb4f1b76fb82909753c4f6a3fe3 0
b929944887b36432ff931bc9c2cf0de467cd523166b042f657f79cbdef30d437 0
989ca8b5fce18c9c1c8d0b205f1bf8f6f7ebaeecfa87b04a1fdf0e3058e1a4a4 0
37080bbc15638733ecefa9d5eb88925142b52b37869e82de2d04f0f284cdadf2 0
bf97016ce075fef63bdb4f3bc2a0d0621119d243f9871bd1c71a3cea0b058221 0
87b17cbe4aecb3ad3c5af1bb2d296d77aed20f287bb68bf69aaa6e808852267f 1
b9a6803a372e87285df5aba42564058410dbbff54ccbb1ec00c556dc163423f0 0
e6648a2ec302ca586b2a3bf54ee7797ca70ce50b289f84572c048cdb891dca9e 0
d859d30feab63e5fb153904b64fd087d75416003c8c07d5472435c525b9e8cb8 0
59b174202a829d1fb47717dd2f04d61463bfde0e056019fc14d8465059387da5 1
be042627117fcf9a498fbcfb637520169b240811713986c632b0d9d897b518e5 0
b4b293cb7ce6c09e3ee44d6db9ad62680d7ffdd379843030d05391710adefc37 1
2520f1baadabdc1358e0f731228ce9aa512b85700d648c89def8c63d7f8b3054 1
c1b64807d2a7f8db2309c88a465d504becd42fb228d4a7607cdefe30410900af 0
141a1a2d83dabc7d5ace5a4929ec3d1578cae2f6f01ef48b05b3d13fd8de51af 1
ca4b19069ed71182287e69a445f848050a815f2c0da30a296845a822545c4c35 0
b54904d520a331f45ca038a3d36cb98d6d6ba791821264b49cdf9e8f3b66d916 1
c4133ecfb72fe0ddb9de85c11153edc06778799dbed28ff6316e7357cb1b5e2c 0
45e0ddeb07418ca58db598af1bcfe6b2ed7d97749084eed5d33bb3decc4e803e 0
5c031646da6c5c76a12e1def21bb09b3b6623ccb7bbea58bd4da21f79378738a 0
a892ef8c9106511dc968e8a0213f05bc00f3f972d81bc3e470dfdc63e4345eea 0
d5e167936360bde3139f4d84f9ef562cfb079834e2142fc73eaef72ca1e23db7 1
e645fcda8203c161a62d1bd53e6127816239dfa41040b100b2231435523d1587 0
c0aa44227ac8b694f4e43f50d9e4f8572960998092f85dc745adb0f145c9343a 0
fe24bd48bb9fcc99032e830abd231381fb60bb0924dcfc29d5fb743a388cd039 1
f5fd7c4bb571af25e32b2fcbf38a16a071f64b3a8d4bca77bd8fa291796b9aa0 0
524cd134b3e3c242c50d2f7faf2b3d9735441c1a69ad7907d2c950df15a56717 1
bb8259de379b4c54b9642a5246635e78643253d7b8f06191dbb399fe87ed8b82 0
db9bb156909826ca52416dac9608e9c22cfd468ade298fc7807a835816810d89 0
2fb2327f65b664e5e0cecc80395f8f5dbe45c8e2b85c4013aa3328c84c11e55d 1
f2b9564d8af1d4192f49b0a32c90707a5b0188ad545674ae18e3defe7337ab0f 1
b1f2fbf9c6183c97f5bff89136a968a3b90b1c4e48b7b6545702c0c579567c3a 1
73b902c9fc2ef616b302b837cc320344050536521e021e883b9a1a9b09bb50e5 0
5f730d92468dc4b4e3294c5b280687b39ca3aeb28bb0d83aeff4a8ad411f82ba 1
ffbf8add12a0a2bf87d8352c9f682810e87a39a57ede3cde90786129007ee77c 0
de7fea66b9cb7425388f9a842c6f4c3f8f091ed7042e2fadd7e6160dfc17a741 1
8874dad3c13e3411887d581fc7595d3551b962e1ce16d8723bd785991b83b5c2 1
dc3d9206616ad978295677851b4791c67337aa329deb24b3a46e782477e59951 0
68b50bc1cb6fd972fdf6076c75ff1b940af97b55753cf1d3652049c9eab72e16 1
6d45d1c2760dec351dc1c22d4b26e159eff1badfa0eb6d4f28992714c23f3b63 1
59e33c2deb604bcc66b704f604d7f3d51237e80c4eb31ae2997e160198a84cba 0
02a99f5aa23ed3eb4ec5ecd53a47068f94f85f349962e2f29d761ea9978f418d 0
d94257fb0f7f8041b225c24358eb693b4d8d0e00c92b7b7591e46e34e1cd35e5 0
b1079d0795ffff6b6b7ae569189377cfa11a8a8b0d6afb9a3e4bb6ba489e7dc6 1
efabfcc751f323eb4e31eff66f3d6b01619b1a5cc2d6f341d6e85d2b53b1d055 0
8c272a8da441c03598d75d9d2996c2a5840413f9981165ce44285725a87f4dce 0
f623f21c32d911ffef9a9bf9ccecc2b2cbcfe1c84c5720b3ed59af1ec1a86133 1
e345e5af1f0da2342d04f45f4a5c3468bfe8100439d7302a6917d26ccb6589e0 0
7d713d12a2197000be76531d14b0b2dedd4d0019735dba4b897a111876f4c304 1
e724c25fb761e2c4031f5c6aa949f86a0514e8d7f13e8655da75889c9d848f57 0
a1c8b71f7767ba232ad61cea2f3492fc2f245eab46f933f4e408158660eccc0c 1
16aefd1c7600cb7c7b8ac75109c4b10b8942404e9a240b23812ba58129d1ac82 0
ea1b44013a27b369e2cc996dd97d5246bce2582542a0e07d84a788c62b4e702f 0
74b0cbb4021c17b7903e2f023e66dde6bc84110890a8191e4b7152b44cdb1c1a 0
9565cf496d208cedfca1b8351a73f3e879c136a6aecceba1e36c334839c87509 0
11c1e34ccb69212efca49f80350d586c70dc7400aacca6c0f5b9d5712b8b2b69 1
9a9ed8b16138a34a25a0efdfd66b429747796fa1fc62cb85bdd00ab4e455b37d 0
39e329ac05d3bbbab5a3c6fde48553beb7fc71271213338dd37b9af4dc2a3eb4 0
994de7fcadd3072d894687abc196cf32f378c00bd821a89338614dd48dedc36a 1
a6ac981fe051b39a0ff02d2e60ac6c4f1094e24a8ff16e53cd6c8ed536913728 0
070b365d7e87b8d639a14e9f11d086893bf2c24ec02d29a88389588592fb1af4 1
15d3898c6295aaeb10c8c9e1b7ad7d66f98211a39d0bbed3e93d5347dcf97941 1
89766d1aa5412d1c67b90f43ee92cb0bdd133e0e941b74bf655457b22d0a2b09 1
72d2336204c7902d258256893cc76a80c753f3bb70b04bf11310d06155aeb1b2 0
084c6731f2d4ec7a8aa1449118bc3c882eae5fbe943c52eb96a78c8c2dbed9a5 0
41fc81635bd05346344da2cbbef46c009a28367b21825497d1ed8a14e731290e 0
3d7ea16c34740d021d688ecc243b4d445639d40e27244f606540eed8f3d74273 1
65e2ca850db55c39796078b39ef4ab7fb80294608ef3b8e38a67bb0fdd26da7f 0
b98769ec0ad7df6f762edd4ca8e2f3a4bd56304b97657bf4d40507622ed9a163 0
c522cc3390cec52aeb62aa358b9b51699cba3f994343eb88e9df66ab1d8aa4b4 0
55fcb273894fd2097b0d13cc70f43bf7831459ac232062baa124721edbc33a56 1
6e1f482ed0e1f871938ef42d20001462c627ba3641e0a12f13131a2a5a393622 0
a3eb22586e2303b6ae0247a3a631d7defcf022aa52e714f93e356c69bfa696d4 1
05084b46821690a6cb385a7ddb8ccb5da1043668e00695f35653dccf2bd00816 1
228ef3497ede8448353a874a26b2fd2dfbd06c36e6ced25eb9375fc1dfb7a188 0
f5f85b90f3f67f4e607963c1ea94c3b91914eab763a684b67d74ea4d8fb272e8 0
a6688980b0aaf313e9274f49a0093127cc47e4a01d9d8d3bd2075c17cffacf15 0
9711b4e2e5266ea6f193028a8da4ac338bd4f567f0d3c146bab56e777f3d5972 0
dc76b50c561ad216ea2cacd6f7863b94b0dc3b0f50c7a77420313520faa8b08c 1
8ff110a78fa04c37a3dd6a0ddf5391327834881ed585cc4751e65b7fc2fdae30 0
09ce59c2b2bf9422ecabe4b1aee72ec153a45617dc7bdd27c0be8ed122f0fc5d 0
63557fbf6c23ca50072ee66e0483ca44b74d23089256e9329a98746d91e74db6 0
3babbf82ead265bace1dfd0b79450d6ff1d11a97601e152501a10914fca75b44 0
e1ae579e3878d7a9f9e36f3d72a5f1f3399ccabbf2a8574c0e44ba49da51142c 1
16b7151abbfe0d91f775e8a84a368f71c9ee3216326ba7ad1e8be7d28377eeb5 0
0d707f9e69ca9c729d36fda8b65c91a4b03c22c784beaabda270dde7ffc2e7e0 0
32b67476ba93945178209e262850450dc5a811f5b247d79fbfa0cc1333277873 1
99f5fa921eb529af466065d6d8b177df45e7647c0e3877bee4a43bd5d8c9a78e 0
1ab2dc47c98bef8bc198ea040c97e8e4f20c4d87dcd2e286c99b6020e55eae99 0
68c57ae3d4903db1ca4c7360e0df8e065f0d39f2cac63cf7fb85328e782e83f7 1
db7ef66c29c70e274267bbf32b1fa4cb6affa68a009a8a7a21459e62ff5a8f71 0
c82cd177f3efd56ed83f097e90ba64859c29c0ad5359d8a20e3e9bd416c65fb7 0
71090c5f4d95ae3dad92914beaa901032eb3fae63028bece1f8af44b46dd8fc8 1
12e74bf0120339b97a75a4b82e0e56d934d15d533d52cf434016f49b1f22b2da 0
e82d0b04f32423bb11b69fc806a7140915abc639c6d38e10721b11d01e567c50 0
533353ad3f34bc9aa85426a3634a5c2efc610549e4a010b9c60f3b84a9311bed 0
e013e7de99b9c761e5d202600a8d004a73ebfbb1a872932909f60626a4923d20 0
991c7f4e594836a53fcc222e9456c327337e005874210da0cec55e79841744f5 1
502d784abacd3e4fec4a57c8b020f96426bf4245d709b22759ae706726f04ef1 0
6f7d44a4a7208d8bcd73b4628e34daf702bfb42dc4a95b33cf4bc267e7ccaacf 0
b0373c6cc9f84ab5089b1287c64cd643b6fa95f9aa4b24ad43911d3d85ae0f54 0
3d98c3d338fe12d3e1decefec87f0a7167f680dd950ee1b33938b149db64a13b 0
33b641aa51bbf2479b5d0c440d7f0a4ef34375d90c6329612517609439efd222 1
8561ebbfbf5154da3ae144014d5f55dfae866e636a1e2dee5a5394e6d896643c 1
6707abcbdcf2184b4fb03f88cd3b1137bb959fdad9ffd0d1fb6f359a1edb1940 0
13490765ee6dbf595eb994d5cc81f486a42c4d609887b034fd6b0de7d1e58fd1 0
0ef1fde7101a4340534ff1dde31e10ff825513faf0c23481e7ea32816d5d6f4a 1
335da56c60c37374d66d5ab5c6addffd2baf1a3cf22acae6d31e04f5878f6868 0
eb48637aecf6996809938a86ef362dbaccc10f3ecbc7b458458ae751116ee2e9 1
17401d10a4b9dc66b3b62ff68027ea688b3c0a44a70ae1e5ab447e94df28f2bd 0
3bd8b9888fdbd8baa2d2b461051d6e6d2edc7dae268623c075af514ff8b4c466 1
a2f9f77e895aad63674a4112cfd4b28a99d2922261ea357926a1a76f91cf8744 0
8218b7f672aaf688c23f4a574bfa2e6c140e23cb72280a5ab56e5088fb6cbee0 1
42951ac145dae3e3a4ab3dc0f60fc3ef123e12eff64e2b68ca1d7a56eaef12d0 1
0b52da094079a9a798b4bbb7c4bb872726265d852dfc75279581685f5dbf6a19 1
72bb4e152026947ac204cfd01f111a5c3837f9973fb9734de78c6908f4d7fe8b 1
ac79eb6a2779108ab257ca0243a496d3640e9d3bb7245dca78fcd11a67e4871c 1
a16d2fb5bd39d9a7ea6055de5e576e2a8d7c691530c4b8c2d4ef4804dd198db5 0
845b48fa43e50c2919f7d5911c40cdec256e0f978861c8705521445071f45529 1
1363a2ed3d75e8de61ec35378b8449ca08f6cdc44f617bf799d24c1f80a13c26 0
a82886ad9ea231bba280b6ea82c9b0c687c0186bfb846dfb652dde4b6ccdf448 1
da6e11b4c38fbfe32e4bd6432b9f03de16d89bf35a5639b259630fb438b7bd91 1
64d5a6930685a32526bfbb374adb5172108ea5a08d7db27729615295e9a792a2 0
553a0b01f1641757c5d361cff6115ebc9d7e6f5f1dc5cb3ef92f3174e33be154 1
d901b64a777a34089d30228850b2e95097f81b0cba6aba36b5caa2bf28071da9 1
8b4f9f3324763b10fb9b1412edf19f8fc065d54c4b62f39ca1fe9dad7df02bd9 0
f8135111fe83cf22d1a2adb30421a570a41bd2f08bf91f9dcbc3a2e1d3492d47 1
f15bef069376d203ca9529f94dd002d0d29851a18e8631fae3852c8538e32a53 0
1de31a6ae62eb8af54eaca38841dc38a33e81b2142d7958e49b9aa104c738bef 0
e3cf077573d30375081b80d338bff4bf39563f8f1d97657d807db30f26a2efb0 1
bb67e0e82a9af41c41fecb33d24b4c7d6641cca4efd4d23ba896bc7eda481b38 0
87302c9fe8268f1a9abb13da6c447fbd18cea7de6d5030f679447d85a9c15298 1
572710cc43f66cf475c27eb2052c0e6dc6d63a975b5f3fcf2d1c28a57c246c01 0
225df8c7a757e00da7ea7ab8d20035ea1e98f7f035cbf6a6f5074cd67e9b9a12 0
3d843cbf7299570b1ce77cabd9ebc19e236c6fce19c73455e69d58575235660b 1
c115df8682d8e8d7be0f27b624d6dcfedc1d927baa57748c9415379034ff3b0b 0
636b78f0197035715ca467f222729467cc62d8cf97513247ef35384e8943ba88 0
b60ac1b8915e0ddb1426fbcb4937671cfcfbbe58b8336ebc8ceb4a932ebc22b2 1
d5eaec89f91d07cf6f8ca9b96f09b918e69c90267e5ae1daa66bcdff40eb437b 0
dd385e4651c93647afb1481e85ae18dd2761a9b250772745db81bf1030a5f66d 0
61afdd32904006c4b72f1d8e6fcc3a818a2d4ed1e180f60d70ae52440ad99a33 0
c5efbee17fb9257253fdae4c187db7f42d48b565e07f3f5eecf663bc30bc57c6 0
6c5e1cfd59072c00830e797d285b38b3404fc412c49d7f326cee6b01b0283cd2 1
2637862c9b3667e66c2ad5eae031c429f395fccde809f2d07d1badaa05879d6e 0
9e7813f82cfa324222538abd91322006c63fc69fd683e02daf6356d9941c6524 0
46a81ec46c326cc10c44db984c8095a43a91aaf002760c6b5c0a64f3ece6fa0a 0
3bb44719b0d2e9be1369c3724f610ac7cea8124037e44dd1117bbd6745eeafde 0
4643236713972a5561eaa4c10577b25cee42b5210dfcd9fa00ecf961475d9e6f 0
9ead625ba2c77ba4a55cd4679ef548c209d040f63194409347fa3af2b3437b6b 1
8fa5f1dc4d55809d802f60e9df5301fc1c93a59ec437ed46f7b6a0cc0e0fd938 0
a198199d657b39b9d50fd84fa0311b9ec4623c837fa9a7d1bd7f52b3207174de 0
1bfe5f1ec6b3ba554fb6d435fcb8924b06584c4ddafb6874d96fe9087402198a 0
a7b33a57f99d3b33da848a060085b28e2bf61d96fcef701fa8351f62c4ba3fed 0
8e5d87d62fb985fa6f720c4f304d4a032eec3e43a080f7d33f74b84550f187a2 0
c0aa272a7551c42a5d3b7f19d2421183bce47b86d8b8630f955f2386fee485db 1
9c0d2a0e5235a509840edceea54b43b242ab5f18b145bfa84ed6b64b04f088e8 0
2612e54092a3fec8591bfaf59bf3378ba2a33678a8525c47c1bb82ee94af8e1f 0
b272c429f09cbd600d72d9125a85ed2d6877b9633dcbd39c9f05c17393e4f4b4 0
2d225b3fc84cb86e1c8be2612408803f47984f7eee13040ba208e0c07b30fde8 0
eb8f132b5504a8cc51c1752a1b7a59f9fd76ce87b78fba95d55d32fb88346662 0
5bb753d3830e4929daaed18ebd68da8517719f06c76f3db4a8cccfc35fdb23fa 1
208c3a4784e15f0fe53ed5d496b9fb51089ea7aacd020e98ea012c90d436fbde 0
1ffe29d4eff2600a52b6c6e1876d92e3facaf5cd3dfd8f3a9c27df52acd4651b 0
362adff5468671cc898bb2b99cc8d8c212646ba814cd87ba7e8711eb857140fb 0
eb8d21b4d25ab356e66556ac3357cedb773f0a820435e7743f7a40105a5e79e3 0
97a5b2e8890b94019521b0bd06f41e2bc9b0854078e038df72f65b4f229ee192 0
c8fe712992fddf4af3c23ee7a5808c062cdb9f4348f75ca3fed4da00d921f1c5 0
ff44d18b690681cfb9b6e3107e5021b9f357e77bf55d5f9f2393eee843ba1499 0
18f09313eff600c004f34d0cf1fddec99636303abb74079c24332db8d095567a 0
71fba032b6088811dafa47d36a6884c4cb374896dc2bdf5b1371fa071a124bf6 1
fac9d41a82a55de52d6463dc21584037c990873cac4faa350202440638f350ce 0
c6b319b096d27aaf66249e017eca55336831fae4e7ce3bb7596157a1ccad5814 0
3a209183c0f3dc5ff37c39a692f366c648e91bca015465488ef29efedb13b7f6 0
b4fe873e35cf045c198eb4674d9d94f5b8ce62128a50cd24f5255d6797faa1b2 0
0b4921939d09d9c2ddf5dacaf149ff9fd860912c076977ffc03412f39e33293e 0
71b82d7b3c348cf107f029e879ccad80557a3952a2fc6e969772d935c3e8e024 0
9e62e8081431798e902ae7d29e6379e3cc4278d34380cdcb1904e2813d02b2dd 1
4ea9bc11476ad98aa3df07091c3c8b3d807a5f270e7d4195f001fadb10d57ab5 0
070b365d7e87b8d639a14e9f11d086893bf2c24ec02d29a88389588592fb1af4 1
0464b34b765fd446e890988f6fd1275fd1a553c36975ebbe40db8697a07932ed 1
434ce0eacc25d0af1dfad2caf4a559a3f6648709ba76453968282cc9889caf1a 0
12489eff8aeba59074ba838cb771e151700b3b0f7d899d87853c3c1f4877644b 0
c3fcefbccd4b16104cbdad3ac04126e45d684fcd33fc68d0ab223db2a3ddb1e7 1
d644196ce702b10adca537b7854f6a3c811067c7f8e781bbf99fecc1ddc0eb6b 0
15a15e4f0a40b412727535bfe1c018f73ab50dad170a90940b1c9dcaf3a360bb 0
3d05283a391d1530732d0b2b44d1e0a6ff7db2412481da0466d6ced689473dc0 0
aaeddf935e87c5b5d7ec6a10950b81791e64ee1c9916740dc09afcb4ba2ddb8f 0
9b578308f41cc7db3867c4ed26367cecf7fc053078797131977a84b13fe19fae 1
9509fe3e143a896a0d8524598e16d4698def1f0fb5a800aaa0ed49b391b8c2ea 0
1022ae9d916eb764faaae3004610733397ffa906cbb63e9c4ed2c8e98b8fdcde 1
831a2ad7dfeb0994f14f29d491b4d03fb0b93ae2de873df497044645918f3dba 0
23f5d6a7a22ae8355eb2696ae0a4c7356ad9fba1614eac1028d99fc261801709 1
94311bb104221ac3cb616908280a845cbe658f5ab191eb3849459fb114f0c2da 0
81c1e4e7f9f16fa7c02ed7b556015a18f25d446804c3d5081cea1638986f1c83 1
94689dac37c09a5460414e26a9b3e545a031e1f8052c873d94e2b53bc2d85e4d 0
b0671cffa686822a4dc6e833f191da354e6657677d16212a1d0d4bbb30695c26 1
7176a06a6210425a96bc0b82094e39a2328699b518df6a632896dcc61e5d27b5 0
1f2cc1790be528b9ad9e84c2ae6554f19ecbcc3f0be342d68b1fa414df6e1a40 1
00ffad05906134ffc2e3e61a5e8e86b600c01dcb1d7d95ac06f001d82b5141ba 1
bb67e0e82a9af41c41fecb33d24b4c7d6641cca4efd4d23ba896bc7eda481b38 0
efbbe0edf963c09674f69e1c11409f1eb820894aa5720b102e058b2054add3fc 1
4e09f790318d212c4ac09780c4534c2a9a5d2e58e35e28d66a32a187c288c8ef 0
07a7fbe3319ab8e8006422471a428b67395b309bcb80e9c61a758ddda9dcca9f 0
a0ebb6d95edfaf047c1495470ccdd4b4132ebdd73099a54ec1238d91b066b7c4 0
0fe0bae7364c1360aa2afc01c6e76a85cfd3b077e2d333e6fda162d133ed519f 0
ab2bade00ad4b1ae4c00f4697423167f6acc119e07e9567fdf3c99ccebfe8f0e 0
03095e9dbde8a98c5be26424102b2b18c67942a16155223331425fabd5897492 0
d7e1a9db9607e90b4b7269475fe35e92268f3261bf0644d125d90083256fde09 0
e335251df03bc166ae3fe78a39a9b039ca91d8c60914b10a524e23238c10e360 1
c33c9f0131876712dfe99281843f4c28a98fb7ffc8d51b4f85480b412bd2911b 0
e4277062abd5feefb52bb8180795026fcea5fdaa070ac8a86fc9410ef6662576 0
8ffe124aa5f0f20d8ca7d1ad201a9716eaf7ea1ddad3a580145a3891853203a1 0
dfe96f3005f81e8328c9583c92e3547e56be7da1860137cd0f0242594f3ea1a5 0
3c930fad0b97efe03d515cf8610f98ff9086bd6ba6d4fdf416fdeab7f2390808 0
49f171c880d01a9d9469a43df628174b666dba47eb9bcf6985f641ab93b7ff7a 1
85f38e83b82fd0cac26f1d6c00289cb49441cae8181c3d537df7f1c8df512ca3 0
e1fce6eded35832457529d9e8a20fbeda168794c83f700fcdc3f4389e56ab471 0
3a0a967bff12f82527f53d9f0f2af95108f807dbc8263a644a6db9649f66ee83 1
8b6d798807f1c13064af251183b91b71f05885ef451224ba0de5ae4b0db3390e 0
43d3518e557f9dd97491d0cbbd1c4b8f6889e9064ed62446e76eaf0609eeee99 1
9be5d0752b9998d345ef5192a7cbdde308c8eadfcec515901a281766d97908a3 0
292d07217c1275d5e62ddaf58337b1cee5ce4b58a12a5c7b24e4881dadcf9309 0
1c96ea0bcde694b2713c12e3746c471bffd306a0d4d9241ad5ce0f9d8ca63fc4 1
b69d34b91a6b4d66c6b2383b3d34c9ce72666099c9000207331e5a95132f038e 1
88c730c9c251bf380b87a605f7ed2f6091f4c25b727d16172c6c090730b27344 1
b65ecfcff0e110023b9a4cc887c1c4ff4a412607e49a4fcfa0ec35a63871029a 0
10033ea8f889484d955245e33795a173588cf822e0ba118bf16f2b5eda5b1419 1
544927b9b69d436e69c1804e69c7f3fc0e8eeaa6de80fc5ac5f0fcafb7713338 0
e7b15eff577b1601d3f28d0b8c4142186bbb985f6923b90037242168b9f5738a 0
10462132e76906b43c59a3cb38f443e9e838a4938b987ec890653e9b44476afd 1
50bc7d8835b85cb4bae10d1f35a496804fdea58af4d3e7838f08b8fd588cfa18 1
9b121fb3a49b282cbaac5756f23dc37fbcd89340f8e83ec8a9f41f3dae7abe84 0
51cbea137b81e7605c33028374051f35bf26706f9b43b909fa331e5bba63e616 0
dfdcf5904994e43a32cf9555fb4c26a22703348c1bd187b1be53302a9e268c52 1
5bf835b2a3ab360ae946fd0d51970c2db46fbfe6a5e72dbb0d830a2e96923d87 1
6edbad40f810b3d03511ff691e729e4d31c8ec63c9f266cc39783cd7a1b55304 0
c7e763fb95a1ad60643628348b8f76356de57c6c073ce185421f0f4224c9c3aa 0
4924474afce71b6cc36d124258f568c3e7259fe4b4c53cafd381826ef3e2fad5 0
28310fe99bee76e342b95c8848877758f1221bd17d7bb899058a1ed076828074 0
e47b146473a37fb011e9e474f08ecd8860c3538f0fb58f639675e66ed15800da 0
6a9b3399285b25350c1c62395460823d2ff10bc8fd38ffe5a200a672cbbc5bc5 1
c9c4883ac78b5a487cde5cba307fe51533c61e4d0147cf4038ec8eb13eb9dd21 0
d32ed33aac2c085884fdf3234b741fbaab89b8f232154d4cc7e20ea0c36e789b 0
5833456f960d1a753277c8cf9c892737e67a9e634341ebb57d67a636ef792954 0
77237e4a0cfcee2f11b24c6be708dbc6f764312ba493f4f2b8aa15e56f92cf0a 0
d9bf3de0e05f2eaaef9880597bf53188fc398064f68c1c8669f37b3f025067f1 0
e8c1aa719c61f2e060d89fb060a218504806f5b3ecbccde953123a98b3ee9684 0
1cfcadaa7f572d90df4ea83d083a87344825db47aa4a9d1d900b87a310ae9c68 1
ff4a6793b27ac133da17a6dab5cc76a22ef27bb44a53a92c5c9408743ca17d5a 0
83d83b571c111062f4827793e0ddbda41ed37a4dcf7d28278182972a044b280a 0
2a8f30025387e3e7bebcd1fd5bd5f32b9eb2ea18baea6453d9699efb5d257ad6 0
237326ce2b08a5047a8ebb2086a1001d8def0943c8e0f857212f5c9436574dd2 1
b5710879cec3be1462f9f8c0ae5674809a898b4b25369af4fd0dfc6fa1116592 0
a2abd932bb5c9cfbdbbf4abbda349d605ef8d08006d997f87d3210e2e67a71b6 0
c6da53c73f1715e71cfd176ae5796b53676fc2faec4f0f4f5d09fef8fe6e99bf 1
90545f9c149420c189341d4f2bac40648aceb00f434abbb9b28cf4d19a8e2581 1
4e4e8813ae2800995bb8f31778679174a3d0eb24562ca3923934420d10e57802 1
fd449059ed678736fa18427d29c2ecfb8de4c223dd23cc50f86c92787cb121f6 0
b6815d24e6c86515806813aba8dfe1be4831d42599a88f25407fe05d385ade79 0
7a159dbcea1c4a99043ac02e5e59f3ad50a72dbcf0552bbc78dd6c6232f0baf9 1
ca90a463fda36b415bef36ce03791fbedddf567ec4dcba29734496e8a6f8c15d 0
2668f9704655b134b3a7ccf0d2d1369f9fd96bdd2468579352d4314733a025b6 1
5f570d08f482a1cd3791a88f84e7438b7082be4faa60444f382d7c45bcd62e5b 0
2a1a9494060752fb78fb105bb7fefcf28056912b4eb14a42919a810159e58321 1
5d4c2a5dbf37a5c65a8b303caba45992ed3ff149fda186de70e8c0f7456680ea 1
c941ce9e65e0f2dcc25666de4215d83e4778a01e2addfd35a0353daa6e058dfd 0
917a179c295100389f0099677eec3524bc3a40f5e490022bf6d2730c6e4a98ed 1
125cd8070c8d37db7e45fc1baf7e6d565b43b881ffb0608443130fbc16fdf91d 0
daf4f0cc0c88258070ee4da10c3ab147695c9d10ecd66cad4e1888df31ae22d9 1
6fb3618c37ff9a59efe0b26bac1efbf485aa27d8b33eba90f38bc7e2b09c6338 0
877aadfbc5b98a11165c6d206d372ee5ba72d3fa17346f8c11ac52f489200aaa 0
7aa29e150578dba9fc9fd95b8c06ce35e79caff88e7b43c659db95fdc3c54715 1
2311f810c1fb419231a74d3e83269c0f7976a9d60a9ed7bd8246d1bd97e0018a 0
a9ee2c550704260fd81b2f9da4f7fc58f95db929ffd849227f8f1c35fc5464cb 1
191723b0a88b9ac362f9fd332128a535d8ef7c23a253fdedc6ba531e61c3aa7c 0
b683467d0a1b9ee9e86a9c4a8880db759a6319f54bbebd1133baefe622bda562 1
cb9a373376879bb691acbcac1c4ab768e13c18ea7826f7b2eb09223148676754 0
ff7d2024cee9a441477d86fe04b11bd73b6df123ebe50adc330f64a6eef331b9 1
ee7960a727839b47ceabe49b3312a2a62ca528cd87a3044e1cac25d8e9c6fd13 0
6aa6d688496c4e41622f26f758459da7e93c77d2644fb75d596e73073c5499d3 0
0118f8900574fc6f678399d8096bf3a5e1a705b256092d51cc08598c81180cb8 0
b132cfa84f065ded24552d6e2c2573024c5598911c7e00e9c2af220b274dc0ba 1
a877151549d1f81020af64277c219822f7462450c1c8f54185d0997cd45eaa80 0
68ca88559cca7bfe5400198457a9900e5cf360e56044d56bbfa527ac5d3bc73a 0
0c77517e91caaaddc63f21767c4a56907c3cb136b6193ecacd42fa61d13c71e2 0
364518e61dd87e74371725f721186178f11ad9c1ff43419c1d6f2098f1bde886 1
39cb7d17d9379937856712d79963f366a6fc3a3aad098d037621be12e61bbba7 1
658253ddb10825b2b896140f2b3ce162da55d8734d5254ee0b59d85e914f808a 0
b58ab98eb1a79d0a495982902b7e0ec983a6b5850c8737edfad311b3ffd52547 0
4a35ded2770c8f2746454c567e56e7ab07a988e0973bebafe0fad2f73d542ff7 1
7b84738f59d1c65a7ecbdad657ea579af92777458a58bf98a3bd2988ebbb4422 0
6ef21367f2339f268c3259763e653775d2460097056c923e4f8b27bff7c5bb7e 0
3863f4f15e6290dc0a55002a77f28fdc4e70c38050d55537ed9a84a5b82c654e 1
0ba09d96ada6c0e51cc7f55b0d09ef0ac511a2c29b00ab5d86761e49271af3bb 0
245e7fb98b28db2a2e3b9f5bfc5f46029a8b148964a2b74c4b30a18e6884892e 1
e8783031f2fd08d17d3087f049063ba23e028c18fc822de943aed0364701649b 0
ba26c94c923faf3e20429063fe7d9c4ed1931511a4cfd78196b6233f6f1a4096 0
1c7b609371f2665c041dbec8c943b18e533deffaee8cde868854f2dd9a36b693 0
340d44db4b585412e389b86a70e9c4d6dcbb0013295edb84666d055367104403 1
a2cefd2683d1f370babd3928d85411ac74000c575369225700452cc138d0020d 0
752d2afb551b0a309e70d29db4053d4fe556fa32c41b16028cf6eeedcc41699e 0
7519ff51267603a9cd0c94e1bd039d76d55d19744ddd1d96012d36d00bb7be89 1
d10b4164aa033ad37f683bc6d11bdee22bf933c55032e954e9c4ae60e7be2ce4 0
467a2191958f8111f659afd1fa56c7c51a21a2f2bb0de2a9d87da3b67d17492a 0
10d8a89e4bcd607d8bcd68cca9b75664e59c6c2b090b49295953798bb2c17c34 1
fb130efc2e4956e4208bfb4b7ef6cb00eb9b01195631eb96ca4072c9dfa5251b 0
4f4cb5a8c45ccc5476f4043f67caeada866b706a0da98dc08548af282e54f816 0
e35a58c2d2d33faec747fba62092206ef49852af92499f4d9ad235fa987d797f 0
6e36540dea8fa7918ed818476af1f5f56f6e156d5c11638b1c59d6729fbdd5ef 0
27aee6c302e2c3a17318f37273082935ec35608eda5b95d67d31a3219704fc45 0
dc87a1991b69876ba2df4744ec6ac759487f026524c3e237bfc977cc6771f6d8 0
d3b03ad206b78022f6a5afe5c9bf2860c907d90153aa74171d4846155e367229 1
0dd0442841deacb9f60ba633f02d9eabf0ce4b247e3fd6b7dcca0aa9a0191ffb 0
a08899aa49c22c0508e8e93348000bcef8592c1abae3926a4419ebfa78da4fc1 0
d835c77112faba2e35d876e12e272c00111319aa38c76e24511402f636e10397 0
f28e2ea21b2f7f5ba59c1d6e76ab4b5230fca4fea8a677214adf6e1acaac7e57 1
44e94097d20300f65fd315e8a1c20f6a8bc657d8411c142a720e379edc218657 0
4fbaf65f6d0cea1bf26f2c0ccf7480207843fbd67c1f8cd56bc21ff7acc69ba8 1
7ef3847887fe50632090b521256ab46862220f40857b3cfa60c8ddc6b912ea8f 0
55a80b12eed0a68217b41012c0e828930de0325bcc3256652d6fd3ff1eba2084 1
95d6aa9945ee2d29f3c1de2ac041652e1ce220f5f3b5cb2a5f4641114047bf56 0
c782d2bbe963757bc82865490f862ef147067cf1c62966130b4be9db98979b72 0
eae24adc4e22f33c89189baa5506a2284b38d3e565eeadda73f9a61e8016a218 1
4be8e93b6da7618d7aee848775ce470e441dc6722ec2e05d6314ca2459f15ebe 0
174beed74ee3bd6c60af4c9899c4c9d676268ebc01be7a36227bf78f3556b49c 0
ff2b885d34a875648eedf4594b0f72206d2f3620bfaa27aec3b8a7474ab722ad 0
a181e137f3fcd330688de1aa050ad7eb0389b43c52d00bc816a8c67750327012 1
96556e3a89e55980c9163ed9b5b591dca7b323343399fe77aa85b5848757ae7f 0
6da6e7f2e2e9733e6808d19dfa8f85a97696e1e2629e200362372f0332bb75dd 0
18e3610e3ac944bd430c780fe1bbea1a0c07a8de86dcea3e3dc3e3e40bba0009 1
fc65f60401435c25f56362e263a55cb5f591de861862f6a1ccfd4673e1a9ac72 0
89ed2da173680a6958f6844aa15e3e0dbca7fc3ea65859005d1bdeadebe8118b 0
56971a59d0de121da6f0bf51eedf46d1a31fa39dfca90e7bc77e9c80453cd022 0
9d4a536a7b7df279c13628340be4d0accfa714172adad01fc11ff4484cbf8f6c 1
6d08a6d671c4ac97f4886e764b3c7c938e1736c6513f09591241c9e26caad151 0
6c0cc575ccf858ebcfa9389a3ee6d78a19f6946cc231838d2fdc1fc0d3fe4283 0
71c82aef9f05711c9b87d47ac5e0254a4698b12690723d275b39a672bc06db42 1
52294df520f7efe38c974fa63987b3e49802b57a057d11ec4e5556a2ba172bf2 1
1180dc442fe3477661913ee322d2fb96024a0e25d499e2eb44af1329d3e5386f 0
ded03c95c20b5a6ee1910e52621ba70519a610687fe017d3f91ad2a7fd2011c4 0
95dacf0665ce8ed76f6e9612f8a148dca68042a26355c69fd8c7da558a0ec4a4 1
178a5959f24d9c23412deec17cd3c4a767a2130300b07b42745fef50a6ac2c78 0
1df9cf7d66fb4832dd885a0efbe55199c237182f340667fd6ed4e7ccaecd334e 0
0faec8fafc46aef312d429511139f824df2da35fd7482f40b1d401e1b0a0ee18 0
79ed3be57acdab1f89729cca0e520877ec3b797120b08aebc3a92550a8b1caa1 1
442379393d177e220f7bd5272401c07dec12db55719fd2ca9dcf448760aa3861 1
d0825439906eba2542114574698cd11e2042f01c10675254998573bde7dadf02 1
ad2bd2da2b9056cc6c33f588771f8434c3f115fbcebc3f40440cafa81edf3394 0
59d62ae8a1c9ae2640692655aa6839fcbc30f045ceae46ef46715723cb324b7f 0
a42267f5085ce80af610876820708cfc664b75eb67d35831cd0d2a1e40640d79 0
37800d0665c8a4600af5f2ba8c479c65b402ecfe599140a96a891006147faec6 0
a7a6e3fc246f8d576a72ff5752af368b9fd5383f2ed0231e89f172b6b93996cc 0
9ac5d0388c0492741a3046230def0d68d6ee535819f2e67cf805e543a43cec28 1
fdc2921c6838fff536fa6783479d477f1101b5b140452039bc59f1d931f38c29 0
1f82ecea7442c9f9277a0d2beaf40be8c8bd5fb1109c96006a22fd8802ca425c 0
7e064ee6422f3eca6551d9c26c6b20df3fa357c7aea3c2a4fbd70e5809b18599 0
128a52671c9a9cb09da50bab51af5975f80ac3cbcaa6ec12693615bdd014173e 0
99a24934e5483103fb87df641300f634f53f67e2237377f8927d8e8584b37744 0
c465e347f0da6422afa9e180043d7707e701cc0713462d2c4a6a7343a34f98e6 1
2973b0165a1a5d07d0bd437c61fc7aadbfdbe54c7a8a0ca4374e1849efbb0e2c 0
306b272a04082687346d24cd90b84e2910245b3eb6e3bc0054cba31d7ac1077c 0
88a75defbba0d91e12a0a191440a4c807df7f065b4bce4c2e69c09ff62e92ccc 1
4b2bcd38bad41bd75ba1876843babfb9f97199d2ca30cef09ce9700257edc217 0
1c0ce0151ae6687d1201f7c21a9775923de5ed26e868696576d99d30661b5792 0
0231e1dfbadc2b205b73352e540c9038373336b762f39d67d52b7344a6ba3288 0
742ee4f4f1a9a4a047eb076ae604f01fde95cad572881c15d960f932c2b9d1ff 1
e2ed770478116646b2c8779ed65ea427fd4fee8e1bb70e4bfae70e649f9bfbd1 0
62b4501ba6fbe6fb609aadacff8966d4ece6ddb03c575d27c6f67331619c3346 0
617409b5345be836a13bad7869697013fa01f7dca318dfae43ea337808893ac8 0
9699b97dce25ea4ca139fd791e25dd66fb7c2714083f32da4dcefc4af994b83e 0
e4dfc055c7b6a15ffb431f2454f4b6b762b4e6982b26597ab6bb8caadca2a394 0
550c9bc19b5eca40a23194c1e9b22865b29010c706123fcf1d03e2771e93985b 1
aaa5b9c429fba296139d937b975c9a73798c81ed9539b244a4790d1e7280a5b2 0
c802a1a06a575965666ab49a060b3f22e74d1ef6c8ba075b0b4bff263fe0fd48 0
c995dae05d2cb2256575bcf315193a4929409d60d7b70907fff2c75dfa0355b4 0
e5931cc29ad9ecb7b9e2409c1915faff7f719d9c52a50ef2a4fa48b21cff33f4 1
e083674e01fa4a934924011aca0b62a01040a878a38f2f438270ad4208df8683 1
418836f47ed134b5cb656811e9455b74c8fc99d3fc973d249721bd5d919bf7b3 1
92364690cdf581a4b330a453f263e7ba062700e6fc5f2c78b730d2141b35d375 0
906b859431d2cbdd21c3defe652567a63142c2750d68f213685da954bcafe9a0 0
d6ec87a51e684fd3ef7e8f8839c46e28975c9ed47ac5e49c682994f0efe4e055 0
07976bf1e24c0d917860edbc1f56312b0023911892cff4cd8070f34e436377b3 0
00c23c768a893c6bb4737a770d8f3bcf6bccc51a74acf37922a8c38c9cc2a1e6 0
e33a4c6989692e3617519daa3e1e518589df66da3a1339de7cfc095b715ce45c 0
d261dddae866ae861b31b0d1012ec3c547bba6372239a74fe791f9a16d67164c 1
31eefc18be93532c3aec0a610111698f1f9df6c0e0c4ad9f48d2a91ec7d8b382 0
1ff1196db47e74862976267b5244825eb27d6cf6dd4dc8587f9a9f29fb29f356 0
f3f763a88563e300e8cefe68aa94f233d7afff202df57149abf9332a6a0ae6c8 0
43488687aa87622e57201f640da01a98ffd60835a34efb9ae150a14d91a36172 0
c625e4460198bf3bf4bda1e76c160d5db21418f549c42372e839bc3a31806d00 0
a1fce29f6937e0c2c66a81f86d2a086894e4084e5d4d2d9820747f589020186a 0
8475683637bef0fc8c960894de6b99ce0ba4334dab00e25533ee71dcf450f3b3 1
a48454841dce2cae7f5c86886338492ca4bf2240a9f1ae2034154664dc4f6d77 0
63bc0ec37e66de567ae8dfa6965a44c203508dd877cc3b859437e35ea5332051 0
3f43fbd481395b57b173090fe4edf4d1d21377c8c0984bb0f350ae0fa699609f 0
3c5916ccfeee81dba26b0ef2e54beae37953c229ae35817ecf4650bd2b6caf65 1
e3cde127eac7e7b40ea1b9c746cc35f77445153bc0c3745104d001b2867b256b 1
c2ff99be982f385e2f8b931a29f9c9aee00e6dfac1d11d145f00a348d58c9c77 1
9002c742b6c8732f98dc5a90d080d00ecacfb3e615a45dff49e0c2cb41111938 1
8218b7f672aaf688c23f4a574bfa2e6c140e23cb72280a5ab56e5088fb6cbee0 1
e580545ed6129a7f4dcb75c1a419f25051eb7a393dce5e8b9013cced81b3f1ce 1
db803b5758ddc75f0854ff2f32b4be42b4cc1c876c32c6e8f8bd2525e19f1092 0
8b7f0d26c7e1d31c526880cb125d35ebde8a4d0618fdf73a1766fa12e5016e3d 1
ffc8746167776310c1f14a6cff0fb3e2ecf2a4422497524521cd261e75fd64c5 1
1c1b2270d777557c1f9ad82b330d7788b8e44c152cdf54397e470085acafb391 0
4473231a45820b5557916134d99b0ca996ffad69265bde25470a38be4dc759f5 1
f71eb9a1f1e279b1f95fdb0111fe4a5a330804e792489f87bf7b427d74785366 0
ef8fd86e7465c2d1ba0064e32197ab93f6c1724fa68d583b727191a67c9fa69b 0
50c3577ed434440746aabb2f5f3dda5f7adb2575d614955fe0c0ea2b294ac33f 1
c2ec4bacdc3e38c989e0491c5a22b6a5eb859417409ba36e499b6e67009fe840 1
26022472c66fb488ecf3543e06f5c52b4b95ab7f45e6cd8a35ffc10ac2e9111e 0
86ee6826656fb9b94897bfa6f9a65b1002a7d53457ebba4f85e90da0503aadc7 0
d1c188eb8324781f233953b8ba2ee53ae0a5d7484ed11f8a36c6acc18afb75e6 0
758001407794178ca540428620c01d57804a97d2f8703e8545b94150d7237e43 1
6266b18183851e4bd3fd9cc102aebc5f068d1267940e195f44f939ff19de2c79 0
7abf648cfb6f36393d58bdbe33ece86ff3a5f25142e2149db6d51cb844f10857 0
fbfb6f8e1b4f7b17b8896aa4c6e21e30298d44d60b28cb5979cbfa7a0aa1d3ff 1
551ab5736d8873e5900ebae88198f4455b11ab3eecf45c3793ac1066ec066f8e 0
da0513c54e6798af185a7211e3fe9f66aa6e0e335e6cfc024b8fc5caf5da1f31 0
6117100cc245b333dd5e179ce6490014c6ac4a75df8aedec8f133416c9cb56a7 1
11728331856bc04e9836304fd71ac29ff05bbbaa2b115e2b9573d779f88d3311 0
17fa5546c7179480107b503c3a590fde3fd894ffe2362b7ca27e50e848530504 0
b9d72baa41ff3445d6f8449f26e911cc2637d79e98da50fe143612389d871343 1
4aab00b89c14af7f2d27fea872d46ad5e171238fb9561f2615c9c12ec89164d6 1
ea01fbc49c0b508743732495ba55127039b03315721ef29b5e274c5ead2f6fd8 1
3eaf432b220942fb851c3d18013aa61f27555a129bd04351358ed0fad8aabb43 1
c759eed62314c67f731d10e0466acd72cc7969e84121ed730689f8074cc50b67 0
de4aa6e06c9a08e5e28656b26cc0a1cb834a8918356a34c629c4e1d0c3acdd45 0
0cda9d57055c34de32ec5e3cd159fd621f74e52db9a65f53bec5adafc1e173ec 1
49f504e9298757c370a1b12232b3a33d2aef2031c16919fbcf4842a44cb34af8 0
7555e69e4e829efeae26ee374e23b5826f6dd38a7b5d4175e6e6ac60bdfc25db 0
f595cee16038f582a20531625a837602daa55e2be4125f5a74cfcfd6f93c0c6c 0
fb5ca15d4e68880fd759c6f1c4eef9f572486738d79115e31cd008529bbd76f4 0
d864a91bda21a9924e1f46528408a0476f91cadaabcdefd74f35b19fe8f1a221 1
5153e14a5cba8c06930feed42d9e10ef06bb87c31f32981d30ab84c2fbca4e79 0
ab3050bcec508eb189104d27a9c30ca3e583cef9a23084ce39c8464a4bbc4c06 0
b2c8ccdffb975060765554068bebd7d58af0d196acd66e582190d38b7da75ec6 0
d06452f08f8fd9356b4dc26b045ac955787967aaf566fa29b116c6cac3e6ef56 0
2d34375f9ed1cec19aa2cbdb6b787b41f618cc209a1874d4e272f5edd52fe9b9 1
a03f97acc9dc7531630d59e3bcc3a9bcd588c245e79c1f0d81bfb413059e5a26 0
eef2eb5e8d55df99d143900bc588e7eb5545191d6e307e73de228e870ac148c0 0
81cf62298c19756446d44dab90934a9d0aa2609cc5e6fd07841d2bddeb867923 0
0b271246439300bb9fdcf190a854ccbcb89381e2b0ad8a93d274705cfe29769a 1
cc90dd090bd3a9539048d49ea8c1cd182d3e10eaa0adc17bbdcd775ad46d5645 0
4f6f4e3f7a79b39a39f36b439b8acbe3bb8a9ace1ba2c3e5b3df12c84c44c637 0
593754085dec89cee25b8630a9d45aef7effc110243bd32e7cc4d2db67159668 1
79e00ef0e6052d9337f6906c97c973aca9a1c4e2eeda5827c46368ab36e33e75 0
7cfa22bbf13540709176dad7f42c2594e86b7bfd3c80b93a4bddce78132a8fff 1
b0a338de64a6ff62c6aac85f694c4e21c01029268dbbae5a9eb3ece2c852028b 0
82f14c38306a8769447a4d762b2a4226055d1b64db5f5ff4bd74062cc197f2a6 1
08e6de016bc837a4628204e66f21f6285362e85dc2f7500898ab852110efe16e 0
966e31bcfda96ede9d403b407a0d70201e128c471cb5df28d803f308e979980b 0
b85f558f4bb9516357c82b185256d1a7b27fd689c6ee8a282ddf9f4e1205aa27 1
aaecc96a5fcd45ef34ccdfdf8dec86b8f447fca668f9bfb0b9fd770080a1951c 0
1fd3663e884755b5083a28740400099ceefc7bf05c5a0cb57bc2c9187ebdf7a4 1
921eaedaf6b261e402ae90b777fdf00e799543a3ee8d3ce526e94eba6633923f 1
da4015839f4df35b2bedd55db1b69bb94d13ba2bd62565d6b9226fbe89e4be38 0
f38918737da8ffd6d361b03819e39fc523aa686b3dad4f558376aa00d3cd187a 0
ebc9bb40c1a029b0ca3582bf778e2f97b65f477b6c1bb5d81bf8f4c2dde1efea 1
8a6207bcdb9411d4366eec45fe2ffd3d78b5018b467eb76fd4d1d06d01162dd3 0
2a9f9be728203db0a4893590a9876c2ba93170ae4137ad0f455a1139be17dbe1 1
23b9e79548e9dd30c2b5f75f72e92a1a87dcc4c79a210aae80e8ca840e73f40a 0
3e5713077a8bfbc9c25c7810034aaedb995f01f6057c73e4007a19907b8774b9 1
63b2c3d0ed62419c33f28d176a363db918214fa0ccd7c6b3318310bcc8a92570 1
0e495c62061613ca91ccb3900e52c38e923bf3dddeb5354aebe407069857154c 0
f2e143924a61b55f3f6d117dddbb54b24c5c26609b7997251d37b59f62fe1801 0
3278474469e81760a376ff1558e71e83faa9c465197862413c37a16393cfb405 1
eec08fe94822ee100762fb779f5a587131558fd4cadb57b8a93abd561570bea8 0
3707af458164f289cb3137b88319356483eed15ff0b19f8a876538a4dbae760e 0
46b2e479e6d672aaa8db5f6f482022170dff326b5263dd36bbb1cc3be93154b3 1
c51dac62ac06316b88634d953f1d4df362619a17f1d746910093349ebeae6e65 0
fc92a55ed8400e99db3a4586f0ba238ec993ee0f58eb99d1c018c69dfcaa1ac6 1
2980f509557f1dd916070f5095500a9183551f8eae2d3dfda81402283a49198a 0
ca8f41160434f1a65b06a60673a6396ed408a3d5b0e05a6be80a25666f5bedab 0
633d2f4269a2fed89afd75ce59b6051ddb04c6971c8f89d69442e32f75505341 1
4efc59ad0e250c5cb55cbf12fdf63f7cb49892341695e0eb644f86c1d59f53fe 1
bee33c094f6039539bf4295e24617c9e24469faf326c9ca3e2cbdb1cbf6ca7a3 1
3e6d8100cd7701c65e47d4a9ae6fd6ae19e855eca03dc8d10336d69ecf1dc0b6 1
03c6fee79ccef32e2f7bbaf449046c7e1c97daf05752f6045b5c499378d14507 1
84bdb703618849801e13bc639b4bd3a90a1e739f538ae7b91a3833e0823a463d 0
eee337ed8a4e37ed72c3bbf266031a5b2bed5cc40b83f5b32207e45936b254bf 1
701865985ed51a963ebc79c5159ce17b41ef51899f97abd91254a726b93b8b3c 0
b8deede46f6272476b60534997165bf588db35c760db07036b6d8e452b04b421 1
c6ed1f28e360dc816e372b15904ccfa14d468179367b5c755cdb3ae13bfc3c4e 0
b46ab61c049f35f01f363de7a75ada5f6816efc656d776ae6b85300963892d5b 1
ec96cdc3f3dfb79f20ec2f75f60cd84d76a79839f60e733fd5c92f1ac8fbd5dc 0
7ac3432146bb4f55927df83d1480e80a23bfe7826ff9f5c6c80bb9661a4dc240 1
27f842859356b7920a293a0df8a5f74ab4097f2a4d4931c38a8e168f75474fa1 0
94a2d66d7cd48ace9275ebfcc5c19f88eb3e10475f9315e8aa4b5c5e5341310b 1
6cf4b222f4c446ac29cca0638b5e20115c92e6b7fd09428076523c66855b0867 0
199371ae408c552d9fda5944c0f8a0f4a5ec8e0a4c59d4dc5cf104e3ee4d4294 0
2b3697c858dc786c679355c9c284ab0fe04e74cf359519fb1226c68966634651 1
a1a8503daeb188c9bbbdd10feb64c13572776f48d9bc567f593902f586d9f569 0
62ce592ca0546390a8050b1aefc24094e99ca54886154607011ba2ac3eb292b1 1
1612fd1e177bf8977e498d7003256cd6f798bb8270c50f3e6197e90f2b395b10 1
fcaa37158395246add028135d0123e84309c18b40e3673a497b66fbea040b789 0
76ccd81b95e55cec395bfd314439a246ab79b529176e5188b4148aaee221d6b1 1
77c7a6dc3c3ff8fd21196703cb99d46940f9399df6a603d6627cd56009063506 0
b8b19cc352b313ed73b2ce77f966a81b59d2ab6565f24e37e13a42fb8be780da 1
63b70649a995a75906307c5dacb9830ffbe6cd1770169043d90cf666cf655b30 0
1483312b1c937ce0305d4671977964bc305e83755713aae362328938dc2d7580 0
caa1b5884df581011405974ca70851c26d50550597d3367b6f99b16a20a5a55c 1
d181db2194f34bc8966be04bb5063a7bf0d303b1bbe728f8d46a59107d205aad 0
99b9a9d663ee8a6e84753ed91a45051ed8bc72a7f49c20724efdfbe64b622c76 1
48c02f9e347574fb8ea50047b01f84d3751fef1bf0154bb33ea77bfc81eb59b3 0
7d5ed2451a4651fc26cbdce957cdbba59c28052086f4da7534eb759a451e7f80 1
4d852cf8828e9ab73ec7d973963780dce77c1899c00a929ba1c03a0380b92ae6 0
94ffa9edb9915153a24ac9126e10cce547de2c5b8ee6706309538c5602e16d1a 1
df01f81c8716cc27056747ca86f2eb4e5273e36d599836a49fbccc283425be1c 0
c1d398228e94efdde631bec2e6fd47f379481bd26f87e3493b7eda89af8aa858 0
7dd82188d7931ba35f7e23f573f0a96cf70e46ce8a29f0e38d70299922473fdf 1
8ea3b47957ccfa35c6f39cd244206fa154186d4920ddc750c0c6e4f64ae96da1 0
d84eb78266b88a89353840e259de0b2f1c3758b08fc4b2f93f5a420cdbea3ce8 0
f33e4ff5c01c681049ebefc3ab87be0f079e722d1f6a9c916db6f5f8299d5459 0
39e8179a59bc235019ffb212a9f7799dbe82cd5018ff5e626efaa628d1ce737d 1
11036966937d41098b5ae059406de993feecdf41a1d585a1c3d98019f01ada73 0
b0ec20ea8a4e5cbca3f7c45e014b950f31ac6bc9f7cd9904864e8954055f6928 0
b617aba3c405826100dd664709f1561dbfc400a93abf8cf36e3149c3d816ddc9 0
be5e41ba09d6f531df1e64107a5ed7da45864eca96566be1b2ae067d2fcf8a12 0
e70cfde254276b4ca83e0b3eb5dd5132bab1165ae4c7f3ec4dd934e4942d769d 0
f79d8891021059dd3f3edb0a5bcb285385b366f00458b357a38e2682531029a3 1
abe89b1b49912e0c759ac1daad9239c87794871eb831944ae1efca1ece21c6c2 0
aa947b2c74a4d25f476ffb967db1bb9129a9f416d62284bd48539389c558882f 1
1d49c297c46dfd0dfc5def6a2190e7dcd68ce8577e05a0b51bb140aa444b2d18 0
3c43983427d01e10460d2603c77e6105607c4c5a7baa47c6950e49d543d402d3 1
992c083e1d70221cb5464579e75e799c05caeb8a8806d8b2daf5b34b00188ff8 0
bc9bab43aeea49468bbb152c9b60fcce25c80e0cf4e7fc73d4496e546f443575 1
dee339c2285a9fbfdc7048579594dbfd2054936dee022f95564f44af79c785d1 0
56c8619e46f9d363f5049702571a41a3a8d1be14e85ce61741618d477ce82302 1
c2cf9b75d2bf49dd0c79effde5492e7b641f7661d5c49c6d6fda130ca50d12c2 0
f5530f5f38f2617f012307a33ddbcd8f43891a88c81019f9bd74de9eb21cec7e 0
b0b4458ea5059b6c44e951507804781e4cf8696c33bfb2693e0939011f26f19e 0
9e4f421cad18578a032c554179b2e89417132c1074d2647ca1afcc867c63eff2 1
3341c18bb7682ec1e00131f8e1f6ffec7530576ff029a9cc0fd9d3dc996aa7b7 0
dcabb53004798aed223c4bb31522ce6f909ac37aa9cb27f82e517d6813116e81 0
0f6e6fc2620826dab25831a76fe213d8f168350348375bdcaa8de36488e7a24b 0
1ac7edf8455c7dedde6fb6b953be57e5bb4ea81076281298d610192d320c7b8d 1
2a2dc9486eedeb4323dd6aded1d7de8652c30a76a56870f5ef3281d8ec505be6 1
efd458bb53ec53ed5075346476c7981d4ee31bad5b38d0269eb1fcfed634a9d0 1
45ad8226b40cb9986755283a007e576ea4b8bffd9fa27495e44110b1195387f2 0
66be2563169bf862f728b60cf635544f7d2ea2166e57f04efb313ffaf90dfcdf 1
57f74ae3e5fe3858ec01f0d24d59c0f54b3b257699b1a3b04c98a0068d4e00a0 0
34ac2a3d48415d2e7c796a5d2958e68685b101dd0852653a54837d5275c579da 1
958bb25c8aa0fec4708150d19b62f67944e53c92ffc62e310639317c7a21d489 1
6335ff0b9a8c3b0571ca9454059981111f5cd12b57bba9ca4fda53542becf6dc 0
9ad27bc6b15693c271d73477af3c52bc887a02685975cdc40bf890f980d8acbc 0
eba3aa057d409be5c9b79bbe10c50d1c207100312e8f3d1587300173e5ef25d0 1
d1d422f57f1540bbf826ce8628b56ade5b515c6ded5816831dd65820fce8b214 0
b4fa368bf75ea5d32ff0b7fd53a3ddfe562579cc2d0211343e1a4731671c0d6f 1
a9384abda615f71f60868ac099237e045da471d1a0b4e699558d184d80b9b8bd 0
849ce5a657e76dea8556b742038a1be71b2fc5fef69e901d97ebbcc3b567a451 0
7dd17b6d70fde27b11b37059396dca35d284838987ead2567de4697b2041f349 0
292d0222fcbb43215d99e599672865f9e6642ac4c78effb661183445a1fd7e0c 1
c71176220a131bc77126358ea0127176d3323013e78b3e144a4f4ce17d7d7fd8 0
ea925603875a3dfca1239f516e31a2c9fe06b85520effedc18c0b4a5059b093f 0
3f9e94aa5df876e1bcf15df6f419187a2e222042fcfef02a939599887570444e 0
4bc7e872fa9a37acb38ee8c653e9ad6d52eb464d70986c6de530399427dd94d9 0
ba641619402d0cd3a5caaa451272ae84e47d003772a930621029c6969564ed53 0
db3c4c0f2f35968b0e3ca787a70c537defaeb3f918f2c77babce59f2f1b3be81 1
52c5dde8a5649f8e0da6b44a1054b2396712a75851a0e180f269efa0ac720cc9 0
692751e1b36b13ebda528f00d248c735d189cb7bcebb8ffbe933ac4a7a4d7402 0
f3a1517879ba140433a68c4d1d23d01ffe4dc64635a25b928a587cc372b97da3 1
935e9cc30e943f79e20be48015703e79382f63852026afb287f91be62cd28ccc 0
4e9c792e33979fbd4c269cee65fc0928cbb76eab9590e74986410f826b504125 1
7db19e02129d651b79073d7038c986dfa0cb706b35dccd43e8399c0711c792f8 0
cf2be6517dbe329fdcefda1b6d47a578a41fcbcbe70b787cac07fe6567a1a2a9 1
6a01e2e9e29cf542fb4bc9a8a206265b9df34bce02464c41fe721495ec257dfb 0
8191d03501a41c0caf9a1bbff4d31434b4fba957af667d47605b2bd0c2e701aa 0
dcbe029ac9eb7ffbf50934e9c3aba34365e1afd5c14d39548dad5dd3dc16016f 1
f9f9b5ffbbcd6f975aea320c82b2596f6d5cb4e01772f019ae2534e748949e3c 0
d8bfdbcf6c794c4078ab239d3757b6f56a1d144cd1b6543583d8573a79dfdb19 1
27d5fc825c0e6b4399a8c9f96fb92e5d2eadee4f2514ec3371ffe89e6aa8ca16 0
f5aba7bf38b86daf4b1f7eee1e9ce7357832fd7bdddc8f710c9b8ec42b7cb3cd 0
b22fd71abe8eab4fd6eb5b9addb527d3f9c0d1369d3be033bb7f92025abaff8f 0
955fece0fe2c52c253c1ce276b9e27bbadd6590eb7a3af40384621f0ac809a1b 0
7ca937821343ef5012de44ce4a739e43c0ed6800077725a482f75d09f09630fa 0
c9217da77971a5058e63a15029c174a5db2e0d3f30238c3afd2995ccbee14167 1
dda4dd8e6e0e6255659cdff6dce388c9627f4204d895e92251c9e0bfc3e71061 0
b4fde4bc905b8a5abf9b9017c059b8c20b37025c1094309c238b6ec96d62f4e9 0
0e0bf335a83f7bdef8fdb82da19b89b59fab0557b1e93793a115c5f78eeab84e 0
badbda0e31cf522b7f4ade2d8d1b3e7b04e93d000284ca2523f0fce4b76f1937 0
20dea80eabeac3487aa2c72c6ae36467117e530230db099afde94b0384fcdf8f 0
266ba7b2f3f6a3f233d864032c4c440ca204bbb99768860e1dbdb3c9a2486888 1
8df3d92824660593f3f72d69972c99ac879c270061c9162796e53728c2df106e 1
551b8bab5eb0fc43d84cc64af93c600d0e02bf7aee31b6be0aa5ce0b96534fa7 0
8465d669e20d8ce1f6ea1d03fc2e1b6d0c6ce9ec463bc11ce4c092bc8ecc2a88 0
18f949e23dd641e80415c73d657f5c5c4101f9b8999700bf474fd121064686ee 1
33abd5155ceb3613e3bffaad722ec9714ff62c0a8b869e828311532029852655 0
864507378abc4b70314c34e98edfd9d44f8d22f11a97af75fa2c862033d56a88 0
7f6d8932d56fa6682b5e5d4bda86a928dd5c2658477a6845316f1b81febf510d 0
a990823384135b26787050151d6f498eca6cf50930c6a3244ec8cd9e39da4011 1
4404d127a880c53aab06f1788f217e859cdd5cd3d94f855234f12890be66ee43 0
dff2b0696e4d3a5a5c1c6bb51b3c44de9055860eb4833b51be511449a1af445c 0
85ad1e668657cccd3bccaebc0086578b08fddd8a2ceef57ebbd730fe79dd6c54 1
e07483abe2dfcc2ac8405d2a9a401f8351eafd428c4ab2d5704b11a5ac8d64b4 1
6abfa7b8352a6a8b8aa789563a13462abe85e530f46398dd5d223ff383ab6011 0
4cb7c7ac619af7e87e9320f7b6d7bc770557d77df1f2ee033a375da019f39f65 0
d7f3cced8649f006fecca814f9c59b56e9eb61c6e636d4334ae0ba30937517f6 1
7d675703bf12b30f865f60f4a1e6aeb8bad1314c29052704d672b49596af9999 0
c0ab1d16b0fc82a5d5cf9f721a98babf9b06cef6dea53667ff968e277a856ea9 0
1d682d1f0aa7cb70bab052340c086e9a06daefe3dde915bf2bcfedc248d6a664 0
cdde8d569284a944813ee9935d63cf1dbc3fd13a93bcbcd6c30aeab9306bbb7b 1
6d2689deaf1c5dc0085dad8a3ae1d7523b979d494cad884f5ed13601f270e786 0
3c7c0282e2198844283761372ac30267f925f5cdbeb5332e1c4a85fde2ede88f 0
3ca37b99b184401a635e9836d4536ddc504f26113bb70c6084ac6df555fd1a1e 1
0e00b36574db1b4dee3314417e4de0353ae2b65968779f764abfb976053ebacb 0
045882c00f7c1f52eadfce8c0fd5c021ce64453bad8959acbbc02df4caad3ab2 1
52c0670dae0d1cfb9d392195d1070b9ef778a0771d0e936228aa9b650b0b194b 1
013c6364b76745b35eb6b1daff0875ce069727cfacf54c524b4cca7f941f1b55 1
b8f9ef0eb9e8f0179f27600c64fcd8d2f2f4b4ead1a3301c80766b4efe2c6d2a 0
7b72adecfc7ccd36acf6e446e0b5281410ea7d6aba0d43d7e8e5064cc396d894 1
120e935ca897f5a159df0fdef4940bdc80d9771c9b1287b2bdbab12c30cb963d 0
b0aef72b08196dbc91bbd696b0540bf8585472f775bbcdf919f63e0176985eaa 0
199bc10ab5f71840b41fb3e963eeff5977d55f5a09dd1a778289a2d5fef1022d 0
38cf863c81836cfbdd8e6e95ea905ee079038b5f39f4e7696b85b472f54e5962 0
e0be539a437e7b26c09d6ef55de0f8467efae1b0d275dfc7b1dc0d5ee7f660ee 0
1642bac35f6851308c378e12ab9abf7579a40f4e3c67e6bb70a8d9167e7a0c18 0
c99561c0c4baf05090f1de96b7d16e288e634ef8f8c6c11b3666602cc78aa95b 1
24c5a80c348b76e6d74c5eb38059dc3cc0086b03a063162ec8371247f829df03 0
48cc9c144bc20677de5e0d50d5b12e67a7d23e31ad89ed5a4fb34a65d7fd4a83 0
59f552b29ab2b72e0c66786fead229a7d0d6731f292dbbc13f9d1d097703be35 0
65d69eab2c9b1631ef7a20545fa18a9cb5d46ba919de1e4a8a97008953155c79 0
9ed753fe0663004eac9fdbee046635d0cd14c5452c7adf903e6d95e3bafd5bb9 1
3397eb3e186bce4f8d77a613999e4099523e15ae2e00be8a27b1ae2ad3116804 0
836c6f291d96711abc29772194d05253887718f5ebbc238e00aec0eea3893ae0 1
ca080065000643057202c54c7ef871f906e50ae43f5f2d90af4eb2477b685b0d 1
4918e0ad3a106ff11672f584d73f64409419ef368e995b8addf7b755aed25eef 0
75b195abd7550606d80af4da3456fc01bd12c96ae2731bfcbed5bcdad9efef55 0
b7b3e57c0144e1965871068385fc07c2c33d709eeb86ffed27344d1eb6c77452 0
8fb74a4994a0a80049d13c49ffa2696c109e52753ac4a8ca96d4e4518d5e91b2 1
f630009a18f6080ae48afe82936a47a399283926008e7e1e346a30aec91f2c7d 0
9a46e2cdab427b4aba9d61e7c766c87b7d24ef70a92aa348a7257a0e7d78c399 0
5cf369f7257f0041d5e341ec77d8daea5e285681d2e8645ce576362445440a2d 0
f2216ab35f362cad5bf22767330fcf4d21bc88bcc914454d4ef29d8ed24a4008 0
c8920d1b9d0d9d0b83cb16a2684ec6523e509eeb9ef0bb2f4b479eb7266b992c 1
4ad9b9830dc28b5479f92bd66745820962277c4ae0d744b6507c1e01ba74ebed 0
ae4f44dd2fb57e80713e8fede5682e4ff9875686d942dd20432c20f8f22abb3a 0
7d20d792a338a9506e151a1a4bd5d90e72bc11ee5aa496fc1e556f1bbb8309d8 0
a7c1156d40bb7e494581612f7917fbbe622f29eee56f9eff284d8b09de322fff 1
384b6c3302f5e7f18e1daa797f148bc785c6eebfb990ed406477d9c6b3901d8c 1
6128e8437e47bdc2101d6254b211ca16017383c78e8a96072b433762b74b1ef3 1
3ea13dcfe851719bade418dd24164415acf1feb872945b23002c2b56da67432d 0
81e0185d4c10497589797c73532dc06e5726e2b77d80cdfc67f5b7c533bc42fb 0
203f82e78aa1a931a8b813806d83f9378c3df97061d49d119e1b245761e49fed 1
ee31d9ad1dd2ebe2431a4c319a8aedd211a1f4616360b70bc34be5773c75c439 0
d765ce1575308307b54388c43695a3f04aec38541fbb28dd507b32f3b85a9b3c 0
9a7d5c6b693136d323345a3174f778a7559b057f019f081fa1dda40a99d5030c 1
23b04be7b9fcc6e5fb306d2c8b14e3d6b954f7eacbabbefa7808742071468c0b 0
f90859e8df1f8a7892c9356e6832caf57598488436859dd674149b1586ad06ee 0
a18cd5096269c112dc62a19e075f6027dfa05e632679267f01227030f69fe580 0
7fca92f329f8e29f6faf9bd7724c8e6b187f487275f48b9e58c18253c5dac56b 0
ef779c64d4915b45ab857765e74984e41e86c854a7484418e31c6d61f4653bf5 1
0644d316aaa248f51bb239a6f1a3c198885b6e74f112daed473a6b5c16c5f260 0
5815ac725318e75c42f712afbe1a8939044e43144b3b1618cb4c598ccfac65a1 0
0260ea27c883807ffe4874b89bc8b066e5c1685cde617b6cc24519d9efb5c950 0
3883a649ed9c46789ca109cbfd69ca8eda156fe92b70b84da59433be1b7b926f 1
7a81dca1dfc7704a67be0c80424d4b74a6a4a3fefcb245e4bcd2eebe4efa3885 0
5bd94d9d11008006262fc1928f1d517a154549757a366fa1da91fab0a439f463 0
94ed30303fea215ec4b119e9de09d50928c43e1c0b0ecfc4c8561294e7524c21 0
30b7782331f5438ee34a9c83eec90230ca018cc8c58f609267f671179938d2a1 1
f1ec095eff8554ff025e7976c71efdcdbb09f5343c11dcbf5e50558e1c48b633 1
a9b2be3f0d866598facf5b96b688dfb137b7f4b96bd81a2529b82a596eec07ef 1
2d3f6ff6cd362b47b4a5eab6ad432ae1e523c10e160a98e0d816f79c1b431a29 0
f960e21734aefe647f9af1d333968802aa2e3750024fceff6a46c21ea65938b7 1
bf765ba2c1e346b9bd73cd320b122fa4f32f48e52a41c96523a696f9870f35e9 0
98acc11bdfa88a25277b13744b21af6c0a774dc5a713023b1ccfe6f3f26c7cef 1
849d5f47815556483f48a897c7ab88a0ad4ce3f3efb3eae9426c91eb90314c2b 0
12fd64ba472b12a0ad6eaddc234398b9d7c3e33953d29573feb71062d7beb894 1
1597688336975435a6473c983fed89272ebb7342da4b98a019bccb56cfd69fc6 1
0e1e8de00f96408f3fcc2ff0eddb5f0139459d02f767148fa552a7bfc8601bc8 0
c954f7c218ce0afa66bc9fa7740f49ac141ef3c9304324ee3b715d4bbd77a401 1
856b13db7025058f45471cef0cd12dff8fdf1ef5bb74cbbf5a474c88d2acba2e 0
df93f4736766d51db88daae97cb39e9ac28f127598da4f64f2b309b95dc8388d 0
cab0cf948d6bd696db75fceefbe4a5d7fecce645a15a58eff61955c93e0f19be 1
76926c8c848259bceafd46217ff83b740d87b568a76f3a2b7ebc796aac17cab6 0
c79f9a19322ebb2ccedf3d154656dc12c571e81232011afe3dfef0a0704be710 1
35051e721af613c9332abb42417743dc17222ac22a6d409ee16aa82bd5aacd1e 0
7ee43a019f8e2229eac974ed1f19feacbf9e8632d048b868bb6ad60a8b69b5b9 1
33b01684d38d20765b6bdecba7b69f94eb8cd2d3f0a07de22a3ca46518300cd4 1
abd06edf2422e6fc9ace579d6e16e953a965ea8fddbdac5a98518c2565405934 1
976971cafa82e194646006cdc962851266f8e1ff1c286c61d9e856443ad6cf0c 1
4ed99e3634c9821195f3945a666cad7b1736874712caf5a0b18ee3e13c0795f1 1
4916ff3dd819910d0fc448bfecd650583cd546cdc7564cf47773859edf0ec0c2 1
a0a3f1fd257edc3ce6d2095e2a777c02d27ac704cd60e45915f5f9b824b50de4 0
23909f8f431607d078bd8a1e4f6f6e6346cda614e99e60f1cb157ca582b18324 0
f93a3dd4c2b06629fdc868503dfa3178d57626edea50ab270c8787016ab8366e 1
24ae7168e7b7b640279e5744666e978a6bad926726921792ee39962d5933b810 0
2e44b026fbf86f0f4005bc06d81e4c924939adf9a24bb44839bb5b598af26704 0
c0c4043e8c5abcec2228e097e5032e812d03cfdf7a5c2816a9979513d4dc8610 0
a11de5cdda11f103e798088a39726a1d03b3a3504db21e4031c335b972392c37 1
3a80392a2b5c2a65c9c90a8dce9fb77101d7b3898dd9bec241f6dc81fb566ac9 0
bfc702607a190e010f68aaf3e0244cfcd53021a6a3a86027d99ab63ac8f4304f 0
432ae6a15444312130bcf6c121515a7db6c2c6a86ed4eb836ccfc993bf00b180 0
f71d1fc5ef35cd3f4a0c480d1ddee44c80004bb24ca756a691a8cac4445c4e96 0
2f876f2a499f108cdec4c99d314bef4ca6dd7552f447da0d9792da9bdf98b13f 1
edec86aa64ef34e134c455c499b4c67a278d56b0a0d2727ce5b65c46a1a61d2a 0
17574ca4fc9910c522e5b07777333d578f1a569c2ca5c17531eddb088dbfe43d 0
26705f54ab394a47a0e9109fd36be51c01868e8baa85781a0e097fdeb565f12b 0
c355d1a493a01a244891d5ee27998f968fa0206d399a8586ae7913e32476d431 1
c4c52fa9817a34ab078e44ed5dabd60cc8c11084dc4e9776b5d5d1e77f8f8c91 0
ba611469773ce3c42ffe95b08f3007892f66b851c01a67e122a187c1abc5ca1b 1
b5d255d5e562a8d5548b7c2c40c2d5aefd02bd2c731cb3c6ffbb0ec878dc418c 0
4b846964afe836a6574cb13d2d65d87c30f22e149d1424da37047e18ecd7decc 0
28306b66b77b8f94fe1a343d3434695803c0a28af41fc00b172644ba3add0e51 1
b97a15661a47282b7c3f202e7f8b7dd7d5c88ac1f6102d4dbf0c80eaf005727b 0
206e3c14ff11f652df0cb0695340bde625afadd79918e19d8918d78600d47744 0
caeacebacd500a8cab9f38c1cf7879ae4879d58a8079c30ef51cde7682c47de8 0
d1ce45844c7139172dafbd9a0ad53f9fda2cfc12a8ac250f7c9b5dcbff266a2a 0
24637aedd6c90b00588e6bf4409340bb6bfe4faf1d6c9d2a75bb1f295e0c9da2 1
d90b26f252b35b21dc6dd087c9c0c91b751ec179f27ba0759d39290c30e5b7dc 1
88971768609c5de7429f380394b3e41a1d46d37c42777cc7a0a32ebf6c7ec9e6 0
3a1abf6ab19eca0421fd14611b6ea7c5b4d3f938d3fa51606391539b25e95cb9 1
dd823d2d713f7f5d7090f5b86e95754207ee5eb5d02672452714f04667bf2904 0
e09d67f9e009b417c332573e10e31b97e79a146b93da5f960728e0963df166f7 1
192a5985c3dc6a7dc8d6d95c54720ad454191993c90f5b5b2a0cd3a599854eaf 0
4875246622e08a66dd1ac018348900b868f1dfa9d3471537462fcabf9d33010c 0
f2d37a855ee6266f023373317171d50f7f2cfec192d4425aa26152c7dae68335 0
22f69968e42704080e1c98205ef5d4eef69897b1f4d1518bddfe3b00b235dcf4 0
b0c14787b065e393e7229689fbedbf48e95d11869ac21e931ba22f83814263bd 1
5cf26f24815651b217b926866ecb306060ea89886dd0ab678d4301159ac4fcad 0
c6139ad39ebe8c5941ce2841005db66d01ec90405c2cd300361457fa9c75f803 0
ef57f5b0653c8cb753dbebe0519abf2fa923020bdd4f78aa52ebfe04f63909b2 0
932bea310ad5ba8f08fe20a45de5627765c223be917c8582da1f00d0d2f12556 1
b89e0d811e8683e2906288b0fe69848334bfb73e34ea9c8541b42cf9556a2a5e 0
2a60a91590cffdebc200f01bac661465ce4afe10868abaaa16f6005339068e38 0
0dd125cf8c5b3f14482a5d2986cad00cb53b54eac3f5f1fc2af881f79a9d663a 0
46364605d677eb5fe51103a8c5a486ee5a76908f45a20c40a674002bd2589c4a 0
77344d620f2f6cfd52b8a4bec1d86277ce6aa25602189209064a06734a469e79 1
81500a610dfc0cb1022aadd0abaa63a7176ed005bb7bfe308158f22fdd2fb81b 0
85b3b75c6d26feb8aed1810f91d08b8fa0170d0020cfa8a6910ddc3c0f990d8d 0
c7e1b1a97829838352244208245f65f4c2f311dd0a50f47f98c40fec6e6f831e 0
956932787576d0a79f9bf2718634d01a246c9e74e5fd816350fa86622605bfd0 0
50e41ce657abc318a470741912b8cb807f21890db7ce46d2b5d8dea977f5c5bf 1
b9a5f62b3415df688745cbe6fff49cfc880c0571f29a7687c61e2425280779ab 0
6e39d55670a998f825f84a33c75917ad65fc4fdffaf4c04f6d9453ffc0ae9cbb 0
73ee3574ccb27ff6ff4c8f693ebfe417de5d257c4b440e87921fed2cd7e88cf0 1
10462132e76906b43c59a3cb38f443e9e838a4938b987ec890653e9b44476afd 1
505902530ba73883268c0421c5b4def16707fd63638803387efdc6ee170e29a7 1
47fec5d631e8e63f65de70ab3e7ed709c2901e405f7930858fa65255fde3bab0 0
c6f4844a4f22e4bcace54fead8355ad278e75378705ea6ae2d19df90c69e8854 1
6b4e12d13ce4075924fc27b65f05f2d1f013a0c0ff8db812c42a62159b182e37 0
93b053e633789c0cdf0e6f6882cde7aa8dd254a3cf91c7a5801f9e355a81b0e8 1
c08dfd24dd4d43eac21aa6063b387538ae8b51fb79b5d03f10c3f632e21e59d8 0
ea16be89f70dc74a5a0bee6ba44c454f5403f82016993b0b8133a9e89e437f81 1
031f1b4cb68aa3cb29a185cc903af1ea30b9140f5f502eaeb63f3ea132cfba0e 0
8a8997973f0a35337af2e387034f6aa348c12daabb1bb045a56971a7a3fd9c93 0
0695ce54e45e7c0554b4b8cb43d64057265b212f00eb9cf2d955dbcf532f2f51 1
cb6157bc11930ec4e0e73198b657f542eb9d7a4ada50ce2990d7814dfcee8651 1
af344a29fb04cc59949adad9eb6cbf31554307a5c12b1ba2138254de8d40528b 0
671b2122f0906386cbe17b927b15f7d2c1c26c1646bf7ed53ea54289c9676096 1
156f3fbebf1ed82dbf70b11ef0f3c9f317146255d58ae8585974d8092b4b9b89 1
4b83a3e1a8be4eebc4b8e4de3d6dcfa8ca2dba92c2feffc0a557db4b71ce7368 0
27d09fdbbbb170192b87ac374624823783111a20465d84b3ec14017e5828cfbd 0
514b5e6a4eaaa672e489b002f599118ee5c11b6e723169cf0df6c70926f71496 1
e438000c611a7fb4e39e04e9d6971b817d8e816843077b630b3449d5dfd82e0b 0
73a10a0162e982b2c4caea40bc57cf4fb28060b44621b50090f3a0ef58da4414 0
082155e1c23bb2e239c852a77e77a9fb1e959323852e068e80fe67840814d489 0
291b592ceb8d61d108cc1543cea250ff76da65aabe41ef181a41f9a16209da2b 0
028ee09159ea76ac3c8e32c1fb04cecd17e6b12ac36944ed45b8f402e7ed0735 1
1ab2630d3550405c1747e03a330817f4d97ee0d088b5d71f3a816526088941f2 1
178ad6a42ae08296eec37b7a5ef7fc895e91d60d89ab7f1aa37388b90e123139 1
992de9996f5fc1c565f2a683a96e524ddf9761c744e1a4f339a687cfa7fb28ee 0
ca0c7fd2f1e3bdbe9cee9808e5a0dcf9b12d39fc33b2eafb96fd536cad988f5a 1
d85ae6a9ac12a925d56e798d3796f39c469b22f71e431122cb06aa19ef0ec2b5 0
2e38a389a3cfa248ddab5f7a179792efe870a9ab5a3f55fbdac7440a41178f16 1
ddd577713553d9bf4c3cf24db24055cc1dec5d4bf3ebe2b3764544bcd48921f2 0
3192db541d7370f5a4d44775d3302fa62f7fa42251c3d3bbd0b8bd8067b6312b 0
1db85c96b719dfe30abeb1fb3d6947844a2b4657452f8eeba7702919dd38be37 0
644e8fa07c055c5bc81c71df0472d24c713f1acdd5731a767c6af2e5d05c972e 0
7a95ed5ff7aa1096a972214b17a1da036554db68e91533d2bcbc72584c4ab650 0
280564a6c795619cc717dd2a99e3137480991340cc2e274c3bd5a80f1f86ae49 1
293e464a14ec0e069325205ddafe9f3d0f721712cbf42b720676724ada4334e8 0
7ef07fa00af0f980c6b646931743ddfc950d135812cd9b25dc94831312e683f6 0
385c6bb3806669bfe74fbb5a6ba47306a9703685c47c54cee204479a93635f58 0
afd24ee641ad4bf388a44e0df5a089289d4174ecac3cdd67226e957f223cc34b 0
a8478ab5887b6f9ccda350775c6eba43301173c865d16a7094b91d7646eabafb 1
29f5807f6b45a7aa86e50676525e2111d6d596f1a6bae4c6abb01864605c82db 0
9d62bfb9e5552fa196033798ab75f5bc090238b7b4e5e288cc857b8df0126449 0
74f72822017f59fee2e16132c9b1f97f8867516be4565fe3a8c8de0495526a77 1
8c6a6d47d2f6118604d5af5a2dbf0762b6e0d099efaf587571862960edc15fd5 0
36e51b71fbdb3ac9908b14bef3c12bd11475026da4b25344210806197fe3454d 0
6c6089f6543ce8b5169d360f4e413dff8eaebfb6a2a33a0dafbc3b7c42a17677 1
e307f1fcc8b09cf9b716499fade396449f29206ac26143ab4a64e526ccc8a9bb 0
8c64bd52f70e9fc10a2e938948fc37f0b69b7808f2365738d0d60572a8809101 1
fea86171a66fa48089c28ff449d4b24c8495e1718bec0b97b7cd403bae4216f1 0
4ce7b5246433d7bad83ffbcd7097c713646771451e674397e0173e54d8770ddb 1
57846f37aacc6ecfbc1aa37e8a223364ebb9360aef418aca903d0d7729a70cd3 0
e4cc46e2c0a1199d57cd278556bee94803201a2a76c3875fc442a6e6127710e7 1
6666cf032f0639ffb849ec4855a782dca01fef344a75e75360e9e8a4850f9b06 0
2cd54de42a12793bf2fe58aabee20d3725c290b4a08d1828ff7178fbf02b3b39 0
1ff9f18ba81aa9927a5f337fff76b8884fb16c6638a954ba4dfd82f87307bd4a 1
6cf6aa341dea15197a407a709d1b732c5c5d0a7ae86d9f1f864d340ab7f1b5c2 0
241bf7068de0b38d0608cd2c2fcb67a245ae34885384d2767ddb47d937f84d8a 0
252353a0806ea66bc69bc00dc53d669cff9bc9acb4c9562556cc7241fc4c691e 0
448a8b3fb2245d387e20d03c038c8d33e9519b6d3fed1b5502785021ec91e8d1 1
6bf1ae2cb29fddb7f52b0b38e6064ee0bbdf6cf959fc6faf6b77a24f288c89ca 0
dbfcc7e2e900adb5640e101081c3a10b0203d65f1134b65ed12819e7d75cd5b6 0
97e013d08207254c7c1179e8c955fa74503e4b18bbfb911235d9989b22508a9c 0
750ed5ad320cc82c60070a4fa58264c9201023dc80edf5414b7203b65058aa83 1
b8196d90d1923dcf2d31779c8ae4869cc63ac6819e0987468e14e9d2bb34ca24 0
86e4a8229413eafc56bf0c19d8887a19449b643624d10b0a92fdf75fac2322c0 0
545f05bfe8f1e5671726c3e72af84479c8e5a3516141bd3d5e1efbf8708bb7d8 1
744edd5f59b322591acbfd9e72d1f1f925b191b6b90d7eda18aa4a5553a8359d 0
217bc5a2f1b20a375b7835f8ba7b35c46bd8768172471ddc98c368cd9e0020ce 0
73b34c2bba68292f92348eb93669de546f0e61d35c3f4b18ef090709fb0255f6 0
5befab21cafe1b6e7e4ee2e9e7535b5d73cbf0decd1d87e243f5fcab3fb1d153 0
f62be10c26957dc5fc43e61dc0af8e5611c4e14b853142530ce942a2bf03de23 0
6a2560618023d36623d212ff3edf3ede403f5e6856efe90bd98bf4eeaf8fc1a4 1
54f571729bc8ec17b5877ed3af01c62d4f68d8a4018967b7e11e08a895d1bb07 0
f8cadb21db0e9405250fb78d8c0c66d4191097541f7342881eb131edfb548282 0
e77aa749b66b80e8b033aeb474f5f5a98382df4a3fadf24f20b602508e311b29 0
77101d31de3cdb4ddb977677ff9419c8a7e3e93ecb955129d95b884dc70e1373 0
a9e7db93943f9bdec053650d8d9282c670cb0853c428b884ab829651be47969b 1
c24b79c04bc713366146ae35e1bcefa761ec51b16c196eb4eb8f6c828ae22f1a 0
c7abe50a0f3ae624404e9d02a74245a6137a7404f081998a37faa5dac412b49f 0
c50983ef3436bd589d134163ff60f8e44526d7be9c5db219229e507dfbb4002b 1
48eef5e6eba6adf5699b29d002e0b7e8dc2d9fdb9624fdc974708d0cd183404b 0
8850f2c26c4986c59e361c684860fc5287cbe226ecbe28208774d1a95d4dcd6d 1
18c6ef20e8d970df50bc8a77365962872b59276d2efad0f475e6b426b14de609 0
0b0a6eefa476deef4336807f956aac95c0151066feb2b37be480912bc3757290 0
95825aefdc0582a6ba546081cc018aff6813d3ca3819a6271783af6209b96444 0
3f2f4ac5f1581cfe9eb099f8fc47a18ad0e4247da42e5f5a70b7ddac5a3a619b 1
df166ff2f944f3b3785250b226be37285405c6754e345550bd3f954e76825d21 0
85d27e9cbf50a733bdaf1d0a4267e9d3a86d3b434ca4b9b14e4e7d7d725074b2 0
001c515058abb26a31ac4d35390b7b8bb875aa0721efb9714328977aa592d84c 0
a18b626266e36a0e3284cad1dc73bced67a9bf36a6a80c6db218e7ddea8c13df 1
96c864487b2ddf9e27041967f10dbc11b450e1eaedd11312be9c8aa2097247b8 0
d53f88dcbd54706190185be409c27c86072f869b0eaf3c7df63e8da0167edcfc 0
b0ff3811dc5a90b3e5b2e025fa034e3afedf11a06c73730ccc33904047b0f190 1
27f842859356b7920a293a0df8a5f74ab4097f2a4d4931c38a8e168f75474fa1 0
5844144fa777b8544b31b993a58c0fd56a03c86da29ef5d8251faeef70337af2 0
98470d6ec068c0d747a7b2ee225d496f78f4886675e41688c5293f002ba54f2d 1
f5b5859ef0576c830170fa54b48b4c77166294b43163c113c197147ed8a0f491 0
84007949b24a97e840a7db7bf74e4b5703a2f819c0913eb0810ae174fb7c9561 0
1910c95d70f1965c30d2ff8f0804c8a442abd9c9645ce2cf76fa7420eaf760f4 0
36bedc7b23625c7dc2d31e4447a12a52d93ce9e4683c55102e94c48a8979d24d 0
550c35e23b8c503a953bdbde17cc813b476eb347f076df7fc4a0ea7ea01eafbd 1
5f36188c128aacd41ee73b17f4468a283a5aa0dcdf000267d0e6807f8eb98338 0
d19968f929665c9dc08f0197387b2942c6ef149007ce512635f457a8289ee9e0 0
be94253dcc93dd1236e389b819f884d089bbc60f21d1ee9f82e748202b5795b3 0
ee1f04fc538b83b5282df68d6c3a975ac07f1871f6c0a3873ff0203a548ce0e8 0
b542e892f908c15df23fad0696c4f94a303b123e8430bcf7409c30ec5b813e16 1
b439c10b410e70cd3c59f05b7a2b1275812b5dcae38990fef2b6c8c625bce3c7 0
288bf79b5c2315760601e1f34c769c496fa03cf7802535be1646a8e25ef37dd2 0
94f3aaa174ff679ada722e840f54120e29687af233647980faabc7c3f645a7c7 0
006f2ee5ccf52ea413d8252c743e53d99db320400ff7f8c5e0ddbd0adf927d06 1
22d470b1c6a14f8c09525d6bdb21d94fc1b5b779fb9172b8ebfac575212e950f 0
e7b46ace0af532d472fa4b0f126a42c9fb9920fa30d56fb705420ca491f4e8b6 0
06378166d7b51eddf3914c6495c9a80e43e3fd62c7bba4ffe902fc45e0c84e2a 0
bc671dd403b55187c83aabfa8d36623895549ea160b7798cc2da8c606a4ec927 1
65f0c431067365727def1a8a331c4929bbd24e02942f206b0568b7bc4342cef6 0
c25a105ffbc67214a1120a7e4c198224575bac902fd563dae9c2c354c48686ff 0
03f0d1b816818d1134014b8c7e6274d2847012bceb5cbaa6947976478fc447ca 0
bc614022b047b2aea61a935f9ce4dde2bd2daeea12c091c2d82a6d6926437006 1
e3602b9507df07dcbe2b1c2c259b7e303116cabcc174c562c63e374cc62ff053 0
26d9092cafa47e7f0e051ec36351b01854c38cdc1f85a67fb16c049c2f2a13a8 0
8021ea6e31e8c7c5ba6eeb1cd7d12b7f75a74f0388a741bb14876695bf688be4 1
588f1802f52af6544a93574e0bcbcb64bf47eac3eb12e03f5b619f2b681ce6d9 1
5d16d5ddf67110863003e4d66aaf5a86cda8a00ad301cf07a1842a6454b3e91c 0
886a527ff9d9a52685b63bd703dea87c8bf2a4fb489f0c8834bf64e12adb73d3 0
d9e55aa31d673a9628ce5eff4f3d901e60c1b4bf6eb992f7b1e3a36834e584b5 0
56034692acb053e2b799b238785fadc7134a5e8a90140519d33da99b87eba8a8 0
b6578bc9a50b967444b104550469b0ae7ac9b3ce1cc73486f7c708df82b2c33c 1
cccd13a6173cfe95b29c3fd6fd92d812e1253e00fbf34c152012149124ecd2e3 0
7c3c7fcb06981fee50476b4a80d9c3fc5d724d3470f8187b117e855acf3fc456 0
9ed55930bc25c863bfaf7aa1d16c8b3dda9243168f65d79a58e865225d9208e3 0
5fc15793e3b591bc733a3f7fa87e121dd801bfb400ab05f2470eb159d4a0702d 0
ea267ba0167bfdede9868fe10879b3c43fd6a2cfc25cfb1a0acc83f55b74037c 0
d41832d4737727dab24418e3362b1c9d981de66cda604d215c0d8da95f09c44b 0
8ac19124b98ebd2b12dde18fef0d827bae95953ca421154935b566cc29730824 1
2a13bc8dcb36fe91de71fcbc60e36ef5ec1f2d90cd00720eb77640455995d30d 0
b05aef57fc43665273da57e966151fc6bae35e7755a44351b73f2527d0113af8 1
3118f7f015c4c50db7d73ed8966356eb0b058758315fba9f690d54937f673e56 0
9cc062eef8d3bde7616361aa1f4670f64c3d8f56291867e20c0fa423e8b82d6e 0
de3f0fdce1f92bb03c0ff64a29fe1277c1b9c04ea0de70e9d812944bff8bd247 0
09333eb4ea75ff2a1634afd304cd6c3ecbabc5f2d73ae5fa9a12fcfd59a8023d 1
ffc4cfa4581024bafcabe50140d06e8205cf573954fe52e8cf7fba5363c6c3a8 0
dafed8720137a6c662ce2f638bdf35c185e59d8bfd4bacdcffe1b4586d8dc7e3 0
e1522ab651636e0ccb1ab375625b2211d9141ca0d58aa2d9a122791be58f783d 0
f55796bca0ac2a896e23b222f3d9dc4cd7090392bd5d3cb0947de3698dbf5a07 1
b49d496cba0ad4280f5261f13f474c6fb0ddd758f1825362a1b465202edc85e3 0
14e04d7d538b3b68203c7e922b5df3db21bb4d466d35fe2cecdf3d0a7cccb7a1 1
f4e28e304a3535cc034587b01406e46c02f831e9643e24d5ff2e80673ce39a1b 0
fcf9ca08a5d1eaed9dfdf58a8ae774bd65e4a0c180d07cc028149696120c6923 1
f96b5581d880f64e176f951f43ff19ba96ec52cc2c36b35f8f0b12667b483333 0
8881766be30ed2c6a4ae478911ffa4a86fba201d23610ed5507e6a2ab58cbdf1 0
0540e787e4f1ff167c1315eb4f53273f0f9722b4c4c0aed8b60702d0ec001ed5 1
5316e7eed560b7cf1b666b7a2d12722637e7c86acc73966e25b66321f03df7c3 0
2e52de73de6081183a9fca63759fe26b3dbd087694a7c0c3f5224835460f9edb 0
ef2b40de65dce6d337b43ca5ffd858f5d16f2b785c76cb21db5653df25a6bb07 0
73ff85fd6afcfc31a70a43b502947ec1c80abe498d417736a54ddd02376e6fcb 1
bbd9d6c30eebb9e5149d3da1464beb83ae7010a5fee042420bd2990a710ea7e2 0
0b7235958d23a1b8b7664313175a81afa36e7b88daf9cc0b94a8d1c3c80d9f58 0
9c1385958f7b33a6be305138f611746e14b7fb5df11c4d67bf41e2e04479d4ea 0
8fb63df4e1929333284fafcd851466fff926ad4f7bdc0d7154958e5ed9cdc722 1
87fcce651c914f1d2bfb3960fed72f983c45f6f2193c8e45df0408429e5b2512 0
c2414cda08e4f0c97c3323a45d9e22367277df4bd3c887d3d5628ef7fc511c0b 0
ebbdd746b040b12cc301b5646ff4ce081b3cce89a5a6052ab560e4a8cf98023e 1
b97a15661a47282b7c3f202e7f8b7dd7d5c88ac1f6102d4dbf0c80eaf005727b 0
2781062a8007c4cbd05b6ff30f6f387e8070516e78e5b286f4b35e46419d2edc 0
4afa6926d6d4c27e6f57946e9dfc467b9a53864fb2d2ac6e69d046342aadb89d 0
a933263835aab211d65d5bd12406edd04a794e136ca0138ae352a07ad02d194b 1
6ce01857715f0a130451bc863a8eeef48c3bc5a771f8d109cf666373e1eff1fc 0
dec8e1f7ec1c3ebf61e3cf14853e2a44e5777bc811e0e940b2a501ed5a5d3eb2 1
a0f5a919741ab79ef991c508b3de53c0bd93ff719510f9eb1cc35d7d09b9673f 0
49c67ba2d7cffa0da13bc0342a9ddbd9d1dd8dca2753cccf77ef9779540344d0 0
8f45552ced7c72027657e2cf740f82c1ab01aab4f4be729cb778b53d1ab791ad 1
ac9c5341379885d9a0ebbb0a3ce8837069560952dbabf549f503e5b90795fa5f 0
c13a1abcb8bb4bd87ef9cd01cc002333913ae70fe89731e0462f91bd5035c6ae 0
87db504d65363f15947dd526da49a1567637d918860c840c7cbd53f7ec015030 0
5c0cc86274568c3e9f588c3b2345320085f688a85593054a9fef847f03be335f 0
782210585415d6ae89691ebc13740249e99026f144e7852f8c64aa161b6aaa05 0
24c76c1fadbc76a31dc0d6a07846cdfd2b9f8b5780e8eb538fe73d8b1f892940 1
791353d8209563aad11a12bd42cfc9939f944b0de71b35ee29b16bcab96ced74 0
c86337102018599748b237e8d1a1ca1d2a6ff6cbdc92937cdd9a154ae5eebcf4 0
8c4a3ff571a6970d095876ec09089e67306706b97364f3079bcf26d80bac71f5 0
6bb8d37f8f97ef7a96f6adb2ccae7a64866b347b7730d5a738b23ecabb31ef56 0
df8feb86bdbf741e0e7c2df63dddfcf8d45a79960fa61d75825d774292fd96d0 0
41d5006863eb753044b8938fb067a8f5cb2aa773bb9128f9f12f27fdb70fefca 0
ce4fd72a2a10fe12d6a6dc0a03ac1cce965d83e2eedcc98d67d8dc1f815dd5f5 0
f00d6d9322d0e88f9e72e24ca5dc126ed50e23f7a4086434af2178428f379181 0
ea12ebc38823b20bd05919ed7ea59d06e10e87ba86505d91c37d6385e0ddba9b 1
f191b7d624c6c2f43b1e817197201641a54024dbb6d0ec76e5d054af33368093 0
c0f184b9ff2cc53fac7e7f6f11cc3f0c079c91f30aee3f7feb88a4d467f5c50a 0
2a6f8ebb87c2fded7dfc0e2905dd772babfc6c8944c8431cc1bdadfb24248989 1
1d01ae8db1c474c14ba0a97c7f336a63a22f040e485b8a3a3a693b8bc20e94b8 0
9fee59a2dee455e97b5301c9e4c0c538856e05c576b8a1fa2425c4545a732118 0
67b6a86ad4bec7e0665d450472eba055c1b9f00c173117f677db50b5ade097df 1
5c2a654d798b3622432a6e90a46310dc4d9ed1ff9a02c6b93809bd4e56d5c610 0
b8e7715ae7c4426a3336fff1aeab7862f6771ddc916d146f0f805ba33831b61e 1
c27307d1cb017b668b4aca7f1710e26aca4b04887688bcb6838974b8f4625cce 0
0c46e1e5829b40de33445df6ecc07a2319ac77ec5de3c0e7185845773d65ed4f 1
e5ab784e7f2464cae21cef30972dace2d38260b6edee1713b19f32a98a3bc8ca 0
1fbe5464134c778ecb50c9fa94f1c5948143da5a68e7d063fb3c4dd7601fe50d 1
cd28e978066d968922fd31540150e923c780a14d563941b1d94ae9e9746148ac 0
f51a195a2089c173d72a83443a63b32237b05a8d91dee2fc937928c692651b98 0
257806fdeb23ae6a2180b7854b465a6b739653b0f93d6863cce785436902c333 0
419c6cf298ba8ec851cc1abfaf569ed367bbb5ef55de614ba9d81897b90b266e 1
fef6df80e07f1ed203c5a4fb4edf19ff008ad5b1036a69a88c42eb10f972b6f3 0
517c5ecef47ce6648cb737e8c51be4231ce62769556e757aacec3f7d3aa140f3 0
361214e139957ce710d12e729e61eb79b667431e94921d781c0d11d014f5d73e 0
1f5c49ca16c7c8f84f65fe5ec7f1ee5d01c913d4165c7fb8b78279d766d5664d 0
9afcce829b88579c09ad2f4750e75731250816b61c8bec4f734bc960d5883e97 0
c75f25a6ea0ededada2163d6a3ba741f9a36ca091a81f171220dfca944bbdee0 1
d9d8fd87dd9645d729c7a0a8dc163e0e626281a72a4bc6f78d8eec97bb14d754 0
9d0e5ccc5b5ff50c877eb6fd63ed7413a3585b66b81bd99ace1ac76d38812fff 0
34184c0c9f03970ed8b7ef5f8cba4e050ca138f747b4bd3bcc72740f4d235495 0
88b776f5d5db309a8fe3475ca5e14a7d7333ac4e355a3fef6f14aaeaaf23d636 0
30b24a342567d5a45516a4e1a15a05a18606b95db305d4399a251da0b96423de 1
37a6528b50a521bbddb313784b53d0fffaacd529551871ed063d3f1c1cd3dc9b 0
122307ff5a99a4f2cda50d1cce868e3481deb56f947eec1dc50d192534c9abe4 0
939a43a0da1720fd7afdf330c029b96740676fc5757431c238e9eaac05d374b8 1
f29fc565cf1b3762c59f17bbd184c45b44de802389ee3e600a0b1e1aa3fa610e 1
4c8a212780a628257357d7ecb80b2ccfb2d660c9808967b716f12de87d437669 0
89d889825c8431d3049d1128f770d7d9cd0fad07b0c2c6ed541ec454f1136e4b 1
f7e1d3de3deae312dbb0dd60f964244e6c49ace883137ae182511c7fcdbb2ae0 0
94a2a727c22800064f1dcb223b6bf3c4dd77c73db649a74f8ab8f5345544971c 0
98efcae6352c402e20f3ea458a7b16c218f4f3dc07a05d75519671c7305f0560 1
fcf46eb50c7ac64e17186123a3c77732b67d2db44b39089610ae5c2032cdca4f 0
4a2041cc238802c7e9b0711c779845fcbd58d0e92aa1b1531dcfc4e15cc4d4c1 1
f17b0e6eb0bd0963568224db1a46120597032b902dc6659d399a99d108cd3204 0
1aa9d3335e919874aff1709cb2758b5180405920b18c530e42ecaf48781aa76d 1
0ed1ea597b657fd5a61afcfe7534c54efd3bd96b8f157ae27e7f95a987198309 0
90f84e9d8a7e8df96a1e83a05dcf604399b4fd93bfac9584030eab2c75f0c4fb 0
0151865a7ffb645e7a592ef78ab552fc31d5202bf0045a498a0eb90e8ca04d1c 1
6f2f0a864eecde4498e48fc5fedf8c36aa1940aff071094aa834d3a0f2dc4051 1
651cf67994932108fd94fdcd4a811e7ebac557e3a13b38bf28060209ea8d98ce 0
130d89fd1fb87eb7a9e439916831efdc290c5e97dc46c7b966d8ac6257108d50 1
0b74d663eec9c432fd4f1de76cb15f57aac7052bf735896a072f52460f5413e7 0
fbd9569e07785c0e538d37f4433d2f61cd42b3ca82459f63d18ac79a704f570b 1
25cfc049832039914bf6f866fa24e8b6bacd5d67e7304206f1cee2274f992df0 1
477b085cda9e9851cf3ea8b7553061ffc2f0d06e93732885e55d32603563f329 0
021fbb6e10b5eee2e21bd4ed9cdad3c891b7b1dec2b1093f09694cf7db980cce 1
27b93afd2fa89544d02a37f0c1f2cc15d181a87d4121dce81c56ca10df2e7015 1
692c7d44be816832510eb232c12c8982a940be0dd965b6949f656f856c01effc 0
268c55d6c0cee2bdbc27e30d5c3088906256f25c2de8e697012fe84a7dd75842 1
2475f4423a8058c47ec5b1fa08efee4ac9692ff68e83594c1a48b83e8acbe816 0
50e936962971ac74f8d1d49beb2fbae285c3d53f0635343acbc229289d501956 1
a446530abdcca80524518fc585f1c1aae8b9e40183849d63e6e9cd59e4abcf52 0
9d34d9920f6947d5ef4935395e628d928c90627465fd3d79f044e163462f289e 1
f01d0962b8f34b52174d0075a48f20116d0a9293ac0e6f6a233726d86bef84d4 0
e43a4bdcd964bb697ca4c678c97a36690044be564df78545656ead7258de6e44 0
73b0583e9c42e7dfeaaa9c20dff84b307eb47f90336605b3b3ae7eedfa0bca7d 0
4548e598164e095d1caed282f9a6a787bac11d20d38ea04e175f8595ec8d19c6 0
312622220bc41fea919f728d198e45157c238c0ad6e068d3e5ee9623f2bc84d6 1
468497b2ab55dbc82553d7425e5ef194854a5eb38f7275b141917695b04ea676 0
b4ebbc368973835ed6611e06c8735bf619fefde60306581944ca2c5721f505d1 0
abc84a955c8bd6cec9cb87fb14e4bd45250f590faa45d40a67073a9f6c5ec11c 0
0f5b5f585ac2aa590d01409e68fd3ecf8c34878b61bd609e5d9e6469484ebd60 0
01066fa503748fdb16469ee1ea4b746019534b19e9e8d8208f07d0ce4c40fd59 0
d44ea83727c50ca10867e60142dc921773b2fefb983d17eaa39bae7ccc27e37e 0
2992dd7863542ff594b2723fdda2581d7968201f9619a69f8afd9bef2206393a 1
ee4363800961dd9841387d499d77416a0a10e46789a394ba2ee1d3140909967d 0
ad17ed5bce1df56b48af7bcf0c75d1d79a8f1a3eab81af6b62c9425e3ab09cb3 0
adf3cccaae1e6097a6f2519fb8014f8c79085f54f5d29f4ea7346297de748eb9 0
b45ff31f61c7964db45d9ea3a323c7cb0fecf9126d5fd0bd5caec96ab0ee56a2 0
b09a14b34a333c6cd0effa65c13ffc7467856e4872bd11cdb8e464f990f6251f 0
88a75defbba0d91e12a0a191440a4c807df7f065b4bce4c2e69c09ff62e92ccc 1
4429ada9718a5aabcaa42779aff9660029b0e5b60222b355d42ee18e338bcceb 0
6b5f5651b323052ef388d9ae27fc95ee998519a47576af835b8c8c72c9678b84 0
aa236dba4031be3b1196190fd9aaccbb7b256bf0b2bcc55f687f894bf1808fef 0
5de3f495818df85e88218f31f5b65ec28d2c116f8c7c75533d33e362d35a8190 1
69a72e4a0d895b5c677e7e4b8cc78d241407da7e2ee05ff419f3f372a4740bd2 0
36e719dd88996a605b63b0a87c495e1d6ae3147cd42cc747f3732714797c1da0 0
030bb88cfdcb2ef42f4bbeaab6077d7c6e32e394b3fc45c2c0cfa0b96f35a09e 1
974d511f215986788092f9c3ca306a16263eb182d0d5e631bc904efe6ab2fbf5 0
1bd68a459c5c900e073f5874baeefc3f410673f032962bcdcb4b3f4ccb32daca 0
f61aa9dac8771b8855ca4a0f8ba7801bc2cc82e71824ffd540fadf521697474b 0
37f47333c58207fc79eb25eab9ccb2663b7a3f6f40cea19a15bf2b522c67017f 0
1abb25ddb60d8b7934089339976e9838ca2d6c93ecb397b0e3749454ab0ff39c 0
6109199e30f5f7a2a9425eed76d3f26475551b8dc989900beaff66f16cb0fbbf 1
89b36e77f9a6b6532dfb03a7a8e8e4bc64fd3605f2d1c4744db498136ad4deeb 0
c515e05f45201b060ac06bcd70dedc9f537f20d65a1bb7849547f5a78842791c 0
249b67c919a7dc42e142df861b456f74ee6095060494ae1e0f5c22339380bc76 0
338059f2cb790e12dd30d6bad777f9a9a53a92cbbc5aa312a76793f2e4543bc3 0
73238149e10b25df3831b8688e48386db31caa7c6233e57a993943b24d3e3385 0
d705951903a5a5a667707fd0c27bfcc41deffb56ad0d01af62df800a582dee7a 1
9d1fbb797dba970a14875119d3d63debb69d992aa496b3c6970443bf21fa628f 0
9eb3f69380060d0ecdeb0009d15997e7ac5708c014a1add9ec301532efa847b7 0
e8e9c7108c45fd7e57e404e429c2efafdd2aae74559a9673ff24cd85f64cb8ae 1
13c80a22b9169f3d8dc57c1b0ec1ca1f10fc5a44e8671c3db33b913138ae2a9b 0
84564fd85f636c93a5447ac9daac94bd21fe4a5f15281b03c16b7d64a463c8ae 1
0ab8bc561a1449e9bacffa4ca051539490d2e5b548b70e228bdd7abdeebd3f1b 1
1ac8ed8ddb5d2911d61afa98184cb3a77f2bdc63ba205501c4abebe485a17fb1 0
918634e7c317e3bf1da844f02ccc20f5c462a26b7b5451635ed7e1bcceaa1421 0
cb71e0465e7e21e9d33062c1ec882cbedcb6858b723ddb50d2077a5660cefbe1 0
717434edf08c9f8f03a9237aa2d222a9a5b33c01aaf84917e0eee9f6f0593c65 0
248a88903112e48e74506b8556fcb377dda2eaa2dbe5a7f7cbb0a46895e514c4 1
d0a3213b98642e6005bbba7804884c90b6bbad8d3e703c0571801c298c769519 0
e4822d75e600810874e80a2fdb8c52bbe4f7fac9d53b4c8a6de4a801dc562ba5 0
8f7d416c133221957acc8e749d1e6b183ad1b368720ec45aebc04c7c4dc0ffd3 0
e861b27da4d867f447218b5e63f44ab24475da53b9aa9f52476b28a0b07bbad2 1
100fba46454deae59e66c65364654adf56274006cb907e7097f2993db1eaff84 0
98b43a205dbe33c520a4f9e0ebbcc6be8cebab8e6c4630ce6fd5328f4aa9b4e3 1
63dbcf6a429f27b7a6a2ef448eb31dc557b2ac871d93c671f20c2ac1b499d083 0
82a89175190f8cf71a61951887acbf29853f6d385e588060dfd3a2ee03b245af 0
51387cc86f3072af1731354a2db99ecabbc9212593a6a0f43c0f6de36c3f6ae7 0
812668ca1e0fbfdffe2e56783c265cd675711a96d20e57cc4fc7be215d731dbb 1
a499be008da7990c8b3b871c6cb9908f7b0c319145d41ca834b171db19f8477e 1
0b72d9ab6516ea8700076a1f5f0164b6837debf93c20ec3573bc306e9e6e8c0c 0
be4ed69ef22f9b22bb315b996436b693b4f07d3cfabbc279084b8cb3bf5d29e7 1
278791fe466617b546d459dc32c18045d2f287a686ae212c5b4b0572c28dea55 0
f92128744852ffb60ce33499b7a0a8c443d3aa2db4a28064e8ce0d82e0b2ce1f 1
a6da7ed15302df6c30dbc3076cdc5ac582c3dc49bda49607a3c56b3ccff48c5e 0
f8f87774388023832009097f51a74c3f0f9b184727cde7077a36a56ee929dc03 1
dfeb45695e3a11a652d1043d280f8c3fee0914938d27511c7d21cdd730be18f8 0
ac59d9b950db8f119216d541867819b5fcb96f1f228f4980324f5a5b9431497e 0
26c0ba0efda4bbb178fe90725f9bfc2c1ebfc8441fb57b16031f577d4fcd05b6 0
010c28c2fa959f12f070b7811463b8bbc34f81064d48419e4fce19a23e348b6b 0
4c036b30b3f9eb111aa1527b8ccf76862ce9d0b7db48e9edd1830e966264b609 0
97eaef87c1bc9e2af0f5281cfd6fd2c68a854c0d97b9f6aa097e988970e35914 1
59e4bcff068d74c8d32ac906c75a6c67c7209d4b9877a1537cae8f0fbc36b5b8 0
53d3b960c0d7faec5c2ef157d0844b090674ed82b2e19c87a6414121e964ab31 0
85129113a659ea2d2a75ce7882ea5416451d53c02315caa669271b88fb84c37d 0
d636f8f2467d1493608f65916d65a924b69aa3fffb597dc630683a6cd1495a3c 1
bdf683e289f230ba136717f4fc45a9cb815ff62f2b52e1d78dc3bf4d0c733082 0
df4c9aabc8b4e55e927e0ee651a746ecce0a090cbd5c5dff2fcef49f4abfe389 0
9c168dfd5b97401c306dcfb2c84de0ce3e30029af75561bf1859adcf3309a26f 0
5f575b659612b916245eed12ae8a9266ab8c59d096eca0cc42cc2fafa8e4fe94 1
66e3226cb32996bb397f80324cbec109dac236671e402b9e2e886d4057a2649a 0
21da5923fb3b94fae290e95c5d850612bdb3f032411519df4398750598a8e249 0
16260921ac5752be4089583efede304801098b11faeccca5d6131bd2636283a1 1
9d06d63abd28fcd89b4dd449646f4f1b602e55c6eebbd6a1f189712fe4850bfb 0
3e61b2504ecc49cd711f5086d8bf35e4c114cec17ef281c67d523fecdfc1fd41 1
223e88dd88b524769b84ae3e752b76d4b97be07df7a0fe1379fdbccb030c91b3 0
b89a79fd6b3620be0dea8f1e14a94149a0ec42e3a0ebac6129e5953ee9f3eceb 1
6134aaa75a2c0bd38f18ed581217ad40031f3d8ae99a9fc6c319a22bf9232932 0
94b540ea00c14c000d6830778bdef0be9870961fd6a965cd3404992e4c8d5a96 0
9d856fc3837e9c774b3d861264dbaede2b51fefad75c8f9f58d65dc4a05f5910 0
8c0e4b5d9fd84c1a3844011e6bf2c6d72091123372d26b59a2c6204302aa1573 0
92213fadeee56dfe7318475ef6235aed9a14779caa90c8b7c6b32bdb463c69c7 0
96730a12d578f4700ac7bde82a6fa7263441e0ca5454653f9f00e859b9d38681 0
242a5ec06a5f2fe11e96a835ddc7fcc101a94e23d0bcd2b9d2de8def9df43552 1
a6079069ff61551b4c112246d0d622593c94855a190dc28260e3a8461e6ecac4 0
6b7e5c2cc960d67ef4ec42c51042ef8a73b6249acfe6073d99bb13c8b2a260c9 0
587dff09b571cae9f66239497f58ca7239e07f45895c71d1932d281edfd7de2a 0
6a2d2ecb6578ef210b7be6db966518cc4e72e3986f85829031e248f023769222 1
a49d60a1bd5865f85ad13d037a985ecfd3fe4d853d4f22776d1564cf63e0d005 0
6c95482125558ded8aa674537d7a1221b81d2cf485e419311dde28e8ec9ea77a 1
0d311547b6c1c8299ceaf93c833404dfc568101385a74af635a9cb9184a33c3f 0
3bc78e2697a6b49715896f3793a2b4a3ecf8c032963b8ea947d1bb4d5509fe6d 0
0c68210e3c9b0eab3183646a688b99deb4565bf694633f48e631c05ce4d377c9 1
ce896b806aece51e1eece7abf2ba5d3c7178226c0b4673c59859df3cdb20b142 0
818d9ae29c4f25d7b3337abdd4f2f4f905b756870da77524b1ccbb7a53685ab5 0
1eb0f96a178e57bdf59da2197d47c086e54bd66ca8e3f600e3a48f6c3117ae02 1
f3da45b662e765adacc35a52c10c722d0bac2bce411f52f3c3f432fdaf9f3ae8 0
c8d5aa3aa13464ff349ecdbba6279c7ed23178f2b5109403e81aa2adda86be85 0
e0e26196d0152f5feac5c0e488635f00857d5dcd8eede11c38def85e3b6620e5 1
19f8b06700fbce7512c77e5b8f0ce79cc9278207ff795531d0709a15e14837c2 1
3ddfcea8b1b9d80c793275a909a25660442171ed033973d9651534550e8c1ae6 0
aeadadd1fc0f3a20ed0d800116c9cfd4094af150c4bbd3fcc7d5f10245e3b847 0
62f17a01b7081e0fcb727da00d0382fabc4a5319d073a72756875f21f51a49e0 1
460cdb815cd071d5222f32872a45791d257fef03b9ac8d81d41d0f917292c19f 0
0708a00139ddf88638d5cc3ca0af9564c46f036e6f7b94a3389c52f301184dd2 0
c156c72714f9d6f5ea29cd881729cfb9a654c25f66d6c3414b457e4b904525ef 1
cb5bb5ffc1785b708e567400f476bfbbf958c3cbfad0568238888fde8cdc2c5e 0
e367e0c27a7fa588c0bc095a0f1d2657eb769611f52cf46d70ddc729d70491cf 0
c945a90d9b49b235470b3c98187c3cb546fe6e12cc985dfebbf83bf4c3e5748e 1
350b32d945fe2f21e8b94ee555fc165de08e2849ef80f703b8535bb0f4b3ed2d 1
ff7fb0044fa950356d33ad2ae15217ea4f8a6a70956638e4e23e529557ce19b4 0
b4b82a075046baa157bd6d238c037849543f9c38d6514afe598c48c09f66bc33 0
38506064cf55c3e28baf3b59bae8e2ea75c9801ea9834da5756e7a3b9abf697d 1
e1ff585e8c295cb1c6aaa00311beca2bf39e3cbe2f8c5162c78b692993e17dc9 0
0abd053b398781fce268de3b2a104c50f3f8f568c6d71979c2aa1622ab643e4c 0
16cc47317c58bd6591adb63f9ab70b0e17761df02710cb6719adf5e38afa759d 1
f4fe91857c4dc404eb54cfb8fb4df90cec292dcb981dbdd600adf69bbeb00ba3 1
95af70ea4ff73cce2cc170c711b0eb308af39eb586fc36b46b157c981c6b7abd 0
bd730edceb5ef73c3a33776dccc9bac5b34929b29055ace1978ae174ca2e113f 0
1bc13c2cd20fc16c82b53a9f475390b8537e7becc6630dce7581fffb2207ab4e 0
f5aa8cae783fd5aeacc6905a5e3830f5b81cfaaade44fb4880d17960be7cd3c7 1
12f03aafae8ce09788cb43543204d590a285498e23b43f94e3b1573033db759d 0
51a0490dc1503155be8c8e18335c03d71724b343760fccf21aec1079d3abe78c 0
6c2f902f8f36af7427881369c147e3f139674a4c501f3bc05ad5a4169287e08b 0
1fd3663e884755b5083a28740400099ceefc7bf05c5a0cb57bc2c9187ebdf7a4 1
7f3c72a267fe76bf3794003c037caf259312de8efa110d108d1abb4cf74f7d43 1
e33374df9d2ec3a0a8eea66773ec9f076e33fb5dde7ea343a8bae4f3e87a43cd 0
a2f8608eeb34afa86f41eb7f0b2f8e4aad9fe5564ddff618cb7a7a6ed100bf94 1
efbe798f4a32d844f8ce039026e307a6a69ae9f384868bfbb638241c257a86b7 0
307c94dae9b0e58bb9691d342eacc9d1fc452d2bf0d6edfa48a07dd50c763be7 0
58db5e7cab863097f5a1c024199b619e3c38ac0c1c6581b9df2bcab22d041ab7 1
