{
  "klDivergence": 0.3477022997278894,
  "top1Accuracy": 0.6064634115790265,
  "sizingTop1Accuracy": 0.7230130962316236,
  "perStreet": {
    "FLOP": {
      "klDivergence": 0.20492035629377278,
      "top1Accuracy": 0.7651666666666667,
      "sampleCount": 6000
    },
    "TURN": {
      "klDivergence": 0.31316844552785583,
      "top1Accuracy": 0.56328,
      "sampleCount": 50000
    },
    "RIVER": {
      "klDivergence": 0.365694320973885,
      "top1Accuracy": 0.6148692412160045,
      "sampleCount": 143585
    }
  },
  "sampleCount": 199585,
  "valLoss": 1.2889191664128008
}